ent,mun,est,pea,ocupados,informales
0,0,1,60.241,97.342,55.064
0,0,2,0.144,0.062,0.245
0,0,3,60.004,97.24,54.661
0,0,4,60.479,97.444,55.467
0,0,5,0.24,0.064,0.445
1,0,1,60.139,96.98,40.9
1,0,2,0.613,0.27,0.923
1,0,3,59.131,96.536,39.383
1,0,4,61.147,97.425,42.418
1,0,5,1.019,0.279,2.256
1,1,1,61.603,96.682,37.588
1,1,2,0.708,1.143,1.134
1,1,3,60.439,94.802,35.723
1,1,4,62.767,98.563,39.452
1,1,5,1.149,1.183,3.016
1,2,1,52.466,98.407,41.089
1,2,2,1.91,3.858,1.659
1,2,3,49.324,92.061,38.361
1,2,4,55.607,98.549,43.817
1,2,5,3.64,3.92,4.037
1,3,1,52.801,99.359,73.801
1,3,2,1.058,1.955,3.828
1,3,3,51.062,96.143,67.504
1,3,4,54.541,99.441,80.098
1,3,5,2.003,1.968,5.187
1,4,1,54.734,96.498,42.629
1,4,2,2.138,3.868,6.748
1,4,3,51.217,90.135,31.53
1,4,4,58.251,96.854,53.729
1,4,5,3.906,4.009,15.829
1,5,1,62.048,96.731,44.086
1,5,2,1.706,2.665,3.053
1,5,3,59.242,92.348,39.063
1,5,4,64.854,96.85,49.108
1,5,5,2.749,2.755,6.926
1,6,1,57.162,97.686,40.269
1,6,2,2.007,3.622,3.668
1,6,3,53.861,91.729,34.235
1,6,4,60.463,97.856,46.303
1,6,5,3.511,3.708,9.11
1,7,1,55.786,97.245,57.849
1,7,2,2.052,3.519,5.843
1,7,3,52.411,91.458,48.238
1,7,4,59.161,97.419,67.46
1,7,5,3.678,3.618,10.101
1,8,1,52.695,99.384,66.858
1,8,2,2.564,4.715,7.405
1,8,3,48.478,91.628,54.678
1,8,4,56.912,99.57,79.038
1,8,5,4.865,4.745,11.075
1,9,1,56.385,98.66,52.335
1,9,2,2.992,5.044,6.627
1,9,3,51.464,90.363,41.435
1,9,4,61.306,98.846,63.235
1,9,5,5.306,5.113,12.662
1,10,1,52.384,99.284,47.254
1,10,2,2.063,3.974,3.4
1,10,3,48.991,92.747,41.661
1,10,4,55.777,99.426,52.847
1,10,5,3.938,4.003,7.196
1,11,1,58.237,97.342,36.806
1,11,2,1.908,3.231,3.455
1,11,3,55.099,92.028,31.123
1,11,4,61.376,97.505,42.489
1,11,5,3.276,3.319,9.388
2,0,1,60.776,98.288,37.755
2,0,2,0.517,0.183,0.851
2,0,3,59.925,97.986,36.354
2,0,4,61.627,98.589,39.155
2,0,5,0.851,0.186,2.255
2,1,1,57.373,97.146,38.752
2,1,2,1.483,2.558,2.495
2,1,3,54.934,92.939,34.647
2,1,4,59.813,97.207,42.856
2,1,5,2.585,2.633,6.44
2,2,1,61.13,98.131,37.666
2,2,2,0.793,1.299,1.202
2,2,3,59.826,95.995,35.689
2,2,4,62.434,98.162,39.643
2,2,5,1.297,1.323,3.191
2,3,1,60.095,99.301,34.468
2,3,2,2.42,4.007,4.969
2,3,3,56.114,92.709,26.294
2,3,4,64.076,99.359,42.641
2,3,5,4.028,4.035,14.417
2,4,1,61.515,98.559,35.679
2,4,2,0.713,1.179,1.214
2,4,3,60.343,96.621,33.683
2,4,4,62.688,98.58,37.676
2,4,5,1.159,1.196,3.402
2,5,1,58.221,98.418,44.158
2,5,2,2.535,4.139,7.571
2,5,3,54.051,91.609,31.704
2,5,4,62.391,98.501,56.611
2,5,5,4.355,4.206,17.146
2,6,1,61.839,98.246,68.248
2,6,2,2.986,4.596,9.624
2,6,3,56.927,90.686,52.417
2,6,4,66.752,98.339,84.078
2,6,5,4.829,4.678,14.102
3,0,1,68.424,97.241,37.762
3,0,2,0.813,0.323,1.33
3,0,3,67.086,96.709,35.575
3,0,4,69.762,97.772,39.949
3,0,5,1.189,0.332,3.521
3,1,1,62.694,97.65,48.768
3,1,2,2.171,3.33,3.502
3,1,3,59.122,92.173,43.007
3,1,4,66.265,97.777,54.528
3,1,5,3.463,3.41,7.181
3,2,1,63.403,97.651,44.786
3,2,2,1.997,2.896,5.004
3,2,3,60.119,92.888,36.555
3,2,4,66.687,97.788,53.016
3,2,5,3.149,2.965,11.173
3,3,1,66.522,97.711,36.678
3,3,2,1.1,1.594,1.33
3,3,3,64.713,95.089,34.49
3,3,4,68.331,97.772,38.866
3,3,5,1.653,1.631,3.627
3,8,1,72.482,96.667,34.555
3,8,2,1.009,1.473,1.662
3,8,3,70.822,94.245,31.821
3,8,4,74.142,99.09,37.288
3,8,5,1.393,1.523,4.809
3,9,1,64.686,98.209,56.056
3,9,2,3.034,4.464,5.933
3,9,3,59.696,90.867,46.298
3,9,4,69.677,98.423,65.815
3,9,5,4.691,4.545,10.584
4,0,1,61.088,98.238,61.565
4,0,2,0.648,0.162,0.949
4,0,3,60.023,97.971,60.004
4,0,4,62.154,98.504,63.126
4,0,5,1.06,0.165,1.541
4,1,1,67.692,98.134,71.63
4,1,2,1.38,2.183,4.509
4,1,3,65.423,94.543,64.214
4,1,4,69.962,98.258,79.046
4,1,5,2.038,2.225,6.295
4,2,1,60.691,98.19,53.451
4,2,2,0.723,1.195,2.463
4,2,3,59.502,96.224,49.4
4,2,4,61.88,98.247,57.501
4,2,5,1.191,1.217,4.607
4,3,1,60.55,97.638,55.175
4,3,2,0.798,1.316,2.247
4,3,3,59.237,95.473,51.479
4,3,4,61.863,99.804,58.871
4,3,5,1.318,1.348,4.073
4,4,1,59.695,99.158,63.544
4,4,2,2.372,3.961,5.256
4,4,3,55.794,92.643,54.898
4,4,4,63.596,99.235,72.189
4,4,5,3.973,3.994,8.272
4,5,1,60.575,98.833,64.459
4,5,2,2.1,3.295,2.613
4,5,3,57.121,93.414,60.161
4,5,4,64.029,98.971,68.758
4,5,5,3.467,3.333,4.054
4,6,1,61.29,98.391,82.716
4,6,2,2.707,4.269,6.249
4,6,3,56.838,91.37,72.437
4,6,4,65.742,98.538,92.995
4,6,5,4.416,4.338,7.555
4,7,1,61.889,98.431,75.142
4,7,2,2.273,3.333,6.087
4,7,3,58.151,92.95,65.13
4,7,4,65.627,98.729,85.153
4,7,5,3.672,3.386,8.1
4,8,1,61.847,99.124,58.903
4,8,2,2.565,4.019,6.489
4,8,3,57.628,92.513,48.23
4,8,4,66.066,99.314,69.577
4,8,5,4.148,4.055,11.016
4,9,1,62.61,98.15,71.48
4,9,2,2.15,3.394,6.314
4,9,3,59.074,92.566,61.094
4,9,4,66.146,98.281,81.865
4,9,5,3.433,3.458,8.833
4,10,1,62.149,99.092,84.606
4,10,2,2.624,4.084,4.562
4,10,3,57.833,92.374,77.102
4,10,4,66.466,99.22,92.109
4,10,5,4.222,4.122,5.392
4,11,1,56.88,99.357,89.108
4,11,2,1.711,2.897,3.697
4,11,3,54.066,94.592,83.027
4,11,4,59.694,99.447,95.19
4,11,5,3.008,2.915,4.149
4,12,1,62.957,98.324,54.019
4,12,2,2.99,4.526,9.734
4,12,3,58.038,90.88,38.007
4,12,4,67.876,98.554,70.03
4,12,5,4.75,4.603,18.02
5,0,1,60.964,96.372,34.573
5,0,2,0.537,0.274,0.788
5,0,3,60.08,95.921,33.276
5,0,4,61.847,96.822,35.87
5,0,5,0.881,0.284,2.281
5,1,1,56.247,98.818,71.751
5,1,2,3.013,5.095,10.393
5,1,3,51.291,90.437,54.656
5,1,4,61.202,99.427,88.846
5,1,5,5.356,5.156,14.485
5,2,1,64.785,95.76,32.672
5,2,2,2.394,3.517,4.801
5,2,3,60.848,89.975,24.775
5,2,4,68.723,95.877,40.568
5,2,5,3.695,3.673,14.695
5,3,1,58.481,96.718,32.952
5,3,2,2.194,3.555,3.378
5,3,3,54.872,90.871,27.396
5,3,4,62.091,96.999,38.508
5,3,5,3.752,3.676,10.251
5,4,1,56.102,97.719,45.35
5,4,2,2.077,3.698,4.806
5,4,3,52.686,91.637,37.445
5,4,4,59.518,97.929,53.255
5,4,5,3.702,3.784,10.597
5,5,1,57.153,98.787,69.245
5,5,2,2.981,4.957,10.121
5,5,3,52.251,90.634,52.598
5,5,4,62.056,99.323,85.893
5,5,5,5.215,5.017,14.616
5,6,1,55.471,99.438,26.292
5,6,2,2.501,4.387,6.349
5,6,3,51.356,92.221,15.849
5,6,4,59.585,99.54,36.734
5,6,5,4.509,4.412,24.147
5,7,1,58.802,98.362,57.915
5,7,2,2.967,4.791,9.767
5,7,3,53.921,90.482,41.85
5,7,4,63.683,98.623,73.98
5,7,5,5.047,4.871,16.864
5,8,1,52.477,98.953,59.536
5,8,2,2.656,4.892,7.645
5,8,3,48.108,90.907,46.961
5,8,4,56.847,99.351,72.111
5,8,5,5.062,4.944,12.841
5,9,1,59.193,98.069,50.71
5,9,2,2.973,4.766,9.667
5,9,3,54.303,90.228,34.809
5,9,4,64.083,98.204,66.611
5,9,5,5.023,4.86,19.063
5,10,1,60.002,95.301,36.326
5,10,2,2.114,2.927,4.913
5,10,3,56.524,90.486,28.245
5,10,4,63.479,95.48,44.407
5,10,5,3.524,3.072,13.524
5,11,1,58.345,98.768,42.29
5,11,2,2.574,4.275,6.435
5,11,3,54.111,91.736,31.705
5,11,4,62.578,98.999,52.875
5,11,5,4.411,4.329,15.217
5,12,1,58.977,98.922,70.144
5,12,2,3.063,4.946,9.934
5,12,3,53.939,90.787,53.804
5,12,4,64.016,99.407,86.484
5,12,5,5.193,5,14.162
5,13,1,58.93,98.62,78.682
5,13,2,2.964,4.779,9.827
5,13,3,54.054,90.76,62.518
5,13,4,63.806,99.202,94.846
5,13,5,5.03,4.845,12.489
5,14,1,56.922,98.52,54.349
5,14,2,2.593,4.416,6.728
5,14,3,52.658,91.257,43.282
5,14,4,61.187,98.804,65.416
5,14,5,4.555,4.482,12.38
5,15,1,58.062,98.416,69.927
5,15,2,2.971,4.859,9.986
5,15,3,53.175,90.423,53.502
5,15,4,62.949,99.05,86.353
5,15,5,5.117,4.937,14.28
5,16,1,59.661,98.384,68.865
5,16,2,3.022,4.815,9.769
5,16,3,54.691,90.464,52.796
5,16,4,64.632,98.979,84.934
5,16,5,5.065,4.894,14.186
5,17,1,60.196,97.108,41.118
5,17,2,1.672,2.492,2.379
5,17,3,57.447,93.009,37.205
5,17,4,62.945,97.224,45.032
5,17,5,2.777,2.566,5.786
5,18,1,58.772,97.668,31.224
5,18,2,1.584,2.789,3.49
5,18,3,56.167,93.08,25.483
5,18,4,61.376,97.742,36.964
5,18,5,2.695,2.856,11.178
5,19,1,58.555,98.158,55.206
5,19,2,2.97,4.815,9.848
5,19,3,53.669,90.238,39.009
5,19,4,63.441,98.5,71.404
5,19,5,5.073,4.905,17.838
5,20,1,53.726,99.217,39.932
5,20,2,1.992,4.208,2.98
5,20,3,50.449,92.296,35.03
5,20,4,57.002,99.298,44.833
5,20,5,3.708,4.241,7.463
5,21,1,58.143,97.948,65.235
5,21,2,2.974,4.854,9.973
5,21,3,53.251,89.963,48.831
5,21,4,63.035,98.338,81.639
5,21,5,5.115,4.956,15.288
5,22,1,55.978,100,40.333
5,22,2,2.028,3.959,8.302
5,22,3,52.642,93.488,26.677
5,22,4,59.314,100,53.989
5,22,5,3.623,3.959,20.585
5,23,1,55.485,99.697,64.326
5,23,2,0.335,2.314,10.249
5,23,3,54.933,95.891,47.468
5,23,4,56.036,99.814,81.184
5,23,5,0.604,2.321,15.933
5,24,1,65.945,96.038,40.049
5,24,2,1.873,2.91,4.947
5,24,3,62.864,91.251,31.911
5,24,4,69.027,96.249,48.187
5,24,5,2.841,3.03,12.354
5,25,1,62.058,97.194,34.373
5,25,2,2.288,3.647,4.286
5,25,3,58.295,91.196,27.322
5,25,4,65.821,97.287,41.423
5,25,5,3.686,3.752,12.47
5,26,1,55.808,98.483,59.508
5,26,2,2.997,5.104,10.342
5,26,3,50.877,90.088,42.497
5,26,4,60.738,98.95,76.519
5,26,5,5.371,5.182,17.379
5,27,1,64.797,98.025,26.126
5,27,2,1.779,2.699,3.368
5,27,3,61.87,93.585,20.586
5,27,4,67.723,98.116,31.667
5,27,5,2.746,2.753,12.892
5,28,1,59.956,95.593,33.763
5,28,2,1.72,2.229,5.383
5,28,3,57.127,91.928,24.909
5,28,4,62.784,99.259,42.617
5,28,5,2.868,2.331,15.944
5,29,1,58.147,98.764,55.48
5,29,2,2.682,4.457,6.961
5,29,3,53.735,91.433,44.03
5,29,4,62.559,99.219,66.93
5,29,5,4.613,4.513,12.547
5,30,1,60.405,95.531,27.339
5,30,2,0.775,1.267,1.362
5,30,3,59.13,93.446,25.099
5,30,4,61.68,97.615,29.579
5,30,5,1.284,1.327,4.981
5,31,1,56.711,98.756,54.158
5,31,2,2.793,4.739,4.862
5,31,3,52.118,90.961,46.16
5,31,4,61.305,98.92,62.156
5,31,5,4.924,4.799,8.978
5,32,1,59.83,96.633,38.854
5,32,2,2.677,4.347,6.555
5,32,3,55.427,89.483,28.071
5,32,4,64.234,96.838,49.636
5,32,5,4.474,4.498,16.872
5,33,1,59.551,96.272,46.696
5,33,2,0.183,0.108,5.352
5,33,3,59.25,96.094,37.893
5,33,4,59.851,96.45,55.499
5,33,5,0.307,0.112,11.461
5,34,1,66.208,98.141,50.057
5,34,2,3.085,4.433,8.86
5,34,3,61.135,90.849,35.483
5,34,4,71.282,98.497,64.631
5,34,5,4.659,4.517,17.701
5,35,1,63.051,95.644,36.453
5,35,2,0.833,1.282,1.218
5,35,3,61.682,93.536,34.449
5,35,4,64.42,97.753,38.456
5,35,5,1.32,1.34,3.342
5,36,1,56.212,98.331,57.606
5,36,2,2.987,5.047,10.206
5,36,3,51.299,90.03,40.818
5,36,4,61.125,98.546,74.394
5,36,5,5.313,5.132,17.718
5,37,1,60.286,98.242,62.05
5,37,2,2.986,4.704,9.571
5,37,3,55.375,90.505,46.307
5,37,4,65.198,98.613,77.792
5,37,5,4.953,4.788,15.424
5,38,1,59.18,98.295,56.81
5,38,2,2.981,4.783,9.704
5,38,3,54.277,90.427,40.848
5,38,4,64.084,98.555,72.772
5,38,5,5.038,4.866,17.082
6,0,1,66.248,97.865,48.578
6,0,2,0.643,0.239,1.068
6,0,3,65.191,97.471,46.822
6,0,4,67.306,98.259,50.334
6,0,5,0.97,0.245,2.198
6,1,1,65.779,98.087,63.944
6,1,2,1.747,2.806,4.714
6,1,3,62.905,93.471,56.191
6,1,4,68.653,98.27,71.698
6,1,5,2.656,2.861,7.372
6,2,1,63.452,98.122,44.764
6,2,2,1.281,2.004,2.126
6,2,3,61.345,94.825,41.268
6,2,4,65.559,98.198,48.261
6,2,5,2.019,2.042,4.749
6,3,1,61.471,98.171,64.872
6,3,2,3.038,4.701,9.825
6,3,3,56.474,90.438,48.71
6,3,4,66.467,98.375,81.033
6,3,5,4.941,4.789,15.146
6,4,1,64.311,98.575,59.649
6,4,2,1.547,2.635,6.78
6,4,3,61.767,94.24,48.497
6,4,4,66.855,98.755,70.8
6,4,5,2.405,2.673,11.366
6,5,1,63.692,97.617,53.966
6,5,2,2.633,3.994,6.272
6,5,3,59.361,91.048,43.649
6,5,4,68.023,97.809,64.283
6,5,5,4.134,4.091,11.622
6,6,1,63.998,97.674,83.368
6,6,2,2.707,4.049,5.864
6,6,3,59.546,91.013,73.722
6,6,4,68.451,98.1,93.013
6,6,5,4.229,4.146,7.034
6,7,1,68.167,97.984,44.048
6,7,2,1.304,1.895,2.905
6,7,3,66.022,94.867,39.27
6,7,4,70.312,98.055,48.826
6,7,5,1.913,1.934,6.595
6,8,1,65.561,100,52.435
6,8,2,2.482,1.236,4.905
6,8,3,61.479,97.967,44.367
6,8,4,69.643,100,60.503
6,8,5,3.785,1.236,9.354
6,9,1,67.736,97.663,57.149
6,9,2,1.404,2.077,2.996
6,9,3,65.426,94.247,52.22
6,9,4,70.046,97.763,62.077
6,9,5,2.073,2.127,5.243
6,10,1,67.446,97.36,42.995
6,10,2,1.077,1.595,1.909
6,10,3,65.675,94.738,39.855
6,10,4,69.217,99.983,46.136
6,10,5,1.596,1.638,4.44
7,0,1,56.641,97.512,73.893
7,0,2,0.677,0.252,1.293
7,0,3,55.528,97.098,71.766
7,0,4,57.754,97.926,76.02
7,0,5,1.195,0.258,1.75
7,1,1,57.778,98.503,74.645
7,1,2,2.938,4.822,6.337
7,1,3,52.945,90.571,64.222
7,1,4,62.611,98.727,85.068
7,1,5,5.086,4.895,8.489
7,2,1,59.14,97.817,79.398
7,2,2,2.92,4.67,9.533
7,2,3,54.337,90.134,63.717
7,2,4,63.942,98.061,95.078
7,2,5,4.937,4.775,12.007
7,3,1,55.145,98.545,73.821
7,3,2,2.933,5.044,10.077
7,3,3,50.32,90.248,57.246
7,3,4,59.969,98.726,90.397
7,3,5,5.319,5.119,13.651
7,4,1,55.409,99.013,88.424
7,4,2,2.409,4.214,6.377
7,4,3,51.446,92.083,77.935
7,4,4,59.372,99.149,98.913
7,4,5,4.348,4.256,7.212
7,5,1,54.282,98.666,98.118
7,5,2,2.919,5.104,10.538
7,5,3,49.48,90.271,80.785
7,5,4,59.084,98.857,98.348
7,5,5,5.378,5.173,10.74
7,6,1,51.421,97.328,77.131
7,6,2,2.528,4.762,6.908
7,6,3,47.263,89.495,65.768
7,6,4,55.579,97.573,88.494
7,6,5,4.916,4.893,8.956
7,7,1,64.416,97.94,100
7,7,2,2.981,4.386,8.603
7,7,3,59.514,90.725,85.849
7,7,4,69.319,98.257,100
7,7,5,4.627,4.478,8.603
7,8,1,60.285,98.174,83.942
7,8,2,2.929,4.603,9.38
7,8,3,55.466,90.603,68.514
7,8,4,65.103,98.359,99.37
7,8,5,4.859,4.689,11.174
7,9,1,54.733,97.434,62.321
7,9,2,2.433,4.318,6.244
7,9,3,50.731,90.332,52.051
7,9,4,58.736,97.628,72.592
7,9,5,4.446,4.432,10.019
7,10,1,48.53,98.882,99.676
7,10,2,2.578,5.144,7.962
7,10,3,44.29,90.421,86.58
7,10,4,52.771,99.195,99.826
7,10,5,5.312,5.202,7.987
7,11,1,51.408,98.649,100
7,11,2,2.886,5.326,10.994
7,11,3,46.661,89.889,81.917
7,11,4,56.155,98.861,100
7,11,5,5.614,5.399,10.994
7,12,1,59.734,97.619,70.71
7,12,2,2.948,4.669,9.366
7,12,3,54.885,89.94,55.304
7,12,4,64.583,97.768,86.115
7,12,5,4.935,4.783,13.245
7,13,1,56.061,98.588,83.013
7,13,2,2.352,4.11,2.567
7,13,3,52.192,91.828,78.79
7,13,4,59.93,98.755,87.236
7,13,5,4.196,4.169,3.093
7,14,1,52.499,98.992,100
7,14,2,2.955,5.353,10.782
7,14,3,47.638,90.186,82.266
7,14,4,57.359,99.163,100
7,14,5,5.629,5.408,10.782
7,15,1,55.131,98.801,76.296
7,15,2,2.397,4.228,6.134
7,15,3,51.189,91.846,66.206
7,15,4,59.073,98.924,86.386
7,15,5,4.347,4.28,8.04
7,16,1,53.272,96.703,81.929
7,16,2,1.811,3.642,3.875
7,16,3,50.293,90.713,75.555
7,16,4,56.252,97.041,88.304
7,16,5,3.4,3.766,4.73
7,17,1,62.56,98.205,64.227
7,17,2,2.342,3.638,5.142
7,17,3,58.709,92.22,55.769
7,17,4,66.412,98.312,72.685
7,17,5,3.743,3.705,8.006
7,18,1,55.313,98.729,97.83
7,18,2,2.9,4.975,10.291
7,18,3,50.542,90.546,80.902
7,18,4,60.084,99.005,98.201
7,18,5,5.244,5.039,10.519
7,19,1,61.545,98.744,70.58
7,19,2,2.036,3.032,6.403
7,19,3,58.197,93.756,60.048
7,19,4,64.893,98.81,81.112
7,19,5,3.308,3.071,9.072
7,20,1,56.476,97.97,86.162
7,20,2,2.906,4.869,10.067
7,20,3,51.697,89.962,69.604
7,20,4,61.255,98.131,86.594
7,20,5,5.145,4.97,11.683
7,21,1,55.693,98.201,82.614
7,21,2,2.915,4.958,10.1
7,21,3,50.898,90.047,66.002
7,21,4,60.488,98.423,99.227
7,21,5,5.234,5.048,12.225
7,22,1,53.529,99.409,100
7,22,2,2.991,5.325,10.073
7,22,3,48.609,90.65,83.431
7,22,4,58.448,99.548,100
7,22,5,5.588,5.357,10.073
7,23,1,47.096,98.85,100
7,23,2,2.301,4.768,7.001
7,23,3,43.311,91.008,88.484
7,23,4,50.882,98.949,100
7,23,5,4.887,4.823,7.001
7,24,1,51.255,100,100
7,24,2,3.084,5.707,10.052
7,24,3,46.182,90.613,83.466
7,24,4,56.328,100,100
7,24,5,6.017,5.707,10.052
7,25,1,54.189,98.52,91.524
7,25,2,2.901,5.076,10.479
7,25,3,49.417,90.171,74.288
7,25,4,58.961,98.86,92.397
7,25,5,5.354,5.152,11.449
7,26,1,51.984,99.773,100
7,26,2,3.005,5.517,10.64
7,26,3,47.042,90.699,82.5
7,26,4,56.926,99.83,100
7,26,5,5.78,5.53,10.64
7,27,1,58.342,96.705,55.614
7,27,2,2.015,3.444,3.37
7,27,3,55.028,91.04,50.071
7,27,4,61.656,96.839,61.157
7,27,5,3.453,3.561,6.059
7,28,1,58.613,97.761,87.706
7,28,2,2.904,4.685,9.739
7,28,3,53.836,90.054,71.686
7,28,4,63.389,98.194,88.787
7,28,5,4.955,4.793,11.104
7,29,1,59.356,98.192,84.231
7,29,2,2.92,4.659,9.558
7,29,3,54.553,90.529,68.51
7,29,4,64.158,98.609,99.953
7,29,5,4.919,4.745,11.347
7,30,1,55.26,98.324,93.578
7,30,2,2.899,4.971,10.321
7,30,3,50.492,90.148,76.601
7,30,4,60.029,98.496,93.924
7,30,5,5.246,5.055,11.029
7,31,1,53.534,99.247,75.893
7,31,2,3.018,5.367,5.873
7,31,3,48.571,90.418,66.233
7,31,4,58.498,99.312,85.553
7,31,5,5.637,5.408,7.738
7,32,1,55.562,97.757,79.204
7,32,2,2.715,4.62,7.874
7,32,3,51.096,90.157,66.253
7,32,4,60.029,97.972,92.156
7,32,5,4.887,4.726,9.941
7,33,1,53.862,98.387,100
7,33,2,2.909,5.12,10.571
7,33,3,49.078,89.965,82.612
7,33,4,58.646,98.756,100
7,33,5,5.4,5.204,10.571
7,34,1,51.435,96.363,91.878
7,34,2,0.685,0.362,5.044
7,34,3,50.309,95.767,83.582
7,34,4,52.561,96.958,92.152
7,34,5,1.331,0.376,5.49
7,35,1,54.276,98.255,75.585
7,35,2,2.934,5.123,10.284
7,35,3,49.45,89.828,58.669
7,35,4,59.103,98.526,92.5
7,35,5,5.406,5.214,13.606
7,36,1,54.315,98.355,100
7,36,2,2.884,5.031,10.329
7,36,3,49.57,90.079,83.01
7,36,4,59.059,98.72,100
7,36,5,5.31,5.116,10.329
7,37,1,56.231,97.865,71.072
7,37,2,2.936,4.941,9.906
7,37,3,51.402,89.737,54.777
7,37,4,61.06,98.054,87.366
7,37,5,5.221,5.049,13.938
7,38,1,50.397,99.05,99.602
7,38,2,2.919,5.506,11.295
7,38,3,45.596,89.994,81.024
7,38,4,55.198,99.221,99.708
7,38,5,5.792,5.559,11.34
7,39,1,53.862,98.596,98.305
7,39,2,2.914,5.133,10.63
7,39,3,49.069,90.153,80.82
7,39,4,58.654,98.782,98.511
7,39,5,5.41,5.206,10.813
7,40,1,60.312,96.7,62.199
7,40,2,2.504,4.187,5.986
7,40,3,56.194,89.812,52.353
7,40,4,64.43,96.889,72.045
7,40,5,4.151,4.33,9.624
7,41,1,52.929,99.143,92.67
7,41,2,2.396,4.395,6.526
7,41,3,48.988,91.915,81.935
7,41,4,56.87,99.252,93.001
7,41,5,4.527,4.433,7.042
7,42,1,54.161,98.592,96.824
7,42,2,2.905,5.087,10.498
7,42,3,49.383,90.224,79.557
7,42,4,58.939,98.873,97.262
7,42,5,5.363,5.16,10.842
7,43,1,55.715,98.295,81.827
7,43,2,2.921,4.967,10.077
7,43,3,50.911,90.125,65.253
7,43,4,60.52,98.599,98.402
7,43,5,5.242,5.053,12.314
7,44,1,56.305,97.835,89.699
7,44,2,2.915,4.9,10.142
7,44,3,51.51,89.775,73.017
7,44,4,61.1,98.053,90.191
7,44,5,5.178,5.008,11.306
7,45,1,55.46,97.587,87.455
7,45,2,2.909,4.96,10.256
7,45,3,50.675,89.429,70.585
7,45,4,60.245,98.058,88.598
7,45,5,5.246,5.082,11.728
7,46,1,57.695,99.327,78.611
7,46,2,1.42,2.435,5.574
7,46,3,55.36,95.323,69.443
7,46,4,60.03,99.423,87.779
7,46,5,2.461,2.451,7.09
7,47,1,55.704,99.235,92.01
7,47,2,2.968,5.07,10.181
7,47,3,50.822,90.896,75.265
7,47,4,60.585,99.381,92.513
7,47,5,5.328,5.109,11.065
7,48,1,55.889,98.045,73.831
7,48,2,2.925,4.955,9.994
7,48,3,51.078,89.894,57.393
7,48,4,60.701,98.276,90.268
7,48,5,5.234,5.054,13.536
7,49,1,53.317,99.615,99.885
7,49,2,2.984,5.337,10.686
7,49,3,48.408,90.836,82.308
7,49,4,58.226,99.709,99.932
7,49,5,5.598,5.358,10.699
7,50,1,54.091,97.622,95.563
7,50,2,2.883,5.038,10.681
7,50,3,49.349,89.336,77.994
7,50,4,58.833,98.118,96.266
7,50,5,5.33,5.16,11.177
7,51,1,57.148,98.237,74.02
7,51,2,2.931,4.858,9.749
7,51,3,52.327,90.246,57.985
7,51,4,61.969,98.39,90.055
7,51,5,5.129,4.946,13.17
7,52,1,51.181,99.984,87.994
7,52,2,2.539,4.805,7.837
7,52,3,47.005,92.081,75.103
7,52,4,55.357,99.992,88.252
7,52,5,4.96,4.806,8.907
7,53,1,48.572,99.681,100
7,53,2,2.907,5.699,11.353
7,53,3,43.79,90.306,81.326
7,53,4,53.353,99.825,100
7,53,5,5.985,5.718,11.353
7,54,1,57.542,98.71,71.74
7,54,2,2.463,4.151,6.09
7,54,3,53.492,91.882,61.723
7,54,4,61.593,98.872,81.758
7,54,5,4.28,4.205,8.489
7,55,1,53.832,97.828,89.492
7,55,2,2.91,5.116,10.537
7,55,3,49.046,89.414,72.16
7,55,4,58.619,98.289,90.572
7,55,5,5.406,5.229,11.774
7,56,1,51.267,99.528,100
7,56,2,2.999,5.578,10.635
7,56,3,46.334,90.353,82.507
7,56,4,56.199,99.682,100
7,56,5,5.849,5.605,10.635
7,57,1,57.735,94.532,83.058
7,57,2,0.397,0.973,0.689
7,57,3,57.082,92.931,81.924
7,57,4,58.387,96.132,84.192
7,57,5,0.687,1.029,0.83
7,58,1,57.725,97.82,100
7,58,2,2.897,4.747,9.696
7,58,3,52.96,90.011,84.051
7,58,4,62.49,98.327,100
7,58,5,5.019,4.853,9.696
7,59,1,52.951,99.706,74.758
7,59,2,1.97,3.584,4.744
7,59,3,49.71,93.81,66.955
7,59,4,56.192,99.736,82.56
7,59,5,3.721,3.595,6.345
7,60,1,51.385,99.829,100
7,60,2,2.953,5.48,10.38
7,60,3,46.528,90.815,82.927
7,60,4,56.243,99.91,100
7,60,5,5.747,5.489,10.38
7,61,1,58.447,97.926,70.92
7,61,2,2.945,4.77,9.559
7,61,3,53.603,90.081,55.196
7,61,4,63.29,98.042,86.643
7,61,5,5.038,4.871,13.479
7,62,1,54.263,98.568,84.759
7,62,2,2.923,5.11,6.741
7,62,3,49.455,90.162,73.67
7,62,4,59.072,98.79,95.847
7,62,5,5.387,5.184,7.954
7,63,1,57.578,98.007,100
7,63,2,2.885,4.742,9.99
7,63,3,52.832,90.207,83.568
7,63,4,62.324,98.519,100
7,63,5,5.011,4.839,9.99
7,64,1,49.913,100,67.295
7,64,2,2.119,4.154,4.204
7,64,3,46.427,93.168,60.38
7,64,4,53.399,100,74.21
7,64,5,4.246,4.154,6.248
7,65,1,57.269,97.108,69.834
7,65,2,2.233,3.809,5.04
7,65,3,53.595,90.842,61.544
7,65,4,60.942,97.228,78.123
7,65,5,3.9,3.923,7.217
7,66,1,55.581,98.462,100
7,66,2,2.926,4.993,9.986
7,66,3,50.769,90.249,83.575
7,66,4,60.394,98.668,100
7,66,5,5.264,5.071,9.986
7,67,1,53.168,98.605,98.3
7,67,2,2.906,5.186,10.722
7,67,3,48.388,90.075,80.664
7,67,4,57.948,98.875,98.603
7,67,5,5.466,5.259,10.908
7,68,1,63.587,95.776,69.223
7,68,2,2.458,3.731,5.6
7,68,3,59.545,89.639,60.012
7,68,4,67.63,96.044,78.435
7,68,5,3.865,3.895,8.09
7,69,1,55.508,97.037,59.13
7,69,2,2.416,4.209,6.074
7,69,3,51.535,90.113,49.14
7,69,4,59.481,97.227,69.121
7,69,5,4.352,4.338,10.272
7,70,1,53.255,99.839,100
7,70,2,2.941,5.265,9.973
7,70,3,48.417,91.179,83.596
7,70,4,58.093,99.917,100
7,70,5,5.523,5.273,9.973
7,71,1,57.867,98.521,73.972
7,71,2,2.945,4.827,9.618
7,71,3,53.022,90.581,58.152
7,71,4,62.712,98.69,89.792
7,71,5,5.09,4.9,13.002
7,72,1,55.994,98.752,92.977
7,72,2,2.945,4.995,10.168
7,72,3,51.15,90.537,76.253
7,72,4,60.838,98.921,93.394
7,72,5,5.259,5.058,10.936
7,73,1,57.815,98.468,91.759
7,73,2,2.923,4.794,9.849
7,73,3,53.007,90.583,75.559
7,73,4,62.623,98.757,92.467
7,73,5,5.056,4.869,10.733
7,74,1,51.642,100,70.244
7,74,2,0.706,2.015,7.012
7,74,3,50.481,96.686,58.71
7,74,4,52.803,100,81.778
7,74,5,1.367,2.015,9.983
7,75,1,60.561,98.992,87.95
7,75,2,2.441,3.902,5.893
7,75,3,56.546,92.575,78.256
7,75,4,64.576,99.132,97.644
7,75,5,4.03,3.941,6.701
7,76,1,49.656,99.699,88.233
7,76,2,2.409,4.715,7.112
7,76,3,45.693,91.943,76.534
7,76,4,53.619,99.779,99.932
7,76,5,4.852,4.729,8.061
7,77,1,53.284,98.462,88.656
7,77,2,2.922,5.202,10.648
7,77,3,48.477,89.906,71.141
7,77,4,58.091,98.591,89.016
7,77,5,5.485,5.283,12.011
7,78,1,62.149,96.772,67.378
7,78,2,1.846,2.977,5.625
7,78,3,59.112,91.875,58.126
7,78,4,65.186,96.865,76.631
7,78,5,2.971,3.077,8.349
7,79,1,57.623,97.495,74.575
7,79,2,2.936,4.818,9.78
7,79,3,52.793,89.57,58.488
7,79,4,62.453,97.686,90.662
7,79,5,5.096,4.942,13.114
7,80,1,49.069,100,96.1
7,80,2,2.53,5.018,7.282
7,80,3,44.908,91.746,84.123
7,80,4,53.231,100,96.443
7,80,5,5.156,5.018,7.577
7,81,1,54.667,99.326,97.56
7,81,2,2.967,5.168,10.436
7,81,3,49.787,90.826,80.394
7,81,4,59.548,99.421,97.748
7,81,5,5.428,5.203,10.697
7,82,1,54.004,98.84,100
7,82,2,2.943,5.179,9.705
7,82,3,49.163,90.322,84.037
7,82,4,58.845,99.069,100
7,82,5,5.45,5.24,9.705
7,83,1,54.784,97.744,88.154
7,83,2,2.904,5.013,10.383
7,83,3,50.008,89.498,71.076
7,83,4,59.56,98.014,88.799
7,83,5,5.3,5.129,11.778
7,84,1,54.171,98.574,87.322
7,84,2,2.915,5.103,10.396
7,84,3,49.376,90.18,70.222
7,84,4,58.965,98.891,88.341
7,84,5,5.381,5.177,11.905
7,85,1,59.184,97.968,87.751
7,85,2,2.913,4.658,9.597
7,85,3,54.393,90.306,71.966
7,85,4,63.975,98.295,88.599
7,85,5,4.921,4.754,10.936
7,86,1,58.742,97.949,69.037
7,86,2,2.468,4.067,6.025
7,86,3,54.682,91.259,59.127
7,86,4,62.802,98.165,78.947
7,86,5,4.202,4.152,8.727
7,87,1,58.051,97.923,64.21
7,87,2,1.985,3.525,5.124
7,87,3,54.786,92.125,55.782
7,87,4,61.315,98.098,72.639
7,87,5,3.419,3.6,7.98
7,88,1,56.96,98.673,100
7,88,2,2.895,4.821,9.859
7,88,3,52.198,90.744,83.783
7,88,4,61.722,99.19,100
7,88,5,5.083,4.886,9.859
7,89,1,60.153,95.625,54.209
7,89,2,1.846,2.719,2.482
7,89,3,57.117,91.153,50.127
7,89,4,63.19,95.711,58.291
7,89,5,3.069,2.843,4.578
7,90,1,53.827,99.675,100
7,90,2,2.558,4.616,10.123
7,90,3,49.619,92.083,83.349
7,90,4,58.036,99.848,100
7,90,5,4.753,4.631,10.123
7,91,1,59.071,98.104,81.496
7,91,2,2.934,4.704,9.54
7,91,3,54.245,90.367,65.804
7,91,4,63.896,98.386,97.189
7,91,5,4.966,4.795,11.706
7,92,1,57.017,98.904,78.084
7,92,2,2.483,4.231,6.297
7,92,3,52.932,91.946,67.726
7,92,4,61.102,99.077,88.443
7,92,5,4.356,4.277,8.065
7,93,1,55.237,98.462,75.362
7,93,2,2.443,4.3,6.25
7,93,3,51.218,91.389,65.082
7,93,4,59.256,98.616,85.641
7,93,5,4.423,4.367,8.293
7,94,1,57.935,97.964,88.661
7,94,2,2.924,4.779,9.841
7,94,3,53.125,90.104,72.474
7,94,4,62.745,98.129,89.062
7,94,5,5.048,4.878,11.1
7,96,1,53.567,99.622,98.51
7,96,2,2.947,5.241,10.639
7,96,3,48.72,91.001,81.011
7,96,4,58.415,99.681,98.631
7,96,5,5.502,5.261,10.799
7,97,1,57.965,97.035,68.886
7,97,2,1.84,3.423,7.423
7,97,3,54.938,91.405,56.676
7,97,4,60.991,97.174,81.097
7,97,5,3.175,3.528,10.776
7,98,1,57.67,97.224,97.3
7,98,2,2.518,4.195,6.815
7,98,3,53.528,90.323,86.09
7,98,4,61.812,97.698,97.773
7,98,5,4.366,4.315,7.004
7,99,1,42.356,100,85.942
7,99,2,1.27,2.975,2.3
7,99,3,40.267,95.107,82.159
7,99,4,44.444,100,89.724
7,99,5,2.998,2.975,2.676
7,100,1,46.894,99.915,92.423
7,100,2,1.337,2.829,2.393
7,100,3,44.695,95.262,88.487
7,100,4,49.093,99.95,96.359
7,100,5,2.85,2.831,2.589
7,101,1,60.236,94.502,48.618
7,101,2,0.943,1.49,3.141
7,101,3,58.685,92.051,43.451
7,101,4,61.787,96.953,53.784
7,101,5,1.565,1.577,6.461
7,102,1,52.564,98.109,73.42
7,102,2,2.945,5.309,10.595
7,102,3,47.72,89.377,55.994
7,102,4,57.408,98.282,90.847
7,102,5,5.603,5.411,14.43
7,103,1,52.504,97.76,80.931
7,103,2,2.926,5.274,10.732
7,103,3,47.692,89.085,63.278
7,103,4,57.317,97.982,98.584
7,103,5,5.573,5.395,13.261
7,104,1,56.858,98.671,89.221
7,104,2,2.475,4.203,6.479
7,104,3,52.787,91.758,78.564
7,104,4,60.929,98.882,99.879
7,104,5,4.353,4.26,7.262
7,105,1,52.75,98.233,87.042
7,105,2,2.903,5.212,10.689
7,105,3,47.976,89.66,69.46
7,105,4,57.524,98.494,87.785
7,105,5,5.502,5.306,12.28
7,106,1,62.012,98.112,93.042
7,106,2,2.35,3.679,5.498
7,106,3,58.146,92.061,83.999
7,106,4,65.877,98.238,93.29
7,106,5,3.79,3.75,5.909
7,107,1,57.078,98.948,89.296
7,107,2,2.337,3.975,5.891
7,107,3,53.234,92.41,79.607
7,107,4,60.922,99.047,98.986
7,107,5,4.094,4.017,6.597
7,108,1,57.287,96.65,64.504
7,108,2,2.461,3.909,5.284
7,108,3,53.24,90.22,55.814
7,108,4,61.335,96.787,73.195
7,108,5,4.295,4.045,8.191
7,109,1,61.187,93.932,66.441
7,109,2,2.519,3.728,2.671
7,109,3,57.044,87.8,62.047
7,109,4,65.329,94.239,70.834
7,109,5,4.116,3.968,4.02
7,110,1,58.345,98.21,100
7,110,2,2.895,4.698,9.22
7,110,3,53.584,90.482,84.835
7,110,4,63.106,98.582,100
7,110,5,4.961,4.784,9.22
7,111,1,54.524,97.575,100
7,111,2,2.921,5.069,10.199
7,111,3,49.719,89.238,83.224
7,111,4,59.33,97.769,100
7,111,5,5.358,5.194,10.199
7,112,1,51.396,100,100
7,112,2,3.035,5.633,9.966
7,112,3,46.403,90.734,83.607
7,112,4,56.389,100,100
7,112,5,5.906,5.633,9.966
7,113,1,53.705,98.546,100
7,113,2,2.942,5.2,9.801
7,113,3,48.867,89.993,83.878
7,113,4,58.543,98.894,100
7,113,5,5.477,5.277,9.801
7,114,1,58.477,98.618,80.431
7,114,2,2.961,4.805,9.58
7,114,3,53.608,90.714,64.673
7,114,4,63.347,98.811,96.188
7,114,5,5.063,4.873,11.911
7,115,1,56.377,98.613,88.65
7,115,2,2.943,4.954,10.133
7,115,3,51.537,90.464,71.982
7,115,4,61.218,98.863,89.408
7,115,5,5.22,5.024,11.431
7,116,1,56.379,98.832,95.939
7,116,2,2.94,4.953,10.096
7,116,3,51.543,90.684,79.333
7,116,4,61.215,99.07,96.405
7,116,5,5.215,5.012,10.523
7,117,1,57.582,98.525,100
7,117,2,2.909,4.791,9.648
7,117,3,52.797,90.644,84.13
7,117,4,62.367,98.847,100
7,117,5,5.052,4.863,9.648
7,118,1,55.07,98.516,100
7,118,2,2.926,5.042,10.187
7,118,3,50.257,90.223,83.244
7,118,4,59.883,98.913,100
7,118,5,5.313,5.118,10.187
7,119,1,53.849,99.152,100
7,119,2,2.973,5.255,9.834
7,119,3,48.959,90.509,83.825
7,119,4,58.739,99.472,100
7,119,5,5.521,5.3,9.834
7,120,1,57.962,98.905,82.722
7,120,2,2.995,4.913,9.708
7,120,3,53.035,90.824,66.754
7,120,4,62.889,99.265,98.69
7,120,5,5.168,4.968,11.736
7,121,1,52.073,97.555,100
7,121,2,2.931,5.327,10.919
7,121,3,47.252,88.793,82.04
7,121,4,56.894,98.008,100
7,121,5,5.629,5.46,10.919
7,122,1,60.399,98.101,85.532
7,122,2,2.926,4.588,9.417
7,122,3,55.587,90.555,70.042
7,122,4,65.212,98.357,86.275
7,122,5,4.844,4.676,11.01
7,123,1,56.418,98.193,79.527
7,123,2,2.916,4.895,9.966
7,123,3,51.621,90.141,63.134
7,123,4,61.214,98.498,95.921
7,123,5,5.169,4.985,12.532
7,124,1,55.729,98.343,81.419
7,124,2,2.927,4.977,10.062
7,124,3,50.915,90.156,64.869
7,124,4,60.543,98.554,97.969
7,124,5,5.251,5.061,12.358
7,125,1,58.504,95.642,79.192
7,125,2,3.008,4.846,9.866
7,125,3,53.556,87.67,62.963
7,125,4,63.452,96.13,95.421
7,125,5,5.142,5.067,12.459
8,0,1,60.699,97.216,34.062
8,0,2,0.536,0.244,0.896
8,0,3,59.817,96.814,32.587
8,0,4,61.58,97.618,35.536
8,0,5,0.883,0.251,2.632
8,1,1,58.745,98.178,46.02
8,1,2,2.503,4.123,6.299
8,1,3,54.629,91.397,35.659
8,1,4,62.862,98.443,56.38
8,1,5,4.26,4.199,13.688
8,2,1,57.425,96.583,40.877
8,2,2,2.624,4.225,5.474
8,2,3,53.108,89.634,31.873
8,2,4,61.742,96.856,49.881
8,2,5,4.57,4.374,13.391
8,3,1,54.563,98.576,63.385
8,3,2,2.939,5.115,10.335
8,3,3,49.728,90.162,46.385
8,3,4,59.397,98.868,80.386
8,3,5,5.386,5.189,16.306
8,4,1,69.508,97.71,46.275
8,4,2,3.235,4.436,8.239
8,4,3,64.188,90.413,32.723
8,4,4,74.828,97.919,59.826
8,4,5,4.653,4.54,17.804
8,5,1,57.979,97.403,49.116
8,5,2,2.476,4.141,6.21
8,5,3,53.906,90.592,38.901
8,5,4,62.052,97.646,59.331
8,5,5,4.271,4.251,12.644
8,6,1,52.544,98.64,62.04
8,6,2,2.963,5.36,10.795
8,6,3,47.67,89.824,44.284
8,6,4,57.418,98.985,79.795
8,6,5,5.64,5.434,17.4
8,7,1,45.43,100,90.716
8,7,2,0.748,2.697,1.197
8,7,3,44.2,95.564,88.748
8,7,4,46.66,100,92.684
8,7,5,1.646,2.697,1.319
8,8,1,52.189,99.796,96.972
8,8,2,2.954,5.395,10.932
8,8,3,47.33,90.922,78.991
8,8,4,57.047,99.891,97.409
8,8,5,5.659,5.406,11.273
8,9,1,53.924,99.318,73.503
8,9,2,2.927,5.163,10.417
8,9,3,49.109,90.825,56.368
8,9,4,58.738,99.447,90.638
8,9,5,5.428,5.199,14.173
8,10,1,59.1,98.113,58.712
8,10,2,2.927,4.697,9.575
8,10,3,54.285,90.388,42.963
8,10,4,63.914,98.318,74.461
8,10,5,4.953,4.787,16.308
8,11,1,58.493,96.704,39.806
8,11,2,2.125,3.09,6.52
8,11,3,54.998,91.621,29.081
8,11,4,61.987,96.896,50.531
8,11,5,3.632,3.195,16.38
8,12,1,51.263,99.128,87.605
8,12,2,2.909,5.394,11.058
8,12,3,46.478,90.255,69.416
8,12,4,56.047,99.376,88.644
8,12,5,5.674,5.442,12.623
8,13,1,57.045,98.336,57.511
8,13,2,2.949,4.907,9.89
8,13,3,52.194,90.264,41.243
8,13,4,61.895,98.611,73.779
8,13,5,5.169,4.99,17.197
8,14,1,56.213,98.865,81.491
8,14,2,3.004,5.086,10.132
8,14,3,51.272,90.499,64.825
8,14,4,61.154,99.336,98.156
8,14,5,5.344,5.145,12.433
8,15,1,53.704,99.354,79.659
8,15,2,2.971,5.268,10.589
8,15,3,48.817,90.688,62.242
8,15,4,58.591,99.75,97.077
8,15,5,5.533,5.302,13.293
8,16,1,54.21,98.32,69.461
8,16,2,2.922,5.116,10.461
8,16,3,49.403,89.906,52.253
8,16,4,59.017,98.789,86.668
8,16,5,5.391,5.203,15.061
8,17,1,56.238,97.543,40.377
8,17,2,2.012,3.588,6.232
8,17,3,52.929,91.641,30.126
8,17,4,59.548,97.633,50.629
8,17,5,3.578,3.679,15.435
8,18,1,54.531,98.203,56.78
8,18,2,3.013,5.252,10.427
8,18,3,49.575,89.565,39.629
8,18,4,59.487,98.623,73.931
8,18,5,5.526,5.348,18.364
8,19,1,60.108,96.577,27.381
8,19,2,0.745,1.264,1.071
8,19,3,58.883,94.497,25.619
8,19,4,61.334,98.657,29.143
8,19,5,1.24,1.309,3.913
8,20,1,54.179,99.823,74.19
8,20,2,2.987,5.256,10.502
8,20,3,49.266,91.178,56.915
8,20,4,59.091,99.923,91.465
8,20,5,5.512,5.265,14.156
8,21,1,60.331,95.728,38.344
8,21,2,2.05,3.678,4.392
8,21,3,56.96,89.678,31.119
8,21,4,63.702,95.853,45.568
8,21,5,3.397,3.843,11.454
8,22,1,44.522,100,91.836
8,22,2,3.064,6.557,12.677
8,22,3,39.482,89.214,70.985
8,22,4,49.562,100,93.251
8,22,5,6.882,6.557,13.804
8,23,1,56.21,98.165,58.822
8,23,2,2.938,4.959,10.087
8,23,3,51.378,90.009,42.231
8,23,4,61.042,98.565,75.413
8,23,5,5.226,5.051,17.148
8,24,1,54.701,98.795,57.127
8,24,2,2.95,5.125,10.381
8,24,3,49.848,90.365,40.053
8,24,4,59.554,99.169,74.202
8,24,5,5.394,5.188,18.171
8,25,1,52.433,98.788,68.159
8,25,2,2.929,5.307,10.778
8,25,3,47.616,90.059,50.43
8,25,4,57.251,99.086,85.888
8,25,5,5.586,5.372,15.814
8,26,1,48.404,99.689,70.063
8,26,2,3.022,5.955,8.134
8,26,3,43.434,89.894,56.684
8,26,4,53.374,99.884,83.442
8,26,5,6.242,5.973,11.609
8,27,1,54.99,98.822,75.856
8,27,2,2.919,5.043,10.307
8,27,3,50.188,90.528,58.903
8,27,4,59.791,98.945,92.81
8,27,5,5.308,5.103,13.587
8,28,1,56.49,97.816,64.556
8,28,2,2.922,4.902,6.993
8,28,3,51.684,89.753,53.054
8,28,4,61.296,98.322,76.059
8,28,5,5.172,5.011,10.833
8,29,1,55.472,98.882,74.246
8,29,2,2.941,5.039,10.226
8,29,3,50.635,90.593,57.425
8,29,4,60.31,99.004,91.066
8,29,5,5.302,5.096,13.774
8,30,1,50.836,100,90.052
8,30,2,2.987,5.579,11.03
8,30,3,45.922,90.823,71.91
8,30,4,55.749,100,90.992
8,30,5,5.876,5.579,12.248
8,31,1,55.126,98.838,49.122
8,31,2,2.416,4.269,6.283
8,31,3,51.151,91.815,38.787
8,31,4,59.101,98.974,59.457
8,31,5,4.384,4.32,12.791
8,32,1,56.665,98.11,38.994
8,32,2,2.42,4.146,5.845
8,32,3,52.684,91.29,29.38
8,32,4,60.645,98.206,48.609
8,32,5,4.271,4.226,14.99
8,33,1,50.632,99.714,100
8,33,2,2.974,5.6,10.023
8,33,3,45.74,90.502,83.514
8,33,4,55.523,99.951,99.999
8,33,5,5.874,5.616,10.023
8,34,1,51.952,98.52,72.382
8,34,2,2.959,5.411,10.973
8,34,3,47.086,89.62,54.332
8,34,4,56.819,98.897,90.431
8,34,5,5.695,5.492,15.16
8,35,1,60.547,97.773,46.494
8,35,2,2.987,4.682,6.22
8,35,3,55.633,90.072,36.263
8,35,4,65.461,98.104,56.725
8,35,5,4.934,4.788,13.378
8,36,1,59.136,97.144,42.418
8,36,2,2.421,3.965,5.895
8,36,3,55.154,90.623,32.722
8,36,4,63.119,97.343,52.114
8,36,5,4.095,4.081,13.897
8,37,1,64.216,97.182,24.9
8,37,2,0.702,1.092,0.928
8,37,3,63.061,95.386,23.374
8,37,4,65.37,98.979,26.426
8,37,5,1.093,1.124,3.726
8,38,1,54.249,98.641,67.056
8,38,2,2.941,5.15,7.161
8,38,3,49.412,90.171,55.276
8,38,4,59.086,99.007,78.835
8,38,5,5.421,5.22,10.68
8,39,1,55.441,98.758,64.528
8,39,2,2.952,5.059,10.187
8,39,3,50.586,90.437,47.771
8,39,4,60.296,99.133,81.284
8,39,5,5.324,5.123,15.787
8,40,1,51.156,98.867,57.875
8,40,2,1.841,3.452,5.618
8,40,3,48.127,93.189,48.634
8,40,4,54.184,99.032,67.116
8,40,5,3.599,3.491,9.707
8,41,1,55.53,98.235,94.624
8,41,2,2.893,4.94,10.381
8,41,3,50.771,90.109,77.55
8,41,4,60.288,98.994,96.097
8,41,5,5.21,5.029,10.97
8,42,1,54.839,99.036,79.431
8,42,2,2.996,5.202,10.57
8,42,3,49.91,90.48,62.045
8,42,4,59.767,99.544,96.816
8,42,5,5.464,5.252,13.307
8,43,1,53.935,98.828,70.237
8,43,2,2.971,5.238,10.528
8,43,3,49.048,90.212,52.92
8,43,4,58.822,99.256,87.554
8,43,5,5.508,5.3,14.989
8,44,1,53.499,99.038,70.277
8,44,2,2.933,5.212,10.534
8,44,3,48.674,90.464,52.95
8,44,4,58.324,99.36,87.604
8,44,5,5.483,5.263,14.989
8,45,1,57.973,97.679,50.577
8,45,2,2.409,4.076,5.942
8,45,3,54.01,90.976,40.803
8,45,4,61.936,97.85,60.351
8,45,5,4.156,4.173,11.749
8,46,1,53.833,99.774,89.697
8,46,2,2.98,5.278,10.508
8,46,3,48.932,91.092,72.413
8,46,4,58.735,99.889,90.689
8,46,5,5.535,5.29,11.715
8,47,1,57.003,98.811,79.028
8,47,2,2.954,4.925,9.947
8,47,3,52.145,90.709,62.666
8,47,4,61.861,99.172,95.39
8,47,5,5.181,4.985,12.587
8,48,1,54.37,98.517,62.039
8,48,2,2.944,5.142,10.392
8,48,3,49.527,90.059,44.946
8,48,4,59.212,98.709,79.132
8,48,5,5.414,5.219,16.75
8,49,1,54.225,98.796,82.054
8,49,2,2.913,5.102,10.51
8,49,3,49.434,90.404,64.767
8,49,4,59.016,99.241,99.341
8,49,5,5.372,5.164,12.808
8,50,1,61.183,97.426,48.415
8,50,2,2.579,4.105,4.876
8,50,3,56.941,90.673,40.395
8,50,4,65.424,97.571,56.435
8,50,5,4.215,4.214,10.071
8,51,1,56.873,99.598,52.294
8,51,2,2.686,4.562,7.119
8,51,3,52.455,92.093,40.584
8,51,4,61.292,99.75,64.004
8,51,5,4.723,4.581,13.614
8,52,1,57.804,98.437,54.403
8,52,2,2.934,4.817,9.766
8,52,3,52.978,90.515,38.338
8,52,4,62.629,98.623,70.467
8,52,5,5.075,4.893,17.952
8,53,1,57.338,98.304,63.621
8,53,2,2.931,4.85,9.907
8,53,3,52.518,90.326,47.326
8,53,4,62.159,98.706,79.916
8,53,5,5.111,4.933,15.572
8,54,1,59.047,96.04,85.651
8,54,2,0.614,2.292,1.999
8,54,3,58.036,92.269,82.363
8,54,4,60.058,99.81,88.939
8,54,5,1.041,2.387,2.334
8,55,1,56.561,97.708,51.55
8,55,2,2.942,4.93,10.021
8,55,3,51.722,89.599,35.067
8,55,4,61.4,97.979,68.033
8,55,5,5.201,5.046,19.44
8,56,1,51.19,99.012,89.084
8,56,2,2.965,5.512,11.168
8,56,3,46.313,89.946,70.714
8,56,4,56.067,99.447,90.797
8,56,5,5.792,5.567,12.537
8,57,1,52.935,99.368,78.293
8,57,2,3.024,5.447,10.731
8,57,3,47.96,90.41,60.642
8,57,4,57.91,99.687,95.943
8,57,5,5.714,5.481,13.706
8,58,1,54.159,98.736,62.825
8,58,2,2.971,5.216,10.469
8,58,3,49.272,90.156,45.606
8,58,4,59.047,99.184,80.044
8,58,5,5.487,5.283,16.663
8,59,1,55.829,98.852,44.01
8,59,2,2.945,5.012,6.883
8,59,3,50.985,90.608,32.688
8,59,4,60.674,99.183,55.332
8,59,5,5.275,5.07,15.64
8,60,1,56.729,98.767,50.674
8,60,2,2.942,4.926,9.909
8,60,3,51.89,90.664,34.376
8,60,4,61.568,99.002,66.972
8,60,5,5.186,4.988,19.553
8,61,1,52.169,99.258,60.127
8,61,2,3.043,5.56,7.492
8,61,3,47.164,90.113,47.804
8,61,4,57.174,99.555,72.449
8,61,5,5.833,5.601,12.46
8,62,1,56.116,98.113,53.621
8,62,2,2.927,4.947,10.048
8,62,3,51.301,89.975,37.094
8,62,4,60.93,98.301,70.149
8,62,5,5.216,5.042,18.739
8,63,1,50.164,99.168,76.717
8,63,2,2.931,5.557,11.233
8,63,3,45.343,90.028,58.24
8,63,4,54.985,99.446,95.193
8,63,5,5.843,5.604,14.642
8,64,1,51.689,99.471,89.183
8,64,2,2.934,5.404,11.005
8,64,3,46.863,90.582,71.081
8,64,4,56.516,99.801,91.215
8,64,5,5.677,5.433,12.34
8,65,1,50.195,100,83.128
8,65,2,2.955,5.612,11.188
8,65,3,45.334,90.77,64.725
8,65,4,55.055,100,83.99
8,65,5,5.887,5.612,13.459
8,66,1,53.065,99.27,95.017
8,66,2,2.919,5.234,10.706
8,66,3,48.263,90.661,77.408
8,66,4,57.867,99.509,95.709
8,66,5,5.502,5.272,11.267
8,67,1,54.826,98.597,73.321
8,67,2,2.97,5.149,10.345
8,67,3,49.941,90.128,56.304
8,67,4,59.712,98.973,90.337
8,67,5,5.417,5.222,14.11
9,0,1,61.895,96.247,46.231
9,0,2,0.692,0.303,1.023
9,0,3,60.757,95.749,44.548
9,0,4,63.034,96.746,47.914
9,0,5,1.118,0.315,2.213
9,2,1,60.304,96.842,37.756
9,2,2,2.189,3.485,3.919
9,2,3,56.703,91.11,31.31
9,2,4,63.905,96.903,44.202
9,2,5,3.63,3.598,10.38
9,3,1,55.772,97.362,41.11
9,3,2,1.847,3.324,4.273
9,3,3,52.734,91.894,34.082
9,3,4,58.809,97.41,48.137
9,3,5,3.311,3.414,10.393
9,4,1,63.675,97.291,44.42
9,4,2,2.639,3.977,5.55
9,4,3,59.334,90.75,35.29
9,4,4,68.015,97.37,53.549
9,4,5,4.144,4.087,12.495
9,5,1,59.831,96.59,40.737
9,5,2,1.915,3.096,3.006
9,5,3,56.681,91.498,35.792
9,5,4,62.981,96.629,45.682
9,5,5,3.201,3.205,7.38
9,6,1,61.27,95.642,46.884
9,6,2,2.243,3.49,4.415
9,6,3,57.58,89.901,39.622
9,6,4,64.96,95.716,54.147
9,6,5,3.661,3.649,9.417
9,7,1,61.219,94.828,47.794
9,7,2,1.366,2.255,2.647
9,7,3,58.972,91.118,43.44
9,7,4,63.466,98.537,52.148
9,7,5,2.231,2.378,5.539
9,8,1,64.534,93.4,59.465
9,8,2,2.132,3.297,4.85
9,8,3,61.028,87.977,51.488
9,8,4,68.041,98.823,67.443
9,8,5,3.303,3.53,8.156
9,9,1,63.281,96.899,65.306
9,9,2,2.297,3.432,5.316
9,9,3,59.504,91.253,56.562
9,9,4,67.059,97.002,74.051
9,9,5,3.629,3.542,8.141
9,10,1,64.039,96.163,46.411
9,10,2,2.041,3.185,3.29
9,10,3,60.681,90.924,40.999
9,10,4,67.396,96.213,51.823
9,10,5,3.187,3.312,7.089
9,11,1,63.263,96.819,52.081
9,11,2,2.031,3.187,4.492
9,11,3,59.923,91.577,44.693
9,11,4,66.604,96.884,59.47
9,11,5,3.21,3.292,8.625
9,12,1,60.192,96.883,48.339
9,12,2,1.794,2.775,3.908
9,12,3,57.24,92.319,41.911
9,12,4,63.143,96.931,54.767
9,12,5,2.981,2.864,8.085
9,13,1,63.972,96.051,56.311
9,13,2,1.956,2.971,3.77
9,13,3,60.755,91.165,50.11
9,13,4,67.188,96.118,62.512
9,13,5,3.057,3.093,6.694
9,14,1,60.264,97.103,50.977
9,14,2,2.389,3.83,9.743
9,14,3,56.334,90.803,34.951
9,14,4,64.193,97.159,67.004
9,14,5,3.964,3.944,19.113
9,15,1,68.962,97.127,46.462
9,15,2,1.94,2.852,3.855
9,15,3,65.771,92.436,40.122
9,15,4,72.153,97.175,52.802
9,15,5,2.813,2.936,8.296
9,16,1,66.498,96.456,32.619
9,16,2,2.335,3.427,4.798
9,16,3,62.658,90.819,24.727
9,16,4,70.339,96.519,40.511
9,16,5,3.511,3.553,14.709
9,17,1,62.486,97.022,45.758
9,17,2,1.892,2.986,4.025
9,17,3,59.374,92.111,39.137
9,17,4,65.598,97.08,52.38
9,17,5,3.028,3.077,8.797
10,0,1,59.774,97.013,50.416
10,0,2,0.557,0.241,1.052
10,0,3,58.858,96.615,48.685
10,0,4,60.691,97.41,52.147
10,0,5,0.932,0.249,2.087
10,1,1,54.042,98.729,68.73
10,1,2,2.032,3.931,3.596
10,1,3,50.7,92.264,62.814
10,1,4,57.384,98.883,74.645
10,1,5,3.76,3.981,5.233
10,2,1,60.586,98.565,80.317
10,2,2,3.007,4.721,9.94
10,2,3,55.64,90.799,63.967
10,2,4,65.532,98.969,96.667
10,2,5,4.963,4.79,12.376
10,3,1,56.178,98.792,80.697
10,3,2,2.996,5.072,10.701
10,3,3,51.251,90.45,63.096
10,3,4,61.106,99.174,98.298
10,3,5,5.332,5.134,13.26
10,4,1,58.893,98.161,54.202
10,4,2,0.318,1.694,1.067
10,4,3,58.37,95.374,52.447
10,4,4,59.415,98.334,55.958
10,4,5,0.539,1.726,1.969
10,5,1,60.199,96.456,43.367
10,5,2,0.723,1.212,1.599
10,5,3,59.01,94.463,40.737
10,5,4,61.388,98.45,45.998
10,5,5,1.201,1.256,3.688
10,6,1,57.351,97.352,78.904
10,6,2,2.576,4.356,7.115
10,6,3,53.115,90.187,67.201
10,6,4,61.588,97.739,90.608
10,6,5,4.491,4.475,9.018
10,7,1,62.017,96.226,36.288
10,7,2,1.01,1.685,1.752
10,7,3,60.355,93.453,33.406
10,7,4,63.679,98.998,39.17
10,7,5,1.629,1.752,4.828
10,8,1,59.653,98.028,59.817
10,8,2,2.849,4.572,5.535
10,8,3,54.967,90.508,50.713
10,8,4,64.34,98.199,68.921
10,8,5,4.776,4.664,9.253
10,9,1,59.517,98.555,66.108
10,9,2,3.009,4.809,10.189
10,9,3,54.568,90.645,49.349
10,9,4,64.466,98.83,82.868
10,9,5,5.055,4.88,15.413
10,10,1,50.977,99.399,86.867
10,10,2,2.165,4.165,1.388
10,10,3,47.415,92.548,84.583
10,10,4,54.538,99.659,89.15
10,10,5,4.248,4.19,1.598
10,11,1,50.622,99.124,84.786
10,11,2,3.031,5.701,11.888
10,11,3,45.636,89.747,65.232
10,11,4,55.607,99.425,86.225
10,11,5,5.987,5.751,14.021
10,12,1,59.617,96.764,48.062
10,12,2,1.315,2.327,3.205
10,12,3,57.454,92.937,42.79
10,12,4,61.781,96.871,53.334
10,12,5,2.206,2.404,6.668
10,13,1,58.837,98.064,55.155
10,13,2,2.707,4.349,5.251
10,13,3,54.384,90.909,46.518
10,13,4,63.29,98.27,63.791
10,13,5,4.601,4.435,9.52
10,14,1,53.649,99.139,78.152
10,14,2,2.57,4.675,6.929
10,14,3,49.421,91.449,66.754
10,14,4,57.877,99.256,89.549
10,14,5,4.791,4.716,8.866
10,15,1,58.425,96.698,88.427
10,15,2,1.635,3.531,1.681
10,15,3,55.736,90.891,85.662
10,15,4,61.113,97.077,91.192
10,15,5,2.798,3.651,1.901
10,16,1,48.684,99.292,63.473
10,16,2,1.348,3.707,3.99
10,16,3,46.467,93.194,56.91
10,16,4,50.901,99.442,70.037
10,16,5,2.769,3.734,6.286
10,17,1,54.899,99.105,81.177
10,17,2,2.619,4.632,7.343
10,17,3,50.592,91.486,69.099
10,17,4,59.207,99.338,93.255
10,17,5,4.77,4.674,9.046
10,18,1,57.912,98.191,70.538
10,18,2,2.583,4.328,6.959
10,18,3,53.663,91.072,59.091
10,18,4,62.16,98.49,81.984
10,18,5,4.461,4.408,9.865
10,19,1,60.137,98.479,80.306
10,19,2,3.026,4.789,10.189
10,19,3,55.159,90.602,63.547
10,19,4,65.114,98.874,97.065
10,19,5,5.033,4.863,12.687
10,20,1,57.08,98.43,66.127
10,20,2,2.975,4.954,10.58
10,20,3,52.187,90.282,48.725
10,20,4,61.973,98.686,83.528
10,20,5,5.211,5.033,15.999
10,21,1,57.751,98.736,73.035
10,21,2,2.986,4.918,10.418
10,21,3,52.839,90.648,55.899
10,21,4,62.663,98.982,90.171
10,21,5,5.171,4.981,14.264
10,22,1,56.915,98.259,66.756
10,22,2,2.97,4.958,10.614
10,22,3,52.031,90.104,49.298
10,22,4,61.8,98.455,84.215
10,22,5,5.218,5.046,15.9
10,23,1,61.662,98.544,69.62
10,23,2,2.046,2.701,7.794
10,23,3,58.297,94.101,56.801
10,23,4,65.028,98.673,82.44
10,23,5,3.318,2.741,11.195
10,24,1,56.258,99.543,76.194
10,24,2,2.056,3.58,7.788
10,24,3,52.876,93.654,63.385
10,24,4,59.639,99.676,89.003
10,24,5,3.654,3.597,10.221
10,25,1,54.036,98.805,93.152
10,25,2,3.126,5.517,11.217
10,25,3,48.895,89.731,74.702
10,25,4,59.178,99.232,94.293
10,25,5,5.785,5.583,12.041
10,26,1,58.824,98.877,65.137
10,26,2,3.009,4.868,10.247
10,26,3,53.875,90.87,48.282
10,26,4,63.774,99.068,81.992
10,26,5,5.116,4.924,15.732
10,27,1,58.143,98.944,84.303
10,27,2,2.637,4.399,7.089
10,27,3,53.805,91.708,72.642
10,27,4,62.481,99.251,95.963
10,27,5,4.536,4.446,8.409
10,28,1,54.736,99.032,70.004
10,28,2,2.987,5.191,10.942
10,28,3,49.823,90.494,52.006
10,28,4,59.649,99.243,88.002
10,28,5,5.457,5.242,15.631
10,29,1,58.706,99.016,86.002
10,29,2,3.011,4.881,10.221
10,29,3,53.754,90.989,69.19
10,29,4,63.659,99.444,87.928
10,29,5,5.129,4.929,11.885
10,30,1,57.145,98.76,91.445
10,30,2,3.041,5.065,10.506
10,30,3,52.144,90.429,74.165
10,30,4,62.147,99.3,93.093
10,30,5,5.321,5.129,11.489
10,31,1,55.327,98.919,81.646
10,31,2,2.996,5.15,10.829
10,31,3,50.399,90.447,63.834
10,31,4,60.254,99.206,99.458
10,31,5,5.414,5.206,13.263
10,32,1,60.553,98.215,61.577
10,32,2,2.323,3.954,6.872
10,32,3,56.731,91.711,50.273
10,32,4,64.375,98.357,72.881
10,32,5,3.837,4.026,11.161
10,33,1,56.365,97.993,82.176
10,33,2,2.118,4.032,5.962
10,33,3,52.881,91.36,72.369
10,33,4,59.849,98.39,91.983
10,33,5,3.758,4.115,7.255
10,34,1,62.717,95.588,86.377
10,34,2,0.971,1.468,2.328
10,34,3,61.121,93.174,82.548
10,34,4,64.314,98.003,90.207
10,34,5,1.547,1.536,2.695
10,35,1,58.999,98.833,80.657
10,35,2,2.592,4.279,6.736
10,35,3,54.735,91.795,69.577
10,35,4,63.262,99.06,91.736
10,35,5,4.393,4.329,8.351
10,36,1,54.22,98.696,56.545
10,36,2,1.862,3.69,5.453
10,36,3,51.158,92.627,47.575
10,36,4,57.282,98.887,65.515
10,36,5,3.433,3.739,9.644
10,37,1,60.265,98.308,74.211
10,37,2,3.004,4.741,10.063
10,37,3,55.323,90.51,57.659
10,37,4,65.207,98.622,90.763
10,37,5,4.985,4.823,13.56
10,38,1,62.8,97.719,69.682
10,38,2,2.681,4.23,7.76
10,38,3,58.391,90.762,56.918
10,38,4,67.209,97.945,82.446
10,38,5,4.268,4.328,11.136
10,39,1,57.974,98.382,69.519
10,39,2,2.86,4.798,3.317
10,39,3,53.27,90.489,64.063
10,39,4,62.677,98.566,74.976
10,39,5,4.932,4.877,4.772
11,0,1,60.955,97.104,56.395
11,0,2,0.675,0.345,1.222
11,0,3,59.846,96.536,54.385
11,0,4,62.065,97.672,58.405
11,0,5,1.107,0.356,2.166
11,1,1,56.634,98.398,81.863
11,1,2,2.75,4.684,3.768
11,1,3,52.11,90.693,75.665
11,1,4,61.158,98.499,88.06
11,1,5,4.856,4.76,4.603
11,2,1,57.496,99.332,69.037
11,2,2,2.198,3.738,1.803
11,2,3,53.88,93.184,66.071
11,2,4,61.112,99.39,72.003
11,2,5,3.824,3.763,2.612
11,3,1,61.038,98.215,70.283
11,3,2,1.229,1.961,5.034
11,3,3,59.017,94.991,62.003
11,3,4,63.059,98.291,78.564
11,3,5,2.013,1.996,7.163
11,4,1,56.318,96.489,87.14
11,4,2,1.303,0.595,5.585
11,4,3,54.174,95.51,77.953
11,4,4,58.462,97.468,96.327
11,4,5,2.314,0.617,6.41
11,5,1,61.225,96.158,50.732
11,5,2,2.723,4.403,8.087
11,5,3,56.746,88.917,37.43
11,5,4,65.704,96.296,64.033
11,5,5,4.447,4.578,15.941
11,6,1,51.783,98.841,88.954
11,6,2,3.059,5.623,11.766
11,6,3,46.752,89.593,69.601
11,6,4,56.814,99.18,90.109
11,6,5,5.907,5.689,13.227
11,7,1,63.091,98.249,51.111
11,7,2,1.959,2.979,5.089
11,7,3,59.869,93.348,42.74
11,7,4,66.314,98.291,59.482
11,7,5,3.105,3.032,9.957
11,8,1,56.171,99.013,82.626
11,8,2,2.653,4.564,4.589
11,8,3,51.808,91.506,75.078
11,8,4,60.534,99.13,90.174
11,8,5,4.722,4.609,5.554
11,9,1,59.288,98.615,60.62
11,9,2,2.385,3.926,6.012
11,9,3,55.364,92.158,50.731
11,9,4,63.211,98.713,70.508
11,9,5,4.023,3.981,9.917
11,10,1,64.684,98.651,82.366
11,10,2,0.252,0.906,4.026
11,10,3,64.27,97.161,75.745
11,10,4,65.098,98.89,88.988
11,10,5,0.389,0.918,4.887
11,11,1,59.379,98.981,54.771
11,11,2,2.562,4.178,4.191
11,11,3,55.165,92.108,47.876
11,11,4,63.593,99.056,61.665
11,11,5,4.315,4.222,7.653
11,12,1,58.384,98.381,73.16
11,12,2,3.015,4.91,10.446
11,12,3,53.425,90.304,55.978
11,12,4,63.344,98.55,90.342
11,12,5,5.164,4.991,14.278
11,13,1,57.45,98.498,67.36
11,13,2,2.546,4.319,6.736
11,13,3,53.263,91.394,56.28
11,13,4,61.637,98.676,78.44
11,13,5,4.431,4.385,10
11,14,1,56.385,98.203,78.959
11,14,2,2.066,4.48,6.341
11,14,3,52.987,90.833,68.529
11,14,4,59.783,98.286,89.388
11,14,5,3.664,4.562,8.03
11,15,1,62.656,97.359,52.017
11,15,2,2.249,3.555,5.587
11,15,3,58.958,91.511,42.827
11,15,4,66.355,97.443,61.207
11,15,5,3.589,3.652,10.74
11,16,1,54.7,98.304,76.525
11,16,2,3.031,5.27,11.159
11,16,3,49.715,89.636,58.17
11,16,4,59.685,98.519,94.881
11,16,5,5.54,5.361,14.582
11,17,1,60.244,95.887,47.934
11,17,2,2.459,3.503,4.785
11,17,3,56.199,90.126,40.064
11,17,4,64.288,95.95,55.804
11,17,5,4.082,3.653,9.981
11,18,1,58.748,98.233,62.648
11,18,2,3.002,4.858,10.424
11,18,3,53.809,90.242,45.502
11,18,4,63.686,98.391,79.794
11,18,5,5.111,4.946,16.639
11,19,1,53.8,98.39,80.715
11,19,2,3.037,5.37,11.326
11,19,3,48.805,89.557,62.085
11,19,4,58.795,98.531,99.344
11,19,5,5.644,5.458,14.032
11,20,1,65.11,96.059,47.521
11,20,2,0.644,0.994,1.11
11,20,3,64.051,94.424,45.696
11,20,4,66.169,97.694,49.347
11,20,5,0.989,1.035,2.335
11,21,1,63.446,99.256,69.969
11,21,2,2.488,3.854,5.78
11,21,3,59.354,92.916,60.462
11,21,4,67.539,99.341,79.476
11,21,5,3.921,3.883,8.26
11,22,1,66.572,99.933,77.873
11,22,2,0.483,0.726,3.593
11,22,3,65.777,98.74,71.963
11,22,4,67.367,99.963,83.783
11,22,5,0.726,0.726,4.614
11,23,1,54.797,97.401,72.731
11,23,2,2.347,4.032,3.832
11,23,3,50.936,90.769,66.429
11,23,4,58.658,97.502,79.034
11,23,5,4.284,4.14,5.268
11,24,1,56.702,98.659,75.57
11,24,2,3.021,5.068,10.738
11,24,3,51.733,90.323,57.907
11,24,4,61.672,98.897,93.232
11,24,5,5.328,5.137,14.21
11,25,1,70.355,97.651,66.793
11,25,2,1.774,2.587,4.669
11,25,3,67.436,93.395,59.113
11,25,4,73.274,97.769,74.473
11,25,5,2.522,2.65,6.991
11,26,1,56.695,98.119,82.918
11,26,2,2.437,4.185,6.387
11,26,3,52.687,91.235,72.412
11,26,4,60.702,98.25,93.423
11,26,5,4.298,4.266,7.703
11,27,1,56.265,98.303,51.868
11,27,2,1.956,3.29,5.861
11,27,3,53.047,92.891,42.228
11,27,4,59.483,98.363,61.509
11,27,5,3.477,3.347,11.3
11,28,1,54.979,99.311,67.193
11,28,2,2.633,4.599,6.746
11,28,3,50.647,91.746,56.098
11,28,4,59.31,99.375,78.289
11,28,5,4.79,4.631,10.039
11,29,1,54.234,97.356,77.465
11,29,2,1.804,2.436,7.676
11,29,3,51.266,93.349,64.839
11,29,4,57.201,97.557,90.091
11,29,5,3.327,2.502,9.909
11,30,1,59.172,97.166,56.816
11,30,2,1.73,2.565,7.068
11,30,3,56.327,92.946,45.191
11,30,4,62.018,97.286,68.442
11,30,5,2.924,2.64,12.44
11,31,1,65.568,97.991,62.043
11,31,2,2.103,3.167,5.097
11,31,3,62.109,92.782,53.658
11,31,4,69.026,98.081,70.428
11,31,5,3.207,3.232,8.216
11,32,1,64.492,93.061,48.131
11,32,2,0.657,2.754,1.64
11,32,3,63.411,88.531,45.434
11,32,4,65.573,97.591,50.828
11,32,5,1.019,2.959,3.407
11,33,1,55.901,97.342,59.957
11,33,2,2.336,4.082,6.192
11,33,3,52.058,90.628,49.772
11,33,4,59.745,97.456,70.142
11,33,5,4.18,4.193,10.328
11,34,1,57.554,98.712,84.563
11,34,2,3.036,5.019,10.584
11,34,3,52.56,90.457,67.153
11,34,4,62.548,99.046,85.834
11,34,5,5.275,5.084,12.516
11,35,1,58.513,98.312,66.083
11,35,2,3.011,4.894,10.451
11,35,3,53.56,90.262,48.892
11,35,4,63.466,98.42,83.274
11,35,5,5.147,4.978,15.815
11,36,1,54.766,98.497,98.446
11,36,2,3.065,5.327,11.282
11,36,3,49.724,89.734,79.889
11,36,4,59.808,98.829,98.787
11,36,5,5.597,5.409,11.46
11,37,1,57.764,94.016,39.431
11,37,2,1.469,1.773,5.133
11,37,3,55.347,91.1,30.989
11,37,4,60.181,96.931,47.873
11,37,5,2.544,1.885,13.016
11,38,1,56.565,98.838,78.326
11,38,2,3.031,5.098,10.728
11,38,3,51.58,90.453,60.68
11,38,4,61.55,99.066,95.972
11,38,5,5.358,5.157,13.697
11,39,1,52.552,99.623,64.577
11,39,2,2.502,4.644,7.13
11,39,3,48.437,91.983,52.85
11,39,4,56.668,99.698,76.305
11,39,5,4.761,4.662,11.041
11,40,1,57.019,98.418,83.258
11,40,2,2.575,4.403,6.894
11,40,3,52.785,91.175,71.919
11,40,4,61.254,98.632,94.598
11,40,5,4.515,4.474,8.28
11,41,1,62.592,97.529,80.082
11,41,2,1.915,3.191,4.758
11,41,3,59.442,92.279,72.257
11,41,4,65.741,97.671,87.908
11,41,5,3.059,3.272,5.941
11,42,1,55.673,98.736,65.456
11,42,2,0.666,0.292,7.485
11,42,3,54.577,98.256,53.144
11,42,4,56.768,99.217,77.768
11,42,5,1.196,0.296,11.435
11,43,1,53.3,98.53,78.3
11,43,2,3.045,5.438,11.45
11,43,3,48.291,89.586,59.466
11,43,4,58.31,98.735,97.134
11,43,5,5.714,5.519,14.624
11,44,1,60.578,98.035,52.032
11,44,2,2.996,4.701,10.196
11,44,3,55.649,90.302,35.262
11,44,4,65.507,98.163,68.803
11,44,5,4.946,4.796,19.595
11,45,1,52.413,98.889,78.547
11,45,2,3.046,5.532,7.719
11,45,3,47.402,89.789,65.85
11,45,4,57.424,99.13,91.244
11,45,5,5.812,5.594,9.828
11,46,1,51.583,99.496,71.271
11,46,2,2.082,3.956,5.164
11,46,3,48.158,92.989,62.776
11,46,4,55.008,99.562,79.765
11,46,5,4.037,3.976,7.246
12,0,1,60.819,98.203,79.282
12,0,2,1.116,0.242,0.929
12,0,3,58.983,97.805,77.754
12,0,4,62.655,98.6,80.81
12,0,5,1.835,0.246,1.172
12,1,1,61.825,97.72,67.508
12,1,2,1.168,1.771,2.443
12,1,3,59.905,94.806,63.491
12,1,4,63.745,97.76,71.526
12,1,5,1.888,1.813,3.618
12,2,1,51.364,99.483,100
12,2,2,3.218,5.973,11.058
12,2,3,46.071,89.659,81.812
12,2,4,56.657,99.598,100
12,2,5,6.265,6.004,11.058
12,3,1,58.852,98.332,96.677
12,3,2,2.821,4.559,7.639
12,3,3,54.213,90.834,84.112
12,3,4,63.492,98.494,96.911
12,3,5,4.793,4.636,7.901
12,4,1,50.734,100,100
12,4,2,3.249,6.106,11.474
12,4,3,45.389,89.957,81.127
12,4,4,56.079,100,100
12,4,5,6.405,6.106,11.474
12,5,1,58.836,98.945,93.417
12,5,2,3.131,5.064,10.54
12,5,3,53.686,90.616,76.081
12,5,4,63.986,99.21,94.129
12,5,5,5.322,5.118,11.282
12,6,1,58.236,99.169,92.591
12,6,2,3.128,5.112,10.635
12,6,3,53.091,90.76,75.099
12,6,4,63.382,99.366,93.226
12,6,5,5.372,5.155,11.486
12,7,1,58.764,99.26,77.806
12,7,2,2.84,4.646,4.029
12,7,3,54.092,91.618,71.179
12,7,4,63.435,99.371,84.433
12,7,5,4.833,4.681,5.178
12,8,1,54.611,98.844,86.89
12,8,2,3.138,5.468,7.661
12,8,3,49.449,89.85,74.289
12,8,4,59.773,99.108,99.491
12,8,5,5.746,5.532,8.817
12,9,1,52.277,99.28,100
12,9,2,3.203,5.839,10.702
12,9,3,47.009,89.676,82.397
12,9,4,57.546,99.542,100
12,9,5,6.127,5.881,10.702
12,10,1,54.167,99.203,100
12,10,2,3.193,5.617,10.979
12,10,3,48.915,89.963,81.941
12,10,4,59.419,99.341,100
12,10,5,5.895,5.662,10.979
12,11,1,62.365,98.919,86.18
12,11,2,2.664,4.061,6.774
12,11,3,57.984,92.239,75.038
12,11,4,66.747,99.017,97.322
12,11,5,4.271,4.106,7.86
12,12,1,60.456,99.088,83.24
12,12,2,2.526,4.084,6.101
12,12,3,56.3,92.371,73.205
12,12,4,64.611,99.178,93.275
12,12,5,4.179,4.121,7.329
12,13,1,56.571,98.767,89.473
12,13,2,3.122,5.249,10.974
12,13,3,51.437,90.134,71.422
12,13,4,61.706,98.98,90.132
12,13,5,5.518,5.314,12.265
12,14,1,63.069,98.585,74.95
12,14,2,2.669,4.102,9.834
12,14,3,58.678,91.837,58.775
12,14,4,67.459,98.792,91.125
12,14,5,4.232,4.161,13.12
12,15,1,58.707,98.281,81.67
12,15,2,3.114,5.044,10.597
12,15,3,53.585,89.985,64.239
12,15,4,63.829,98.542,99.1
12,15,5,5.304,5.132,12.976
12,16,1,57.108,98.656,100
12,16,2,3.13,5.213,10.732
12,16,3,51.961,90.08,82.348
12,16,4,62.256,98.901,100
12,16,5,5.48,5.284,10.732
12,17,1,57.119,98.942,77.033
12,17,2,3.116,5.19,10.923
12,17,3,51.993,90.405,59.066
12,17,4,62.245,99.135,95
12,17,5,5.456,5.246,14.18
12,18,1,66.123,95.602,97.742
12,18,2,1.54,2.981,0.827
12,18,3,63.59,90.699,96.381
12,18,4,68.655,95.999,99.103
12,18,5,2.329,3.118,0.847
12,19,1,65.835,98.905,100
12,19,2,3.143,4.547,9.358
12,19,3,60.665,91.426,84.607
12,19,4,71.005,99.096,100
12,19,5,4.774,4.597,9.358
12,20,1,50.762,99.372,99.689
12,20,2,2.725,5.225,7.939
12,20,3,46.28,90.777,86.63
12,20,4,55.244,99.512,99.784
12,20,5,5.368,5.258,7.964
12,21,1,60.429,97.564,93.254
12,21,2,2.47,3.974,6.092
12,21,3,56.366,91.028,83.235
12,21,4,64.493,97.702,93.488
12,21,5,4.088,4.073,6.532
12,22,1,55.768,98.797,100
12,22,2,3.134,5.346,6.829
12,22,3,50.613,90.003,88.767
12,22,4,60.922,98.935,100
12,22,5,5.619,5.411,6.829
12,23,1,61.343,99.261,92.767
12,23,2,2.631,4.179,6.376
12,23,3,57.016,92.388,82.279
12,23,4,65.67,99.384,93.171
12,23,5,4.288,4.21,6.873
12,24,1,55.549,99.091,92.897
12,24,2,3.145,5.39,11.174
12,24,3,50.375,90.226,74.517
12,24,4,60.722,99.345,93.672
12,24,5,5.662,5.439,12.028
12,25,1,56.042,98.965,90.152
12,25,2,3.131,5.317,11.07
12,25,3,50.891,90.22,71.943
12,25,4,61.192,99.154,90.773
12,25,5,5.588,5.372,12.28
12,26,1,56.25,99.077,100
12,26,2,2.734,4.726,7.372
12,26,3,51.752,91.303,87.873
12,26,4,60.747,99.314,100
12,26,5,4.861,4.77,7.372
12,27,1,56.385,98.694,88.783
12,27,2,3.129,5.28,7.09
12,27,3,51.238,90.01,77.12
12,27,4,61.533,98.883,89.363
12,27,5,5.55,5.349,7.986
12,28,1,59.923,98.989,91.232
12,28,2,3.149,5.003,10.379
12,28,3,54.744,90.759,74.159
12,28,4,65.103,99.06,91.447
12,28,5,5.255,5.054,11.377
12,29,1,65.513,96.114,64.213
12,29,2,1.802,2.431,4.046
12,29,3,62.549,92.115,57.558
12,29,4,68.478,96.2,70.867
12,29,5,2.751,2.53,6.3
12,30,1,61.924,98.996,82.574
12,30,2,3.113,4.784,9.962
12,30,3,56.804,91.128,66.188
12,30,4,67.044,99.152,98.96
12,30,5,5.027,4.832,12.064
12,31,1,53.436,98.919,100
12,31,2,3.155,5.62,11.491
12,31,3,48.246,89.674,81.099
12,31,4,58.626,99.226,100
12,31,5,5.905,5.682,11.491
12,32,1,59.136,97.747,93.835
12,32,2,2.625,4.326,6.646
12,32,3,54.819,90.631,82.903
12,32,4,63.453,97.947,94.174
12,32,5,4.438,4.426,7.083
12,33,1,57.422,98.593,84.047
12,33,2,3.123,5.174,10.818
12,33,3,52.285,90.084,66.253
12,33,4,62.56,98.808,84.811
12,33,5,5.439,5.247,12.871
12,34,1,60.845,97.21,83.674
12,34,2,1.241,2.823,7.532
12,34,3,58.804,92.566,71.284
12,34,4,62.887,97.415,96.064
12,34,5,2.04,2.904,9.002
12,35,1,65.167,98.19,72.881
12,35,2,2.501,3.756,6.719
12,35,3,61.053,92.012,61.828
12,35,4,69.28,98.268,83.933
12,35,5,3.838,3.826,9.22
12,36,1,58.125,98.939,90.169
12,36,2,3.133,5.129,10.688
12,36,3,52.972,90.503,72.588
12,36,4,63.278,99.162,90.897
12,36,5,5.39,5.184,11.854
12,37,1,58.864,98.709,98.296
12,37,2,3.118,5.039,10.532
12,37,3,53.735,90.421,80.973
12,37,4,63.994,99.026,98.667
12,37,5,5.298,5.105,10.715
12,38,1,62.482,97.817,63.051
12,38,2,2.296,3.676,5.941
12,38,3,58.705,91.771,53.279
12,38,4,66.259,97.915,72.824
12,38,5,3.675,3.758,9.423
12,39,1,59.46,98.47,81.794
12,39,2,3.102,4.96,10.442
12,39,3,54.358,90.312,64.619
12,39,4,64.561,98.649,98.97
12,39,5,5.216,5.037,12.766
12,40,1,65.532,98.745,91.609
12,40,2,3.12,4.532,9.449
12,40,3,60.399,91.29,76.066
12,40,4,70.664,98.905,92.039
12,40,5,4.762,4.59,10.315
12,41,1,51.491,99.494,100
12,41,2,3.223,5.969,6.314
12,41,3,46.189,89.676,89.614
12,41,4,56.792,99.601,100
12,41,5,6.259,5.999,6.314
12,42,1,59.087,99.133,97.212
12,42,2,3.149,5.074,10.452
12,42,3,53.907,90.786,80.02
12,42,4,64.267,99.296,97.517
12,42,5,5.33,5.119,10.751
12,43,1,51.986,100,100
12,43,2,3.31,6.05,10.821
12,43,3,46.541,90.049,82.2
12,43,4,57.43,100,100
12,43,5,6.367,6.05,10.821
12,44,1,58.533,98.516,83.974
12,44,2,3.106,5.045,10.631
12,44,3,53.425,90.218,66.486
12,44,4,63.641,98.768,84.856
12,44,5,5.306,5.121,12.66
12,45,1,53.153,99.952,88.874
12,45,2,2.648,4.844,7.364
12,45,3,48.797,91.985,76.761
12,45,4,57.508,99.978,89.404
12,45,5,4.982,4.846,8.286
12,46,1,70.497,97.752,82.307
12,46,2,2.455,3.433,7.063
12,46,3,66.46,92.105,70.69
12,46,4,74.534,97.882,93.925
12,46,5,3.482,3.512,8.581
12,47,1,53.377,98.475,100
12,47,2,3.163,5.64,10.108
12,47,3,48.174,89.198,83.375
12,47,4,58.579,98.831,100
12,47,5,5.926,5.727,10.108
12,48,1,61.376,98.282,80.233
12,48,2,3.094,4.792,10.121
12,48,3,56.287,90.4,63.585
12,48,4,66.465,98.428,96.881
12,48,5,5.041,4.876,12.615
12,49,1,61.848,98.312,84.189
12,49,2,3.095,4.758,10.038
12,49,3,56.757,90.485,67.679
12,49,4,66.94,98.574,85.037
12,49,5,5.005,4.84,11.923
12,50,1,63.639,99.791,83.929
12,50,2,1.243,1.942,0.236
12,50,3,61.595,96.596,83.541
12,50,4,65.683,99.84,84.317
12,50,5,1.953,1.946,0.281
12,51,1,56.908,99.888,90.667
12,51,2,2.98,4.998,3.283
12,51,3,52.007,91.667,85.267
12,51,4,61.809,99.927,96.067
12,51,5,5.236,5.004,3.621
12,52,1,66.062,99.289,95.783
12,52,2,2.633,3.869,6.189
12,52,3,61.732,92.925,85.604
12,52,4,70.393,99.38,96.013
12,52,5,3.985,3.897,6.461
12,53,1,63.505,97.293,89.001
12,53,2,2.528,3.873,5.994
12,53,3,59.348,90.923,79.142
12,53,4,67.663,97.466,98.861
12,53,5,3.98,3.98,6.735
12,54,1,56.596,98.757,100
12,54,2,3.127,5.256,11.018
12,54,3,51.452,90.111,81.877
12,54,4,61.739,98.936,100
12,54,5,5.525,5.322,11.018
12,55,1,65.018,96.887,64.748
12,55,2,2.938,4.095,6.345
12,55,3,60.185,90.151,54.312
12,55,4,69.851,97.01,75.184
12,55,5,4.519,4.226,9.799
12,56,1,50.487,99.994,88.719
12,56,2,0.501,0.992,9.096
12,56,3,49.662,98.362,73.758
12,56,4,51.312,99.999,89.141
12,56,5,0.993,0.992,10.252
12,57,1,59.161,99.694,81.698
12,57,2,1.968,3.27,5.665
12,57,3,55.924,94.315,72.379
12,57,4,62.397,99.743,91.017
12,57,5,3.326,3.28,6.935
12,58,1,56.334,98.843,83.485
12,58,2,3.127,5.281,11.044
12,58,3,51.191,90.157,65.319
12,58,4,61.477,98.957,83.933
12,58,5,5.551,5.343,13.229
12,59,1,56.116,99.028,95.041
12,59,2,2.64,4.595,6.932
12,59,3,51.773,91.47,83.64
12,59,4,60.459,99.162,95.355
12,59,5,4.705,4.64,7.293
12,60,1,57.521,98.314,93.245
12,60,2,3.116,5.151,10.835
12,60,3,52.395,89.841,75.424
12,60,4,62.646,98.578,93.797
12,60,5,5.417,5.239,11.619
12,61,1,61.977,99.341,62.356
12,61,2,2.593,4.082,6.1
12,61,3,57.712,92.626,52.322
12,61,4,66.241,99.43,72.389
12,61,5,4.183,4.109,9.783
12,62,1,56.781,99.44,100
12,62,2,3.19,5.355,10.722
12,62,3,51.534,90.632,82.363
12,62,4,62.029,99.562,100
12,62,5,5.619,5.385,10.722
12,63,1,54.414,98.732,100
12,63,2,3.167,5.541,11.092
12,63,3,49.205,89.618,81.755
12,63,4,59.622,99.007,100
12,63,5,5.82,5.612,11.092
12,64,1,56.151,98.992,89.09
12,64,2,3.137,5.317,11.066
12,64,3,50.991,90.246,70.888
12,64,4,61.312,99.206,89.846
12,64,5,5.588,5.371,12.421
12,65,1,56.562,99.173,97.262
12,65,2,3.133,5.272,10.938
12,65,3,51.408,90.501,79.27
12,65,4,61.716,99.411,97.725
12,65,5,5.54,5.316,11.246
12,66,1,54.865,99.749,81.269
12,66,2,2.676,4.737,6.391
12,66,3,50.463,91.958,70.757
12,66,4,59.266,99.79,91.782
12,66,5,4.877,4.749,7.864
12,67,1,59.517,98.819,84.616
12,67,2,3.11,4.97,10.414
12,67,3,54.402,90.644,67.486
12,67,4,64.633,98.989,85.263
12,67,5,5.226,5.03,12.308
12,68,1,53.941,99.54,83.645
12,68,2,2.634,4.759,7.268
12,68,3,49.608,91.712,71.691
12,68,4,58.274,99.638,95.599
12,68,5,4.884,4.781,8.689
12,69,1,48.837,99.881,99.449
12,69,2,2.804,5.586,8.452
12,69,3,44.225,90.693,85.546
12,69,4,53.449,99.948,99.62
12,69,5,5.742,5.593,8.499
12,70,1,58.948,98.942,97.729
12,70,2,3.139,5.069,10.501
12,70,3,53.784,90.605,80.456
12,70,4,64.112,99.199,98.121
12,70,5,5.326,5.123,10.745
12,71,1,61.784,98.545,93.792
12,71,2,3.109,4.786,10.069
12,71,3,56.67,90.672,77.23
12,71,4,66.898,98.71,94.145
12,71,5,5.032,4.857,10.736
12,72,1,57.117,98.685,96.086
12,72,2,3.143,5.237,10.973
12,72,3,51.947,90.071,78.036
12,72,4,62.287,98.943,96.551
12,72,5,5.503,5.307,11.42
12,73,1,56.023,98.76,96.085
12,73,2,2.689,4.663,7.223
12,73,3,51.601,91.09,84.205
12,73,4,60.445,98.963,96.462
12,73,5,4.799,4.721,7.517
12,74,1,64.653,99.035,100
12,74,2,3.201,4.721,5.092
12,74,3,59.388,91.27,91.624
12,74,4,69.917,99.188,100
12,74,5,4.95,4.767,5.092
12,75,1,66.218,98.727,91.15
12,75,2,2.675,3.865,5.83
12,75,3,61.818,92.369,81.561
12,75,4,70.617,98.839,91.455
12,75,5,4.039,3.915,6.396
12,76,1,56.965,99.23,100
12,76,2,3.198,5.35,10.448
12,76,3,51.705,90.43,82.814
12,76,4,62.224,99.344,100
12,76,5,5.613,5.392,10.448
12,77,1,61.8,98.914,83.958
12,77,2,3.109,4.786,9.988
12,77,3,56.686,91.042,67.529
12,77,4,66.913,99.112,84.769
12,77,5,5.03,4.838,11.897
12,78,1,50.859,99.905,100
12,78,2,2.767,5.302,7.628
12,78,3,46.307,91.184,87.454
12,78,4,55.41,99.954,100
12,78,5,5.44,5.307,7.628
12,79,1,56.997,98.921,100
12,79,2,3.163,5.284,10.403
12,79,3,51.794,90.23,82.889
12,79,4,62.199,99.115,100
12,79,5,5.549,5.342,10.403
12,80,1,58.646,98.949,95.117
12,80,2,3.123,5.066,10.577
12,80,3,53.509,90.616,77.72
12,80,4,63.783,99.213,95.726
12,80,5,5.325,5.12,11.12
12,81,1,56.698,98.902,100
12,81,2,3.15,5.289,6.226
12,81,3,51.517,90.203,89.76
12,81,4,61.88,99.136,100
12,81,5,5.556,5.347,6.226
13,0,1,60.568,97.489,71.051
13,0,2,0.87,0.292,1.685
13,0,3,59.137,97.009,68.279
13,0,4,61.999,97.97,73.823
13,0,5,1.436,0.3,2.371
13,1,1,56.159,99.404,88.854
13,1,2,2.224,3.875,4.321
13,1,3,52.501,93.03,81.747
13,1,4,59.818,99.522,95.961
13,1,5,3.961,3.898,4.863
13,2,1,57.684,98.413,85.746
13,2,2,3.172,5.234,11.237
13,2,3,52.465,89.805,67.264
13,2,4,62.902,98.557,86.19
13,2,5,5.5,5.318,13.104
13,3,1,61.789,98.062,71.821
13,3,2,2.876,4.499,3.659
13,3,3,57.058,90.662,65.803
13,3,4,66.52,98.189,77.839
13,3,5,4.655,4.588,5.094
13,4,1,57.489,98.343,84.105
13,4,2,3.155,5.22,11.282
13,4,3,52.3,89.757,65.548
13,4,4,62.678,98.631,85.054
13,4,5,5.488,5.308,13.414
13,5,1,59.713,98.134,71.395
13,5,2,3.103,4.94,11.029
13,5,3,54.609,90.009,53.255
13,5,4,64.818,98.355,89.536
13,5,5,5.197,5.034,15.447
13,6,1,54.467,98.53,82.406
13,6,2,3.177,5.55,11.977
13,6,3,49.242,89.401,62.707
13,6,4,59.692,98.735,83.151
13,6,5,5.832,5.633,14.534
13,7,1,58.966,98.675,79.879
13,7,2,2.758,4.556,7.245
13,7,3,54.429,91.181,67.963
13,7,4,63.503,98.903,91.795
13,7,5,4.678,4.617,9.069
13,8,1,58.826,98.325,70.145
13,8,2,2.931,4.81,3.697
13,8,3,54.005,90.414,64.064
13,8,4,63.647,98.461,76.227
13,8,5,4.982,4.892,5.271
13,9,1,60.186,96.91,92.591
13,9,2,2.737,4.424,6.938
13,9,3,55.684,89.633,81.179
13,9,4,64.687,97.193,93.043
13,9,5,4.547,4.565,7.493
13,10,1,61.781,97.756,63.983
13,10,2,3.078,4.733,10.092
13,10,3,56.718,89.971,47.382
13,10,4,66.845,97.943,80.583
13,10,5,4.983,4.842,15.774
13,11,1,52.402,99.004,88.106
13,11,2,2.702,5.022,7.932
13,11,3,47.958,90.744,75.058
13,11,4,56.846,99.171,88.717
13,11,5,5.156,5.073,9.003
13,12,1,62.028,96.782,86.439
13,12,2,2.552,4.163,8.056
13,12,3,57.831,89.934,73.188
13,12,4,66.225,97.016,99.689
13,12,5,4.114,4.302,9.32
13,13,1,61.228,97.681,58.601
13,13,2,3.075,4.77,10.955
13,13,3,56.171,89.835,40.581
13,13,4,66.286,97.821,76.621
13,13,5,5.022,4.883,18.695
13,14,1,52.649,98.994,94.602
13,14,2,3.258,5.896,12.181
13,14,3,47.289,89.295,74.565
13,14,4,58.008,99.177,95.049
13,14,5,6.189,5.956,12.876
13,15,1,53.887,98.2,76.796
13,15,2,3.166,5.591,12.231
13,15,3,48.679,89.004,56.677
13,15,4,59.095,98.428,96.914
13,15,5,5.876,5.694,15.927
13,16,1,59.51,98.163,82.629
13,16,2,2.982,4.794,9.356
13,16,3,54.605,90.276,67.24
13,16,4,64.415,98.291,98.018
13,16,5,5.011,4.884,11.323
13,17,1,54.962,98.33,86.121
13,17,2,3.191,5.525,11.855
13,17,3,49.714,89.242,66.622
13,17,4,60.21,98.591,86.915
13,17,5,5.805,5.619,13.765
13,18,1,57.684,99.183,88.305
13,18,2,2.982,4.975,8.733
13,18,3,52.779,91,73.94
13,18,4,62.589,99.32,88.855
13,18,5,5.17,5.016,9.89
13,19,1,55.206,98.148,77.082
13,19,2,3.153,5.433,11.919
13,19,3,50.02,89.211,57.478
13,19,4,60.393,98.379,96.687
13,19,5,5.712,5.536,15.462
13,20,1,48.931,99.15,100
13,20,2,3.371,6.575,12.509
13,20,3,43.387,88.335,79.425
13,20,4,54.476,99.519,100
13,20,5,6.889,6.631,12.509
13,21,1,57.724,93.214,57.793
13,21,2,2.584,3.329,6.672
13,21,3,53.474,87.738,46.819
13,21,4,61.974,98.689,68.767
13,21,5,4.476,3.571,11.544
13,22,1,58.216,98.009,75.621
13,22,2,2.648,4.419,7.337
13,22,3,53.86,90.74,63.552
13,22,4,62.572,98.256,87.69
13,22,5,4.549,4.509,9.703
13,23,1,60.005,98.032,70.946
13,23,2,3.107,4.922,10.974
13,23,3,54.895,89.937,52.894
13,23,4,65.116,98.197,88.997
13,23,5,5.178,5.02,15.469
13,24,1,59.136,97.985,71.103
13,24,2,2.632,4.311,11.192
13,24,3,54.806,90.894,52.694
13,24,4,63.466,98.231,89.512
13,24,5,4.451,4.4,15.74
13,25,1,49.328,99.469,100
13,25,2,3.343,6.464,12.897
13,25,3,43.83,88.836,78.787
13,25,4,54.826,99.587,100
13,25,5,6.776,6.499,12.897
13,26,1,54.389,98.765,93.65
13,26,2,3.213,5.624,11.841
13,26,3,49.104,89.514,74.173
13,26,4,59.673,98.995,94.2
13,26,5,5.907,5.694,12.644
13,27,1,54.899,98.804,94.901
13,27,2,3.213,5.572,11.7
13,27,3,49.613,89.639,75.656
13,27,4,60.184,98.975,95.267
13,27,5,5.853,5.64,12.329
13,28,1,60.647,96.863,70.305
13,28,2,2.249,2.802,6.916
13,28,3,56.948,92.254,58.929
13,28,4,64.346,96.98,81.681
13,28,5,3.708,2.892,9.838
13,29,1,57.101,98.181,67.148
13,29,2,3.105,5.17,7.024
13,29,3,51.993,89.677,55.595
13,29,4,62.209,98.325,78.701
13,29,5,5.439,5.265,10.46
13,30,1,63.634,96.354,86.566
13,30,2,2.369,4.096,0.859
13,30,3,59.738,89.617,85.153
13,30,4,67.53,96.492,87.978
13,30,5,3.722,4.251,0.992
13,31,1,56.66,98.589,86.123
13,31,2,3.181,5.343,11.419
13,31,3,51.427,89.8,67.34
13,31,4,61.892,98.828,86.919
13,31,5,5.614,5.42,13.259
13,32,1,61.513,98.787,87.511
13,32,2,3.158,4.887,10.436
13,32,3,56.318,90.749,70.346
13,32,4,66.708,99.019,88.305
13,32,5,5.135,4.947,11.925
13,33,1,52.195,98.779,99.932
13,33,2,3.287,6.002,12.355
13,33,3,46.788,88.906,79.61
13,33,4,57.602,99.211,99.989
13,33,5,6.298,6.077,12.363
13,34,1,50.779,100,90.679
13,34,2,2.801,5.317,8.45
13,34,3,46.172,91.254,76.779
13,34,4,55.386,100,91.472
13,34,5,5.516,5.317,9.319
13,35,1,61.08,98.15,86.897
13,35,2,2.711,4.307,6.974
13,35,3,56.621,91.066,75.426
13,35,4,65.539,98.417,98.367
13,35,5,4.438,4.388,8.025
13,36,1,58.822,98.714,91.963
13,36,2,2.774,4.59,7.266
13,36,3,54.259,91.163,80.011
13,36,4,63.384,98.963,92.624
13,36,5,4.716,4.65,7.901
13,37,1,53.612,98.599,80.303
13,37,2,3.18,5.645,12.204
13,37,3,48.382,89.314,60.23
13,37,4,58.842,98.789,81.053
13,37,5,5.931,5.725,15.197
13,38,1,55.996,98.081,69.531
13,38,2,3.122,5.3,12.003
13,38,3,50.862,89.363,49.788
13,38,4,61.131,98.417,89.274
13,38,5,5.575,5.404,17.263
13,39,1,61.299,97.869,67.965
13,39,2,3.103,4.811,10.868
13,39,3,56.195,89.955,50.088
13,39,4,66.403,98.134,85.842
13,39,5,5.062,4.916,15.991
13,40,1,52.451,98.684,95.553
13,40,2,3.257,5.915,12.326
13,40,3,47.094,88.954,75.279
13,40,4,57.808,98.952,96.07
13,40,5,6.209,5.994,12.9
13,41,1,61.944,97.787,67.788
13,41,2,3.094,4.747,10.682
13,41,3,56.854,89.979,50.217
13,41,4,67.033,97.94,85.359
13,41,5,4.995,4.854,15.758
13,42,1,57.264,98.653,78.607
13,42,2,3.147,5.228,11.375
13,42,3,52.088,90.053,59.897
13,42,4,62.44,98.894,97.318
13,42,5,5.495,5.299,14.471
13,43,1,53.522,98.644,97.24
13,43,2,3.247,5.778,12
13,43,3,48.182,89.141,77.502
13,43,4,58.862,98.977,97.735
13,43,5,6.066,5.857,12.34
13,44,1,53.124,98.269,79.82
13,44,2,3.195,5.724,12.402
13,44,3,47.87,88.853,59.421
13,44,4,58.379,98.504,80.668
13,44,5,6.013,5.825,15.537
13,45,1,55.85,98.001,77.625
13,45,2,3.155,5.374,11.788
13,45,3,50.66,89.162,58.236
13,45,4,61.039,98.336,97.014
13,45,5,5.649,5.483,15.186
13,46,1,53.211,99.678,77.411
13,46,2,2.614,4.778,7.531
13,46,3,48.911,91.818,65.023
13,46,4,57.511,99.745,89.799
13,46,5,4.913,4.794,9.729
13,47,1,50.683,98.777,100
13,47,2,3.309,6.226,11.694
13,47,3,45.239,88.537,80.765
13,47,4,56.126,99.137,100
13,47,5,6.53,6.303,11.694
13,48,1,62.423,96.572,58.792
13,48,2,0.898,1.407,1.862
13,48,3,60.945,94.257,55.729
13,48,4,63.9,98.886,61.856
13,48,5,1.439,1.457,3.167
13,49,1,54.658,98.994,98.959
13,49,2,3.232,5.63,11.686
13,49,3,49.342,89.733,79.737
13,49,4,59.973,99.174,99.143
13,49,5,5.913,5.688,11.809
13,50,1,61.475,98.483,70.329
13,50,2,3.111,4.813,10.686
13,50,3,56.358,90.567,52.753
13,50,4,66.592,98.658,87.905
13,50,5,5.061,4.887,15.194
13,51,1,64.662,95.639,52.696
13,51,2,1.804,2.504,3.224
13,51,3,61.695,91.52,47.393
13,51,4,67.63,99.758,57.999
13,51,5,2.79,2.618,6.118
13,52,1,59.071,97.774,64.407
13,52,2,3.089,4.969,11.274
13,52,3,53.99,89.601,45.862
13,52,4,64.153,97.946,82.952
13,52,5,5.23,5.082,17.505
13,53,1,56.445,98.657,88.402
13,53,2,3.173,5.349,11.425
13,53,3,51.226,89.858,69.609
13,53,4,61.665,98.858,89.023
13,53,5,5.622,5.422,12.924
13,54,1,60.376,99.662,92.75
13,54,2,1.18,1.944,1.543
13,54,3,58.436,96.464,90.211
13,54,4,62.316,99.727,95.288
13,54,5,1.954,1.951,1.664
13,55,1,56.161,97.97,73.871
13,55,2,3.137,5.311,11.774
13,55,3,51.001,89.233,54.504
13,55,4,61.321,98.214,93.237
13,55,5,5.585,5.421,15.939
13,56,1,62.028,96.567,65.163
13,56,2,2.676,4.29,10.836
13,56,3,57.626,89.512,47.339
13,56,4,66.429,96.777,82.986
13,56,5,4.314,4.442,16.629
13,57,1,55.658,99.914,81.078
13,57,2,0.761,1.365,7.982
13,57,3,54.406,97.669,67.949
13,57,4,56.91,99.958,94.208
13,57,5,1.368,1.366,9.845
13,58,1,55.599,98.242,82.306
13,58,2,3.179,5.441,11.722
13,58,3,50.37,89.292,63.025
13,58,4,60.828,98.472,83.074
13,58,5,5.718,5.539,14.242
13,59,1,62.451,98.358,86.554
13,59,2,2.427,3.785,5.855
13,59,3,58.459,92.133,76.924
13,59,4,66.442,98.505,96.184
13,59,5,3.886,3.848,6.764
13,60,1,55.34,98.567,82.502
13,60,2,3.164,5.441,11.752
13,60,3,50.135,89.618,63.171
13,60,4,60.545,98.78,83.289
13,60,5,5.718,5.52,14.245
13,61,1,58.555,98.032,44.852
13,61,2,3.046,4.94,6.91
13,61,3,53.545,89.907,33.485
13,61,4,63.565,98.166,56.218
13,61,5,5.202,5.039,15.407
13,62,1,61.838,99.379,90.631
13,62,2,1.746,2.792,4.306
13,62,3,58.965,94.788,83.548
13,62,4,64.71,99.482,97.714
13,62,5,2.824,2.809,4.751
13,63,1,63.044,95.743,54.041
13,63,2,1.368,2.376,3.498
13,63,3,60.794,91.835,48.288
13,63,4,65.295,99.651,59.794
13,63,5,2.17,2.482,6.472
13,64,1,54.72,98.226,89.891
13,64,2,3.207,5.579,7.86
13,64,3,49.445,89.049,76.962
13,64,4,59.995,98.516,90.62
13,64,5,5.861,5.68,8.744
13,65,1,62.217,97.878,75.098
13,65,2,3.103,4.741,10.547
13,65,3,57.112,90.08,57.749
13,65,4,67.322,98.169,92.446
13,65,5,4.988,4.844,14.045
13,66,1,61.876,98.01,62.11
13,66,2,3.071,4.716,10.796
13,66,3,56.824,90.253,44.353
13,66,4,66.928,98.28,79.867
13,66,5,4.964,4.811,17.382
13,67,1,66.87,96.63,82.616
13,67,2,2.289,3.488,5.794
13,67,3,63.106,90.893,73.086
13,67,4,70.634,96.801,92.147
13,67,5,3.422,3.609,7.013
13,68,1,53.427,99.003,95.758
13,68,2,3.233,5.763,12.006
13,68,3,48.109,89.523,76.011
13,68,4,58.745,99.198,96.182
13,68,5,6.052,5.821,12.537
13,69,1,61.633,97.439,55.587
13,69,2,2.996,4.679,7.838
13,69,3,56.705,89.742,42.695
13,69,4,66.561,97.529,68.479
13,69,5,4.861,4.802,14.1
13,70,1,64.993,97.082,76.713
13,70,2,2.675,4.01,6.516
13,70,3,60.592,90.485,65.995
13,70,4,69.393,97.35,87.432
13,70,5,4.116,4.131,8.494
13,71,1,51.788,98.688,100
13,71,2,3.294,6.062,12.344
13,71,3,46.371,88.717,79.696
13,71,4,57.206,98.965,100
13,71,5,6.36,6.143,12.344
13,72,1,59.485,97.459,61.086
13,72,2,3.103,4.956,7.458
13,72,3,54.381,89.306,48.818
13,72,4,64.589,97.789,73.354
13,72,5,5.216,5.086,12.21
13,73,1,56.03,98.742,89.527
13,73,2,3.18,5.401,11.52
13,73,3,50.799,89.857,70.578
13,73,4,61.261,98.882,89.945
13,73,5,5.676,5.47,12.867
13,74,1,68.957,98.059,83.133
13,74,2,2.642,3.739,5.874
13,74,3,64.61,91.909,73.471
13,74,4,73.303,98.232,92.795
13,74,5,3.832,3.813,7.066
13,75,1,60.734,97.745,66.635
13,75,2,3.091,4.835,10.957
13,75,3,55.651,89.793,48.611
13,75,4,65.818,97.975,84.658
13,75,5,5.089,4.946,16.444
13,76,1,63.706,96.773,73.342
13,76,2,2.426,3.86,5.545
13,76,3,59.716,90.423,64.221
13,76,4,67.696,96.89,82.463
13,76,5,3.808,3.989,7.561
13,77,1,65.047,98.247,77.298
13,77,2,2.035,3.172,5.889
13,77,3,61.699,93.029,67.611
13,77,4,68.395,98.319,86.985
13,77,5,3.129,3.229,7.619
13,78,1,53.171,99.065,100
13,78,2,3.254,5.83,11.883
13,78,3,47.819,89.476,80.453
13,78,4,58.523,99.236,100
13,78,5,6.12,5.885,11.883
13,79,1,52.274,98.643,88.646
13,79,2,3.243,5.91,12.423
13,79,3,46.94,88.922,68.212
13,79,4,57.608,98.954,89.617
13,79,5,6.204,5.991,14.014
13,80,1,55.608,98.89,94.773
13,80,2,3.203,5.482,11.517
13,80,3,50.34,89.872,75.829
13,80,4,60.875,99.048,95.131
13,80,5,5.759,5.544,12.152
13,81,1,63.405,98.746,78.308
13,81,2,2.602,4.005,6.291
13,81,3,59.125,92.158,67.96
13,81,4,67.684,98.873,88.656
13,81,5,4.103,4.056,8.034
13,82,1,61.123,97.136,60.036
13,82,2,2.586,4.102,7.029
13,82,3,56.868,90.389,48.474
13,82,4,65.377,97.393,71.598
13,82,5,4.232,4.223,11.709
13,83,1,58.617,96.118,43.866
13,83,2,2.467,4.102,7.036
13,83,3,54.559,89.37,32.292
13,83,4,62.675,96.307,55.439
13,83,5,4.209,4.268,16.04
13,84,1,57.077,97.642,76.784
13,84,2,2.406,4.061,3.938
13,84,3,53.119,90.962,70.307
13,84,4,61.035,97.822,83.262
13,84,5,4.216,4.159,5.128
14,0,1,62.758,97.846,46.906
14,0,2,0.606,0.2,1.124
14,0,3,61.762,97.517,45.056
14,0,4,63.755,98.176,48.755
14,0,5,0.965,0.205,2.397
14,1,1,61.048,98.786,58.352
14,1,2,2.567,4.098,6.357
14,1,3,56.827,92.045,47.895
14,1,4,65.27,98.951,68.81
14,1,5,4.204,4.149,10.895
14,2,1,62.354,98.857,50.534
14,2,2,3.069,4.688,9.747
14,2,3,57.307,91.146,34.502
14,2,4,67.402,99.009,66.565
14,2,5,4.921,4.743,19.287
14,3,1,61.268,98.632,61.046
14,3,2,3.057,4.752,9.922
14,3,3,56.24,90.815,44.726
14,3,4,66.296,98.801,77.367
14,3,5,4.989,4.818,16.253
14,4,1,54.959,98.766,75.94
14,4,2,3.076,5.332,11.118
14,4,3,49.899,89.996,57.653
14,4,4,60.018,99.093,94.227
14,4,5,5.597,5.398,14.64
14,5,1,61.48,98.469,55.165
14,5,2,3.052,4.728,9.931
14,5,3,56.46,90.692,38.831
14,5,4,66.5,98.687,71.499
14,5,5,4.964,4.802,18.001
14,6,1,59.749,98.039,59.541
14,6,2,1.47,1.321,1.666
14,6,3,57.331,95.866,56.801
14,6,4,62.167,98.17,62.281
14,6,5,2.461,1.348,2.798
14,7,1,58.613,98.921,71.548
14,7,2,3.066,4.982,10.371
14,7,3,53.57,90.726,54.49
14,7,4,63.656,99.157,88.606
14,7,5,5.231,5.037,14.495
14,8,1,63.271,98.346,58.043
14,8,2,3.05,4.592,9.618
14,8,3,58.254,90.792,42.222
14,8,4,68.288,98.449,73.864
14,8,5,4.821,4.67,16.571
14,9,1,60.647,98.67,53.689
14,9,2,3.057,4.801,10.045
14,9,3,55.619,90.774,37.166
14,9,4,65.676,98.851,70.212
14,9,5,5.041,4.866,18.71
14,10,1,61.632,99.072,86.347
14,10,2,2.673,4.203,6.676
14,10,3,57.235,92.158,75.366
14,10,4,66.03,99.311,97.328
14,10,5,4.338,4.243,7.732
14,11,1,55.203,98.946,85.45
14,11,2,3.095,5.343,11.05
14,11,3,50.112,90.158,67.274
14,11,4,60.294,99.247,86.692
14,11,5,5.607,5.4,12.932
14,12,1,56.804,98.788,78.618
14,12,2,3.081,5.167,10.74
14,12,3,51.736,90.288,60.951
14,12,4,61.872,99.145,96.284
14,12,5,5.424,5.231,13.662
14,13,1,63.314,98.639,63.097
14,13,2,2.462,3.781,5.692
14,13,3,59.265,92.42,53.734
14,13,4,67.364,98.744,72.459
14,13,5,3.888,3.833,9.021
14,14,1,56.664,98.669,75.841
14,14,2,3.073,5.166,10.755
14,14,3,51.61,90.172,58.151
14,14,4,61.718,98.944,93.53
14,14,5,5.423,5.235,14.18
14,15,1,60.851,98.501,55.644
14,15,2,3.052,4.777,9.997
14,15,3,55.83,90.642,39.2
14,15,4,65.871,98.61,72.087
14,15,5,5.016,4.85,17.966
14,16,1,60.207,98.697,67.251
14,16,2,3.054,4.831,10.099
14,16,3,55.184,90.751,50.64
14,16,4,65.231,98.828,83.862
14,16,5,5.073,4.895,15.017
14,17,1,58.315,99.185,77.74
14,17,2,3.08,5.031,10.381
14,17,3,53.249,90.909,60.665
14,17,4,63.381,99.361,94.816
14,17,5,5.282,5.073,13.354
14,18,1,59.029,98.227,58.327
14,18,2,2.821,4.5,2.011
14,18,3,54.388,90.825,55.019
14,18,4,63.669,98.348,61.635
14,18,5,4.779,4.582,3.448
14,19,1,55.407,100,80.255
14,19,2,3.262,5.587,10.978
14,19,3,50.042,90.811,62.197
14,19,4,60.772,100,98.313
14,19,5,5.887,5.587,13.679
14,20,1,60.702,99.139,71.155
14,20,2,3.091,4.853,9.975
14,20,3,55.617,91.156,54.748
14,20,4,65.787,99.332,87.562
14,20,5,5.093,4.895,14.019
14,21,1,59.639,98.863,64.223
14,21,2,3.064,4.894,10.201
14,21,3,54.599,90.814,47.445
14,21,4,64.679,99.031,81.002
14,21,5,5.138,4.95,15.883
14,22,1,65.246,99.002,71.588
14,22,2,2.531,3.798,5.708
14,22,3,61.083,92.755,62.2
14,22,4,69.408,99.113,80.977
14,22,5,3.879,3.836,7.973
14,23,1,67.263,98.958,45.525
14,23,2,1.961,2.867,6.737
14,23,3,64.038,94.242,34.445
14,23,4,70.488,99.022,56.606
14,23,5,2.915,2.897,14.797
14,24,1,57.909,98.782,61.144
14,24,2,3.065,5.041,10.499
14,24,3,52.867,90.49,43.874
14,24,4,62.951,98.93,78.413
14,24,5,5.293,5.103,17.171
14,25,1,62.681,98.433,69.188
14,25,2,3.058,4.649,9.721
14,25,3,57.65,90.787,53.199
14,25,4,67.711,98.629,85.178
14,25,5,4.879,4.723,14.05
14,26,1,61.084,98.874,78.538
14,26,2,3.068,4.785,9.969
14,26,3,56.037,91.004,62.14
14,26,4,66.13,99.154,94.936
14,26,5,5.023,4.839,12.693
14,27,1,57.171,99.427,76.512
14,27,2,2.626,4.489,6.854
14,27,3,52.852,92.043,65.239
14,27,4,61.49,99.553,87.786
14,27,5,4.593,4.515,8.958
14,28,1,56.294,99.297,84.397
14,28,2,3.102,5.251,10.81
14,28,3,51.192,90.66,66.616
14,28,4,61.396,99.635,86.373
14,28,5,5.51,5.288,12.809
14,29,1,55.429,98.853,75.726
14,29,2,3.073,5.28,10.985
14,29,3,50.375,90.168,57.658
14,29,4,60.483,99.04,93.795
14,29,5,5.543,5.341,14.506
14,30,1,52.566,99.544,64.227
14,30,2,2.512,4.657,6.888
14,30,3,48.434,91.885,52.897
14,30,4,56.699,99.612,75.557
14,30,5,4.779,4.678,10.725
14,31,1,52.655,99.599,93.119
14,31,2,3.106,5.621,11.524
14,31,3,47.545,90.354,74.164
14,31,4,57.764,99.818,94.276
14,31,5,5.899,5.643,12.376
14,32,1,57.535,99.021,81.4
14,32,2,3.067,5.077,10.566
14,32,3,52.491,90.671,64.021
14,32,4,62.58,99.305,98.779
14,32,5,5.33,5.127,12.98
14,33,1,58.07,98.767,74.419
14,33,2,3.063,5.024,10.471
14,33,3,53.031,90.503,57.195
14,33,4,63.108,98.943,91.643
14,33,5,5.275,5.087,14.071
14,34,1,54.866,99.333,93.858
14,34,2,3.147,5.47,11.137
14,34,3,49.69,90.336,75.538
14,34,4,60.042,99.671,95.104
14,34,5,5.735,5.506,11.866
14,35,1,60.427,96.984,64.619
14,35,2,2.468,3.986,6.17
14,35,3,56.368,90.428,54.471
14,35,4,64.486,97.161,74.767
14,35,5,4.084,4.11,9.548
14,36,1,64.934,98.743,65.743
14,36,2,2.557,3.803,5.997
14,36,3,60.728,92.487,55.879
14,36,4,69.141,98.916,75.607
14,36,5,3.938,3.852,9.122
14,37,1,64.127,98.817,64.61
14,37,2,2.57,3.909,5.984
14,37,3,59.899,92.387,54.767
14,37,4,68.354,98.965,74.453
14,37,5,4.008,3.956,9.262
14,38,1,57.343,98.936,74.119
14,38,2,3.103,5.158,10.628
14,38,3,52.239,90.453,56.637
14,38,4,62.448,99.269,91.601
14,38,5,5.412,5.213,14.34
14,39,1,61.13,97.517,35.339
14,39,2,1.02,1.629,1.598
14,39,3,59.452,94.838,32.712
14,39,4,62.808,97.547,37.967
14,39,5,1.669,1.67,4.52
14,40,1,57.281,98.823,80.7
14,40,2,3.067,5.099,10.629
14,40,3,52.237,90.436,63.216
14,40,4,62.325,99.084,98.184
14,40,5,5.354,5.16,13.171
14,41,1,57.085,99.055,84.865
14,41,2,3.1,5.175,10.66
14,41,3,51.986,90.542,67.331
14,41,4,62.184,99.322,86.053
14,41,5,5.431,5.225,12.561
14,42,1,57.832,99.517,77.827
14,42,2,3.098,5.105,10.484
14,42,3,52.735,91.121,60.582
14,42,4,62.928,99.668,95.071
14,42,5,5.357,5.129,13.471
14,43,1,60.188,98.996,65.008
14,43,2,3.07,4.858,10.085
14,43,3,55.139,91.005,48.421
14,43,4,65.237,99.144,81.596
14,43,5,5.1,4.907,15.513
14,44,1,60.806,98.252,49.671
14,44,2,2.99,4.701,4.475
14,44,3,55.889,90.518,42.31
14,44,4,65.724,98.372,57.031
14,44,5,4.916,4.785,9.009
14,45,1,57.452,99.18,70.733
14,45,2,2.569,4.341,6.779
14,45,3,53.225,92.039,59.582
14,45,4,61.678,99.325,81.884
14,45,5,4.472,4.377,9.584
14,46,1,60.435,98.634,63.307
14,46,2,3.053,4.811,10.062
14,46,3,55.413,90.72,46.757
14,46,4,65.457,98.783,79.858
14,46,5,5.052,4.878,15.894
14,47,1,62.227,97.905,72.865
14,47,2,2.576,4.026,6.249
14,47,3,57.989,91.283,62.587
14,47,4,66.464,98.113,83.143
14,47,5,4.14,4.112,8.576
14,48,1,56.524,98.604,69.824
14,48,2,3.072,5.178,10.788
14,48,3,51.47,90.086,52.08
14,48,4,61.578,98.804,87.568
14,48,5,5.436,5.252,15.45
14,49,1,63.253,98.427,68.093
14,49,2,3.17,4.786,9.776
14,49,3,58.039,90.555,52.013
14,49,4,68.467,98.707,84.173
14,49,5,5.012,4.862,14.357
14,50,1,61.625,94.833,61.75
14,50,2,1.45,1.94,4.652
14,50,3,59.239,91.642,54.099
14,50,4,64.01,98.024,69.402
14,50,5,2.353,2.046,7.533
14,51,1,60.064,98.213,55.316
14,51,2,3.073,4.877,10.251
14,51,3,55.009,90.192,38.455
14,51,4,65.12,98.394,72.177
14,51,5,5.117,4.965,18.532
14,52,1,55.331,99.492,84.86
14,52,2,3.1,5.338,10.948
14,52,3,50.232,90.711,66.852
14,52,4,60.43,99.69,86.141
14,52,5,5.603,5.365,12.901
14,53,1,59.731,98.824,46.796
14,53,2,1.17,2.626,3.795
14,53,3,57.807,94.505,40.553
14,53,4,61.656,98.886,53.039
14,53,5,1.959,2.657,8.11
14,54,1,53.077,99.253,80.438
14,54,2,3.127,5.616,11.455
14,54,3,47.934,90.015,61.596
14,54,4,58.221,99.5,99.28
14,54,5,5.891,5.658,14.241
14,55,1,58.825,98.807,65.421
14,55,2,3.058,4.951,10.337
14,55,3,53.794,90.662,48.418
14,55,4,63.855,98.978,82.424
14,55,5,5.199,5.011,15.801
14,56,1,56.972,98.4,100
14,56,2,3.087,5.164,10.816
14,56,3,51.894,89.906,82.21
14,56,4,62.049,98.991,100
14,56,5,5.418,5.248,10.816
14,57,1,59.24,98.824,77.978
14,57,2,3.07,4.937,10.285
14,57,3,54.19,90.703,61.06
14,57,4,64.29,99.173,94.895
14,57,5,5.183,4.996,13.19
14,58,1,55.048,99.433,69.396
14,58,2,2.632,4.659,7.197
14,58,3,50.72,91.769,57.559
14,58,4,59.377,99.571,81.234
14,58,5,4.78,4.686,10.37
14,59,1,61.414,98.907,66.96
14,59,2,3.066,4.755,9.893
14,59,3,56.372,91.086,50.688
14,59,4,66.457,99.102,83.231
14,59,5,4.992,4.807,14.774
14,60,1,52.127,99.121,91.051
14,60,2,3.124,5.714,11.731
14,60,3,46.988,89.723,71.755
14,60,4,57.266,99.404,92.061
14,60,5,5.994,5.765,12.884
14,61,1,53.442,99.847,90.915
14,61,2,3.158,5.637,11.358
14,61,3,48.247,90.575,72.233
14,61,4,58.637,99.909,91.483
14,61,5,5.91,5.646,12.493
14,62,1,57.09,98.785,84.108
14,62,2,3.083,5.145,10.692
14,62,3,52.019,90.323,66.52
14,62,4,62.16,99.167,85.662
14,62,5,5.4,5.208,12.713
14,63,1,62.38,98.337,51.198
14,63,2,3.051,4.659,5.526
14,63,3,57.361,90.673,42.109
14,63,4,67.399,98.427,60.287
14,63,5,4.891,4.738,10.793
14,64,1,60.306,98.479,72.075
14,64,2,3.053,4.821,10.11
14,64,3,55.284,90.548,55.446
14,64,4,65.327,98.638,88.704
14,64,5,5.062,4.896,14.027
14,65,1,57.714,98.987,75.941
14,65,2,3.077,5.079,10.55
14,65,3,52.652,90.633,58.587
14,65,4,62.775,99.195,93.294
14,65,5,5.332,5.131,13.893
14,66,1,58.756,98.541,61.578
14,66,2,2.529,4.215,6.278
14,66,3,54.596,91.608,51.251
14,66,4,62.917,98.668,71.905
14,66,5,4.305,4.278,10.196
14,67,1,67.32,96.826,39.433
14,67,2,2.009,3.154,3.25
14,67,3,64.016,91.638,34.087
14,67,4,70.624,96.899,44.779
14,67,5,2.984,3.257,8.242
14,68,1,55.799,100,73.889
14,68,2,2.677,4.664,7.156
14,68,3,51.395,92.329,62.119
14,68,4,60.202,100,85.658
14,68,5,4.798,4.664,9.684
14,69,1,49.681,99.263,98.55
14,69,2,3.133,6.012,12.299
14,69,3,44.528,89.374,78.319
14,69,4,54.834,99.482,98.871
14,69,5,6.306,6.057,12.48
14,70,1,66.933,97.95,43.095
14,70,2,2.579,3.802,6.23
14,70,3,62.691,91.696,32.847
14,70,4,71.174,98.017,53.343
14,70,5,3.853,3.882,14.457
14,71,1,54.335,99.344,80.445
14,71,2,3.09,5.417,11.209
14,71,3,49.253,90.433,62.007
14,71,4,59.418,99.644,98.883
14,71,5,5.687,5.453,13.934
14,72,1,59.97,98.777,78.673
14,72,2,3.057,4.854,10.193
14,72,3,54.942,90.793,61.907
14,72,4,64.998,99.057,95.44
14,72,5,5.097,4.914,12.957
14,73,1,62.671,98.971,64.478
14,73,2,2.449,3.818,5.682
14,73,3,58.643,92.69,55.132
14,73,4,66.699,99.057,73.824
14,73,5,3.908,3.858,8.813
14,74,1,59.999,98.93,72.304
14,74,2,2.598,4.216,6.576
14,74,3,55.726,91.995,61.487
14,74,4,64.273,99.108,83.12
14,74,5,4.33,4.262,9.095
14,75,1,58.957,98.722,76.742
14,75,2,3.07,4.96,10.345
14,75,3,53.907,90.563,59.727
14,75,4,64.007,99.108,93.758
14,75,5,5.207,5.025,13.48
14,76,1,57.545,99.019,83.41
14,76,2,3.075,5.09,10.577
14,76,3,52.486,90.646,66.012
14,76,4,62.603,99.39,85.186
14,76,5,5.344,5.141,12.681
14,77,1,56.996,98.837,68.112
14,77,2,3.076,5.141,10.679
14,77,3,51.936,90.38,50.547
14,77,4,62.056,98.985,85.677
14,77,5,5.397,5.202,15.678
14,78,1,61.008,98.412,64.601
14,78,2,3.054,4.768,9.994
14,78,3,55.984,90.569,48.162
14,78,4,66.032,98.573,81.04
14,78,5,5.006,4.845,15.471
14,79,1,60.786,98.495,62.275
14,79,2,3.051,4.78,10.046
14,79,3,55.768,90.632,45.751
14,79,4,65.805,98.709,78.8
14,79,5,5.019,4.853,16.132
14,80,1,57.083,98.22,79.408
14,80,2,2.73,4.655,7.395
14,80,3,52.593,90.562,67.245
14,80,4,61.573,98.63,91.571
14,80,5,4.782,4.74,9.312
14,81,1,52.796,99.189,100
14,81,2,3.117,5.627,7.668
14,81,3,47.669,89.934,87.388
14,81,4,57.923,99.503,100
14,81,5,5.904,5.673,7.668
14,82,1,68.404,95.282,59.391
14,82,2,0.688,2.358,7.716
14,82,3,67.273,91.403,46.699
14,82,4,69.536,99.161,72.082
14,82,5,1.006,2.475,12.992
14,83,1,61.927,98.776,47.315
14,83,2,2.397,3.771,5.65
14,83,3,57.984,92.573,38.021
14,83,4,65.87,98.862,56.609
14,83,5,3.871,3.818,11.942
14,84,1,61.107,98.863,77.264
14,84,2,3.07,4.786,9.932
14,84,3,56.058,90.991,60.927
14,84,4,66.156,99.054,93.6
14,84,5,5.023,4.841,12.855
14,85,1,57.03,98.743,59.597
14,85,2,3.069,5.125,10.696
14,85,3,51.982,90.313,42.003
14,85,4,62.078,98.875,77.191
14,85,5,5.381,5.191,17.948
14,86,1,61.001,98.831,62.307
14,86,2,3.069,4.794,9.981
14,86,3,55.952,90.946,45.89
14,86,4,66.049,99.003,78.725
14,86,5,5.032,4.85,16.019
14,87,1,59.295,98.754,78.968
14,87,2,3.064,4.922,10.261
14,87,3,54.254,90.658,62.09
14,87,4,64.335,98.947,95.846
14,87,5,5.168,4.984,12.994
14,88,1,57.776,98.936,68.07
14,88,2,3.072,5.064,10.506
14,88,3,52.724,90.607,50.789
14,88,4,62.828,99.116,85.352
14,88,5,5.316,5.118,15.434
14,89,1,55.609,98.808,66.372
14,89,2,3.075,5.267,11.026
14,89,3,50.552,90.145,48.235
14,89,4,60.666,99.177,84.509
14,89,5,5.529,5.33,16.613
14,90,1,57.533,99.092,81.393
14,90,2,3.084,5.106,10.562
14,90,3,52.461,90.693,64.02
14,90,4,62.605,99.329,98.765
14,90,5,5.36,5.153,12.976
14,91,1,58.256,98.636,73.746
14,91,2,3.061,5.004,10.458
14,91,3,53.222,90.406,56.545
14,91,4,63.291,98.773,90.947
14,91,5,5.254,5.073,14.181
14,92,1,54.753,98.808,74.227
14,92,2,3.093,5.383,11.136
14,92,3,49.666,89.954,55.909
14,92,4,59.841,99.041,92.544
14,92,5,5.649,5.448,15.003
14,93,1,64.271,99.204,45.969
14,93,2,1.97,3.014,4.657
14,93,3,61.03,94.246,38.309
14,93,4,67.513,99.256,53.63
14,93,5,3.066,3.039,10.131
14,94,1,63.379,98.548,59.092
14,94,2,3.054,4.59,9.588
14,94,3,58.356,90.999,43.321
14,94,4,68.402,98.678,74.862
14,94,5,4.818,4.657,16.225
14,95,1,57.058,98.439,68.236
14,95,2,3.068,5.122,10.737
14,95,3,52.012,90.014,50.575
14,95,4,62.105,98.723,85.897
14,95,5,5.377,5.203,15.735
14,96,1,58.651,98.746,70.051
14,96,2,3.059,4.968,10.366
14,96,3,53.619,90.575,53
14,96,4,63.684,98.918,87.101
14,96,5,5.216,5.031,14.798
14,97,1,67.186,97.721,37.323
14,97,2,1.538,2.128,2.911
14,97,3,64.656,94.221,32.536
14,97,4,69.716,97.762,42.111
14,97,5,2.289,2.178,7.798
14,98,1,64.418,97.639,43.667
14,98,2,1.338,2.033,2.552
14,98,3,62.217,94.295,39.469
14,98,4,66.619,97.682,47.864
14,98,5,2.077,2.082,5.844
14,99,1,55.92,98.983,72.886
14,99,2,3.073,5.235,10.906
14,99,3,50.865,90.373,54.948
14,99,4,60.975,99.202,90.825
14,99,5,5.496,5.288,14.963
14,100,1,60.011,98.906,73.424
14,100,2,2.805,4.513,2.251
14,100,3,55.397,91.483,69.722
14,100,4,64.625,99.033,77.126
14,100,5,4.674,4.563,3.066
14,101,1,66.428,97.947,44.967
14,101,2,1.364,2.076,2.567
14,101,3,64.183,94.533,40.746
14,101,4,68.672,97.99,49.189
14,101,5,2.054,2.119,5.708
14,102,1,56.7,99.261,75.228
14,102,2,3.086,5.185,10.736
14,102,3,51.624,90.732,57.569
14,102,4,61.777,99.491,92.887
14,102,5,5.443,5.224,14.272
14,103,1,58.743,98.71,72.278
14,103,2,3.066,4.971,10.377
14,103,3,53.7,90.533,55.209
14,103,4,63.786,98.992,89.347
14,103,5,5.219,5.036,14.357
14,104,1,52.298,99.508,84.319
14,104,2,3.135,5.715,11.615
14,104,3,47.141,90.107,65.214
14,104,4,57.456,99.726,85.819
14,104,5,5.995,5.744,13.775
14,105,1,60.703,98.455,62.896
14,105,2,3.052,4.789,10.046
14,105,3,55.682,90.577,46.372
14,105,4,65.724,98.639,79.42
14,105,5,5.028,4.864,15.972
14,106,1,57.618,98.979,61.612
14,106,2,3.081,5.093,10.796
14,106,3,52.551,90.602,43.854
14,106,4,62.686,99.273,79.37
14,106,5,5.347,5.146,17.523
14,107,1,57.712,99.206,72.739
14,107,2,3.075,5.075,10.529
14,107,3,52.654,90.859,55.421
14,107,4,62.77,99.442,90.058
14,107,5,5.328,5.115,14.475
14,108,1,62.59,98.881,65.209
14,108,2,2.515,3.914,5.991
14,108,3,58.453,92.443,55.354
14,108,4,66.726,99.003,75.063
14,108,5,4.018,3.958,9.188
14,109,1,58.065,98.58,65.93
14,109,2,3.058,5.016,10.527
14,109,3,53.035,90.329,48.615
14,109,4,63.095,98.78,83.245
14,109,5,5.267,5.088,15.967
14,110,1,57.236,98.988,70.786
14,110,2,3.079,5.125,10.621
14,110,3,52.17,90.558,53.315
14,110,4,62.301,99.18,88.256
14,110,5,5.38,5.178,15.005
14,111,1,59.262,98.884,61.349
14,111,2,3.06,4.918,10.324
14,111,3,54.228,90.795,44.367
14,111,4,64.296,99.165,78.33
14,111,5,5.164,4.974,16.828
14,112,1,57.887,98.92,74.194
14,112,2,3.082,5.073,10.513
14,112,3,52.817,90.576,56.901
14,112,4,62.956,99.203,91.486
14,112,5,5.324,5.128,14.17
14,113,1,56.784,98.938,63.064
14,113,2,3.07,5.149,10.755
14,113,3,51.734,90.468,45.374
14,113,4,61.834,99.123,80.753
14,113,5,5.407,5.205,17.054
14,114,1,58.873,98.689,61.888
14,114,2,3.061,4.951,10.348
14,114,3,53.839,90.545,44.868
14,114,4,63.908,98.878,78.909
14,114,5,5.199,5.017,16.72
14,115,1,57.458,99.388,85.118
14,115,2,3.092,5.127,10.539
14,115,3,52.372,90.956,67.782
14,115,4,62.544,99.608,86.375
14,115,5,5.381,5.158,12.382
14,116,1,66.154,98.677,77.844
14,116,2,3.088,4.45,9.265
14,116,3,61.075,91.357,62.605
14,116,4,71.232,98.854,93.084
14,116,5,4.667,4.51,11.902
14,117,1,55.697,98.899,79.583
14,117,2,3.092,5.289,10.945
14,117,3,50.611,90.199,61.579
14,117,4,60.782,99.236,97.586
14,117,5,5.551,5.348,13.754
14,118,1,56.51,98.736,73.676
14,118,2,3.084,5.199,10.787
14,118,3,51.438,90.185,55.933
14,118,4,61.582,98.908,91.419
14,118,5,5.457,5.265,14.641
14,119,1,59.18,99.38,66.103
14,119,2,2.562,4.217,6.389
14,119,3,54.965,92.443,55.594
14,119,4,63.394,99.481,76.611
14,119,5,4.33,4.244,9.665
14,120,1,62.934,97.047,39.696
14,120,2,1.248,1.911,2.143
14,120,3,60.881,93.904,36.172
14,120,4,64.986,97.08,43.22
14,120,5,1.983,1.969,5.398
14,121,1,60.063,98.569,56.175
14,121,2,3.054,4.843,10.143
14,121,3,55.04,90.604,39.491
14,121,4,65.087,98.717,72.859
14,121,5,5.085,4.913,18.056
14,122,1,57.872,99.035,82.319
14,122,2,3.076,5.062,10.493
14,122,3,52.813,90.708,65.059
14,122,4,62.931,99.284,99.579
14,122,5,5.314,5.112,12.747
14,123,1,58.843,98.188,73.367
14,123,2,2.717,4.53,3.482
14,123,3,54.373,90.736,67.639
14,123,4,63.312,98.411,79.095
14,123,5,4.618,4.614,4.746
14,124,1,61.638,98.755,59.66
14,124,2,3.057,4.723,9.836
14,124,3,56.61,90.986,43.48
14,124,4,66.666,98.856,75.839
14,124,5,4.959,4.783,16.487
14,125,1,59.355,98.907,66.533
14,125,2,3.062,4.914,10.23
14,125,3,54.318,90.824,49.706
14,125,4,64.393,99.084,83.36
14,125,5,5.159,4.968,15.376
15,0,1,58.673,96.63,56.3
15,0,2,0.52,0.284,0.97
15,0,3,57.818,96.162,54.704
15,0,4,59.529,97.097,57.896
15,0,5,0.886,0.294,1.723
15,1,1,57.811,97.883,88.14
15,1,2,2.386,4.01,6.157
15,1,3,53.887,91.287,78.013
15,1,4,61.735,98.019,98.268
15,1,5,4.126,4.097,6.986
15,2,1,61.197,96.055,62.126
15,2,2,2.576,3.839,6.738
15,2,3,56.96,89.74,51.042
15,2,4,65.433,96.165,73.209
15,2,5,4.209,3.997,10.846
15,3,1,62.194,96.225,71.274
15,3,2,2.16,3.244,0.069
15,3,3,58.64,90.888,71.161
15,3,4,65.747,96.429,71.388
15,3,5,3.473,3.372,0.097
15,4,1,55.329,98.213,86.329
15,4,2,2.98,5.114,10.814
15,4,3,50.427,89.8,68.541
15,4,4,60.23,98.471,87.081
15,4,5,5.386,5.207,12.527
15,5,1,56.358,96.71,67.846
15,5,2,2.357,4.016,4.339
15,5,3,52.481,90.104,60.709
15,5,4,60.235,96.817,74.983
15,5,5,4.183,4.153,6.395
15,6,1,64.459,97.83,68.505
15,6,2,2.978,4.385,9.452
15,6,3,59.56,90.617,52.957
15,6,4,69.358,98.117,84.052
15,6,5,4.62,4.482,13.798
15,7,1,54.186,99.302,80.53
15,7,2,2.489,4.463,7.017
15,7,3,50.093,91.96,68.989
15,7,4,58.279,99.432,92.072
15,7,5,4.593,4.495,8.713
15,8,1,50.321,99.592,77.964
15,8,2,2.5,4.838,7.48
15,8,3,46.209,91.634,65.66
15,8,4,54.433,99.688,90.268
15,8,5,4.968,4.858,9.594
15,9,1,58.522,98.02,64.663
15,9,2,2.954,4.789,10.36
15,9,3,53.664,90.144,47.622
15,9,4,63.38,98.161,81.703
15,9,5,5.047,4.886,16.021
15,10,1,60.563,97.858,43.663
15,10,2,2.938,4.601,6.313
15,10,3,55.731,90.29,33.278
15,10,4,65.396,98.046,54.047
15,10,5,4.851,4.702,14.459
15,11,1,62.115,98.368,62.268
15,11,2,2.124,3.339,7.221
15,11,3,58.622,92.877,50.39
15,11,4,65.608,98.475,74.146
15,11,5,3.419,3.394,11.597
15,12,1,61.654,98.056,64.971
15,12,2,2.965,4.564,9.864
15,12,3,56.778,90.548,48.746
15,12,4,66.531,98.332,81.196
15,12,5,4.809,4.655,15.182
15,13,1,57.954,97.238,49.07
15,13,2,2.105,3.57,5.999
15,13,3,54.492,91.366,39.203
15,13,4,61.416,97.292,58.937
15,13,5,3.632,3.671,12.225
15,14,1,59.842,96.688,61.813
15,14,2,1.34,2.254,8.051
15,14,3,57.637,92.98,48.571
15,14,4,62.047,96.819,75.055
15,14,5,2.24,2.331,13.024
15,15,1,60.088,97.731,74.37
15,15,2,2.961,4.675,10.065
15,15,3,55.217,90.042,57.815
15,15,4,64.959,97.927,90.924
15,15,5,4.928,4.783,13.533
15,16,1,58.374,97.701,64.401
15,16,2,2.954,4.799,10.437
15,16,3,53.516,89.807,47.233
15,16,4,63.232,97.908,81.569
15,16,5,5.06,4.912,16.207
15,17,1,57.192,97.28,69.49
15,17,2,2.975,4.933,10.664
15,17,3,52.298,89.166,51.95
15,17,4,62.085,97.659,87.03
15,17,5,5.202,5.071,15.346
15,18,1,65.594,95.226,62.784
15,18,2,0.411,0.715,1.417
15,18,3,64.918,94.049,60.453
15,18,4,66.269,96.403,65.116
15,18,5,0.626,0.751,2.258
15,19,1,63.051,97.756,66.168
15,19,2,2.966,4.462,9.649
15,19,3,58.173,90.416,50.296
15,19,4,67.929,97.932,82.039
15,19,5,4.704,4.565,14.583
15,20,1,58.17,97.394,51.143
15,20,2,2.562,4.265,6.706
15,20,3,53.956,90.378,40.112
15,20,4,62.383,97.462,62.174
15,20,5,4.404,4.38,13.113
15,21,1,55.921,98.401,73.011
15,21,2,2.974,5.052,10.753
15,21,3,51.029,90.092,55.325
15,21,4,60.813,98.561,90.698
15,21,5,5.318,5.134,14.727
15,22,1,58.126,97.777,62.241
15,22,2,2.951,4.815,10.487
15,22,3,53.273,89.857,44.99
15,22,4,62.98,98.053,79.491
15,22,5,5.076,4.924,16.85
15,23,1,59.797,98.137,61.244
15,23,2,2.957,4.693,10.145
15,23,3,54.934,90.418,44.557
15,23,4,64.661,98.294,77.931
15,23,5,4.945,4.782,16.565
15,24,1,59.46,97.552,29.532
15,24,2,1.769,3.584,4.595
15,24,3,56.55,91.658,21.974
15,24,4,62.37,97.637,37.091
15,24,5,2.975,3.673,15.561
15,25,1,62.635,97.045,63.408
15,25,2,1.93,3.263,5.917
15,25,3,59.459,91.678,53.676
15,25,4,65.81,97.108,73.141
15,25,5,3.082,3.362,9.332
15,26,1,57.727,97.978,72.621
15,26,2,2.965,4.875,10.472
15,26,3,52.85,89.959,55.397
15,26,4,62.605,98.169,89.845
15,26,5,5.137,4.976,14.419
15,27,1,56.028,98.909,56.276
15,27,2,2.581,4.481,7.1
15,27,3,51.782,91.538,44.598
15,27,4,60.274,99.119,67.954
15,27,5,4.607,4.531,12.616
15,28,1,57.993,98.267,63.219
15,28,2,2.955,4.837,10.434
15,28,3,53.132,90.311,46.057
15,28,4,62.853,98.442,80.38
15,28,5,5.095,4.922,16.504
15,29,1,62.43,97.482,69.493
15,29,2,2.441,3.593,5.695
15,29,3,58.415,91.572,60.125
15,29,4,66.445,97.563,78.861
15,29,5,3.91,3.686,8.195
15,30,1,68.491,97.505,70.53
15,30,2,3.014,4.179,8.97
15,30,3,63.533,90.631,55.776
15,30,4,73.449,97.71,85.284
15,30,5,4.401,4.286,12.718
15,31,1,56.609,96.82,69.175
15,31,2,1.553,2.666,2.842
15,31,3,54.054,92.435,64.5
15,31,4,59.163,96.873,73.849
15,31,5,2.743,2.754,4.109
15,32,1,57.719,98.506,94.788
15,32,2,2.461,4.146,6.432
15,32,3,53.672,91.687,84.208
15,32,4,61.767,98.662,95.087
15,32,5,4.264,4.209,6.786
15,33,1,60.072,96.491,57.907
15,33,2,1.571,2.628,3.966
15,33,3,57.489,92.168,51.383
15,33,4,62.656,96.524,64.431
15,33,5,2.615,2.723,6.849
15,34,1,59.96,98.024,80.787
15,34,2,2.969,4.7,10.055
15,34,3,55.076,90.294,64.249
15,34,4,64.844,98.335,97.326
15,34,5,4.952,4.795,12.446
15,35,1,60.567,97.417,46.933
15,35,2,2.964,4.641,5.484
15,35,3,55.691,89.784,37.913
15,35,4,65.443,97.512,55.953
15,35,5,4.894,4.764,11.684
15,36,1,60.64,97.858,68.969
15,36,2,2.958,4.628,9.989
15,36,3,55.774,90.245,52.538
15,36,4,65.506,98.014,85.4
15,36,5,4.878,4.729,14.484
15,37,1,59.53,96.718,55.958
15,37,2,1.961,3.348,5.914
15,37,3,56.304,91.21,46.23
15,37,4,62.755,96.797,65.686
15,37,5,3.294,3.462,10.569
15,38,1,58.739,97.837,70.523
15,38,2,2.538,4.181,6.824
15,38,3,54.564,90.959,59.299
15,38,4,62.914,98.144,81.747
15,38,5,4.321,4.274,9.676
15,39,1,60.836,95.731,54.182
15,39,2,2.084,3.262,6.378
15,39,3,57.408,90.365,43.691
15,39,4,64.265,95.796,64.673
15,39,5,3.426,3.407,11.771
15,40,1,59.049,98.254,68.899
15,40,2,2.961,4.76,10.246
15,40,3,54.179,90.425,52.046
15,40,4,63.919,98.416,85.751
15,40,5,5.014,4.845,14.87
15,41,1,56.382,98.856,94.015
15,41,2,2.995,5.05,10.573
15,41,3,51.455,90.55,76.624
15,41,4,61.308,99.159,94.764
15,41,5,5.312,5.108,11.246
15,42,1,59.305,97.757,61.77
15,42,2,2.955,4.726,5.556
15,42,3,54.444,89.984,52.631
15,42,4,64.165,97.847,70.908
15,42,5,4.983,4.834,8.994
15,43,1,61.12,97.412,70.304
15,43,2,2.968,4.605,9.978
15,43,3,56.238,89.838,53.892
15,43,4,66.002,97.625,86.716
15,43,5,4.856,4.727,14.193
15,44,1,61.504,99.3,66.274
15,44,2,1.41,2.271,2.96
15,44,3,59.184,95.564,61.406
15,44,4,63.824,99.408,71.142
15,44,5,2.293,2.287,4.466
15,45,1,58.033,96.076,73.293
15,45,2,2.297,3.858,2.163
15,45,3,54.256,89.731,69.736
15,45,4,61.811,96.236,76.85
15,45,5,3.957,4.015,2.951
15,46,1,57.389,97.745,61.75
15,46,2,2.955,4.884,10.604
15,46,3,52.528,89.711,44.308
15,46,4,62.249,97.994,79.191
15,46,5,5.149,4.997,17.172
15,47,1,59.251,97.915,63.235
15,47,2,0.121,0.94,6.149
15,47,3,59.053,96.369,53.122
15,47,4,59.45,99.461,73.348
15,47,5,0.204,0.96,9.723
15,48,1,57.651,97.686,61.603
15,48,2,2.954,4.86,10.531
15,48,3,52.792,89.692,44.281
15,48,4,62.511,97.824,78.925
15,48,5,5.124,4.975,17.095
15,49,1,59.832,97.926,76.236
15,49,2,2.962,4.698,10.104
15,49,3,54.959,90.198,59.616
15,49,4,64.704,98.195,92.856
15,49,5,4.951,4.798,13.254
15,50,1,60.649,97.715,70.117
15,50,2,2.96,4.629,10.008
15,50,3,55.78,90.101,53.654
15,50,4,65.518,97.927,86.579
15,50,5,4.88,4.737,14.274
15,51,1,65.802,97.209,51.276
15,51,2,1.448,2.553,5.956
15,51,3,63.421,93.009,41.478
15,51,4,68.184,97.299,61.073
15,51,5,2.201,2.626,11.616
15,52,1,61.202,98.428,74.616
15,52,2,2.97,4.609,9.831
15,52,3,56.317,90.846,58.445
15,52,4,66.088,98.599,90.787
15,52,5,4.853,4.683,13.176
15,53,1,59.697,97.388,53.28
15,53,2,2.953,4.69,5.333
15,53,3,54.839,89.674,44.507
15,53,4,64.554,97.54,62.052
15,53,5,4.947,4.815,10.01
15,54,1,56.336,96.196,42.506
15,54,2,1.541,2.666,3.051
15,54,3,53.801,91.81,37.488
15,54,4,58.87,96.29,47.525
15,54,5,2.735,2.772,7.178
15,55,1,58.282,99.191,59.063
15,55,2,2.577,4.301,6.771
15,55,3,54.043,92.116,47.926
15,55,4,62.522,99.36,70.2
15,55,5,4.422,4.336,11.463
15,56,1,54.92,98.753,88.882
15,56,2,2.463,4.361,6.779
15,56,3,50.868,91.579,77.731
15,56,4,58.972,98.903,89.348
15,56,5,4.485,4.417,7.627
15,57,1,59.662,95.156,44.697
15,57,2,1.446,2.503,3.893
15,57,3,57.284,91.039,38.293
15,57,4,62.04,99.274,51.1
15,57,5,2.423,2.631,8.71
15,58,1,57.828,95.551,55.613
15,58,2,1.873,3.383,4.169
15,58,3,54.747,89.987,48.755
15,58,4,60.909,95.598,62.471
15,58,5,3.239,3.54,7.497
15,59,1,62.007,96.553,50.979
15,59,2,2.41,3.789,5.976
15,59,3,58.042,90.322,41.15
15,59,4,65.972,96.736,60.808
15,59,5,3.887,3.924,11.722
15,60,1,59.371,92.16,51.098
15,60,2,2.396,3.607,6.819
15,60,3,55.43,86.228,39.881
15,60,4,63.312,98.092,62.314
15,60,5,4.036,3.913,13.345
15,61,1,60.582,97.947,63.721
15,61,2,2.953,4.624,10.061
15,61,3,55.725,90.342,47.172
15,61,4,65.439,98.26,80.27
15,61,5,4.874,4.721,15.789
15,62,1,62.189,98.094,55.114
15,62,2,2.36,3.7,9.768
15,62,3,58.307,92.009,39.046
15,62,4,66.07,98.211,71.181
15,62,5,3.794,3.772,17.724
15,63,1,58.272,97.903,75.884
15,63,2,2.966,4.83,10.394
15,63,3,53.393,89.958,58.787
15,63,4,63.15,98.086,92.981
15,63,5,5.09,4.933,13.697
15,64,1,56.273,98.327,76.364
15,64,2,2.968,5.008,10.685
15,64,3,51.391,90.089,58.789
15,64,4,61.155,98.489,93.94
15,64,5,5.274,5.093,13.992
15,65,1,61.119,97.929,63.241
15,65,2,2.958,4.593,9.957
15,65,3,56.253,90.374,46.862
15,65,4,65.985,98.1,79.619
15,65,5,4.84,4.69,15.745
15,66,1,56.739,98.717,98.546
15,66,2,2.986,5.001,10.501
15,66,3,51.828,90.491,81.273
15,66,4,61.65,99.082,98.94
15,66,5,5.263,5.066,10.656
15,67,1,61.497,95.23,68.385
15,67,2,0.281,2.934,9.079
15,67,3,61.035,90.403,53.452
15,67,4,61.959,95.402,83.319
15,67,5,0.457,3.081,13.276
15,68,1,59.801,98.041,71.401
15,68,2,2.961,4.699,10.102
15,68,3,54.931,90.312,54.784
15,68,4,64.672,98.225,88.018
15,68,5,4.951,4.792,14.149
15,69,1,55.553,100,77.406
15,69,2,3.097,5.304,10.683
15,69,3,50.458,91.275,59.835
15,69,4,60.648,100,94.977
15,69,5,5.576,5.304,13.801
15,70,1,61.339,97.191,68.117
15,70,2,2.605,4.095,4.983
15,70,3,57.054,90.455,59.92
15,70,4,65.624,97.262,76.314
15,70,5,4.247,4.214,7.316
15,71,1,56.895,98.367,61.86
15,71,2,2.949,4.92,10.694
15,71,3,52.045,90.274,44.27
15,71,4,61.746,98.609,79.449
15,71,5,5.183,5.002,17.287
15,72,1,60.848,97.812,63.55
15,72,2,2.956,4.608,9.995
15,72,3,55.986,90.232,47.109
15,72,4,65.711,98.077,79.99
15,72,5,4.858,4.712,15.728
15,73,1,62.665,97.074,62.395
15,73,2,2.978,4.506,9.775
15,73,3,57.766,89.663,46.316
15,73,4,67.564,97.292,78.473
15,73,5,4.753,4.641,15.666
15,74,1,57.664,97.85,77.899
15,74,2,2.979,4.904,10.507
15,74,3,52.764,89.784,60.617
15,74,4,62.564,97.946,95.182
15,74,5,5.166,5.011,13.488
15,75,1,60.035,97.442,61.639
15,75,2,2.957,4.669,10.172
15,75,3,55.172,89.762,44.908
15,75,4,64.898,97.655,78.371
15,75,5,4.925,4.792,16.503
15,76,1,63.641,97.519,50.69
15,76,2,2.263,3.534,5.638
15,76,3,59.919,91.707,41.416
15,76,4,67.362,97.634,59.963
15,76,5,3.555,3.624,11.122
15,77,1,54.098,98.417,88.003
15,77,2,2.982,5.237,11.056
15,77,3,49.193,89.803,69.818
15,77,4,59.004,98.778,89.075
15,77,5,5.513,5.321,12.563
15,78,1,55.644,98.116,82.174
15,78,2,2.975,5.077,10.813
15,78,3,50.75,89.766,64.388
15,78,4,60.538,98.445,99.96
15,78,5,5.347,5.174,13.159
15,79,1,57.455,98.042,63.253
15,79,2,2.952,4.875,10.59
15,79,3,52.6,90.024,45.835
15,79,4,62.31,98.313,80.671
15,79,5,5.137,4.972,16.742
15,80,1,51.988,98.838,93.382
15,80,2,3.001,5.49,11.43
15,80,3,47.051,89.808,74.581
15,80,4,56.924,99.012,93.816
15,80,5,5.773,5.554,12.24
15,81,1,57.602,97.196,27.783
15,81,2,2.481,4.123,2.49
15,81,3,53.522,90.414,23.688
15,81,4,61.682,97.25,31.878
15,81,5,4.306,4.242,8.962
15,82,1,56.251,98.82,76.909
15,82,2,2.414,4.161,10.636
15,82,3,52.281,91.976,59.414
15,82,4,60.222,98.916,94.403
15,82,5,4.291,4.211,13.829
15,83,1,58.366,97.948,62.715
15,83,2,2.96,4.812,10.46
15,83,3,53.497,90.033,45.509
15,83,4,63.234,98.228,79.92
15,83,5,5.071,4.913,16.679
15,84,1,60.11,97.893,67.613
15,84,2,2.955,4.664,10.1
15,84,3,55.248,90.221,51.001
15,84,4,64.971,98.054,84.225
15,84,5,4.917,4.765,14.937
15,85,1,56.786,98.15,76.614
15,85,2,2.964,4.954,10.581
15,85,3,51.911,90,59.211
15,85,4,61.661,98.278,94.018
15,85,5,5.219,5.048,13.81
15,86,1,55.242,98.274,79.412
15,86,2,2.977,5.119,10.883
15,86,3,50.345,89.855,61.511
15,86,4,60.14,98.449,97.313
15,86,5,5.39,5.209,13.705
15,87,1,57.357,99.153,82.836
15,87,2,2.333,3.973,5.914
15,87,3,53.519,92.618,73.108
15,87,4,61.194,99.222,92.564
15,87,5,4.068,4.007,7.14
15,88,1,59.826,97.926,63.167
15,88,2,2.953,4.683,10.143
15,88,3,54.969,90.223,46.483
15,88,4,64.683,98.031,79.85
15,88,5,4.936,4.782,16.057
15,89,1,58.54,98.343,61.436
15,89,2,2.527,4.186,6.841
15,89,3,54.383,91.458,50.184
15,89,4,62.697,98.614,72.689
15,89,5,4.317,4.256,11.135
15,90,1,62.015,97.938,63.328
15,90,2,2.959,4.527,9.795
15,90,3,57.148,90.492,47.217
15,90,4,66.882,98.049,79.439
15,90,5,4.771,4.622,15.467
15,91,1,58.881,98.372,55.519
15,91,2,2.952,4.759,10.295
15,91,3,54.026,90.544,38.586
15,91,4,63.736,98.489,72.452
15,91,5,5.013,4.838,18.543
15,92,1,56.108,98.865,64.537
15,92,2,2.393,4.155,10.716
15,92,3,52.172,92.031,46.911
15,92,4,60.044,98.969,82.164
15,92,5,4.265,4.202,16.605
15,93,1,59.178,97.205,61.359
15,93,2,2.965,4.749,10.33
15,93,3,54.302,89.393,44.368
15,93,4,64.055,97.421,78.35
15,93,5,5.01,4.886,16.835
15,94,1,60.012,97.655,71.469
15,94,2,2.96,4.678,10.104
15,94,3,55.143,89.96,54.849
15,94,4,64.881,97.9,88.088
15,94,5,4.933,4.791,14.137
15,95,1,60.678,97.351,48.414
15,95,2,2.949,4.607,10.118
15,95,3,55.828,89.774,31.771
15,95,4,65.529,97.467,65.057
15,95,5,4.86,4.732,20.899
15,96,1,61.527,97.637,63.103
15,96,2,2.957,4.557,9.881
15,96,3,56.664,90.141,46.851
15,96,4,66.391,97.813,79.356
15,96,5,4.805,4.668,15.658
15,97,1,55.77,98.55,83.956
15,97,2,2.98,5.076,10.704
15,97,3,50.868,90.2,66.349
15,97,4,60.671,98.766,84.714
15,97,5,5.343,5.151,12.749
15,98,1,62.598,97.948,83.753
15,98,2,2.975,4.51,9.667
15,98,3,57.705,90.53,67.853
15,98,4,67.49,98.354,99.654
15,98,5,4.752,4.604,11.542
15,99,1,59.618,97.837,69.615
15,99,2,1.852,2.943,5.425
15,99,3,56.572,92.996,60.691
15,99,4,62.664,97.902,78.538
15,99,5,3.106,3.008,7.793
15,100,1,71.21,98.458,71.68
15,100,2,1.894,2.61,6.669
15,100,3,68.095,94.164,60.711
15,100,4,74.325,98.579,82.649
15,100,5,2.659,2.651,9.304
15,101,1,60.536,98.177,60.004
15,101,2,2.957,4.636,10.007
15,101,3,55.673,90.551,43.544
15,101,4,65.399,98.286,76.465
15,101,5,4.884,4.722,16.678
15,102,1,53.495,97.915,70.888
15,102,2,2.971,5.272,11.303
15,102,3,48.608,89.242,52.297
15,102,4,58.383,98.184,89.479
15,102,5,5.554,5.385,15.944
15,103,1,52.038,100,67.529
15,103,2,0.886,4.989,2.966
15,103,3,50.58,91.794,62.65
15,103,4,53.497,100,72.408
15,103,5,1.704,4.989,4.393
15,104,1,53.304,96.168,38.527
15,104,2,1.799,3.47,4.57
15,104,3,50.345,90.46,31.01
15,104,4,56.263,96.226,46.043
15,104,5,3.375,3.609,11.861
15,105,1,50.947,98.892,87.173
15,105,2,2.995,5.589,11.683
15,105,3,46.022,89.698,67.955
15,105,4,55.873,99.04,87.7
15,105,5,5.878,5.652,13.403
15,106,1,55.618,96.684,47.771
15,106,2,1.312,2.194,1.613
15,106,3,53.46,93.075,45.118
15,106,4,57.776,96.73,50.424
15,106,5,2.359,2.269,3.376
15,107,1,58.71,98.154,77.451
15,107,2,2.965,4.795,10.27
15,107,3,53.832,90.267,60.558
15,107,4,63.588,98.423,94.345
15,107,5,5.051,4.885,13.26
15,108,1,63.017,93.617,56.281
15,108,2,2.17,3.121,6.139
15,108,3,59.447,88.484,46.183
15,108,4,66.587,98.75,66.38
15,108,5,3.444,3.334,10.908
15,109,1,59.471,96.308,42.246
15,109,2,2.249,3.885,4.619
15,109,3,55.773,89.918,34.649
15,109,4,63.17,96.37,49.844
15,109,5,3.781,4.034,10.933
15,110,1,62.765,97.289,78.506
15,110,2,1.009,2.113,4.043
15,110,3,61.106,93.813,71.856
15,110,4,64.424,97.442,85.156
15,110,5,1.607,2.172,5.15
15,111,1,56.846,97.879,76.769
15,111,2,2.981,4.978,10.649
15,111,3,51.942,89.69,59.253
15,111,4,61.749,98.036,94.284
15,111,5,5.244,5.086,13.871
15,112,1,59.057,97.465,79.859
15,112,2,2.423,3.998,6.2
15,112,3,55.072,90.889,69.661
15,112,4,63.042,97.633,90.057
15,112,5,4.102,4.102,7.763
15,113,1,56.927,98.733,78.139
15,113,2,0.278,0.68,5.187
15,113,3,56.47,97.615,69.607
15,113,4,57.384,99.851,86.67
15,113,5,0.488,0.689,6.638
15,114,1,55.189,98.913,87.016
15,114,2,2.34,4.146,6.16
15,114,3,51.339,92.094,76.884
15,114,4,59.038,98.994,97.148
15,114,5,4.241,4.191,7.079
15,115,1,61.129,98.108,63.943
15,115,2,2.96,4.595,9.929
15,115,3,56.261,90.549,47.612
15,115,4,65.997,98.244,80.274
15,115,5,4.842,4.684,15.527
15,116,1,61.281,98.618,77.602
15,116,2,2.982,4.624,9.88
15,116,3,56.376,91.013,61.351
15,116,4,66.185,98.979,93.854
15,116,5,4.866,4.688,12.732
15,117,1,51.164,99.08,74.765
15,117,2,2.536,4.808,7.686
15,117,3,46.994,91.172,62.124
15,117,4,55.335,99.279,87.407
15,117,5,4.956,4.853,10.28
15,118,1,54.08,96.387,70.989
15,118,2,0.768,1.404,6.756
15,118,3,52.816,94.077,59.877
15,118,4,55.343,98.698,82.101
15,118,5,1.421,1.457,9.517
15,119,1,55.771,98.312,85.843
15,119,2,2.98,5.075,10.766
15,119,3,50.869,89.964,68.134
15,119,4,60.673,98.543,86.548
15,119,5,5.343,5.162,12.542
15,120,1,52.029,92.901,55.707
15,120,2,2.26,3.688,2.479
15,120,3,48.312,86.835,51.629
15,120,4,55.747,98.968,59.785
15,120,5,4.343,3.97,4.451
15,121,1,58.967,96.295,38.434
15,121,2,1.718,2.925,3.913
15,121,3,56.141,91.484,31.999
15,121,4,61.792,96.354,44.87
15,121,5,2.913,3.037,10.18
15,122,1,59.097,97.461,67.217
15,122,2,2.12,3.877,5.498
15,122,3,55.609,91.084,58.173
15,122,4,62.584,97.522,76.261
15,122,5,3.588,3.978,8.18
15,123,1,53.995,98.853,86.277
15,123,2,2.98,5.245,11.013
15,123,3,49.094,90.225,68.162
15,123,4,58.897,99.009,86.847
15,123,5,5.519,5.306,12.765
15,124,1,56.393,98.191,83.179
15,124,2,2.994,5.044,10.731
15,124,3,51.468,89.894,65.528
15,124,4,61.319,98.299,83.519
15,124,5,5.31,5.137,12.901
15,125,1,60.951,97.421,56.812
15,125,2,2.959,4.603,10.067
15,125,3,56.084,89.849,40.254
15,125,4,65.819,97.719,73.37
15,125,5,4.855,4.725,17.719
16,0,1,59.941,98.339,67.131
16,0,2,0.661,0.201,1.046
16,0,3,58.854,98.009,65.411
16,0,4,61.027,98.669,68.852
16,0,5,1.102,0.204,1.558
16,1,1,62.491,98.915,82.709
16,1,2,2.562,3.977,6.305
16,1,3,58.277,92.374,72.338
16,1,4,66.706,99.129,93.08
16,1,5,4.1,4.021,7.623
16,2,1,59.322,98.612,79.973
16,2,2,2.987,4.795,10.038
16,2,3,54.408,90.726,63.462
16,2,4,64.235,98.841,96.485
16,2,5,5.036,4.862,12.552
16,3,1,56.93,98.513,72.4
16,3,2,2.98,4.984,10.463
16,3,3,52.028,90.315,55.189
16,3,4,61.833,98.704,89.611
16,3,5,5.235,5.059,14.452
16,4,1,55.28,98.542,83.477
16,4,2,2.989,5.149,10.779
16,4,3,50.363,90.074,65.746
16,4,4,60.196,98.772,84.297
16,4,5,5.407,5.225,12.913
16,5,1,56.493,98.668,79.082
16,5,2,2.987,5.034,10.533
16,5,3,51.58,90.388,61.756
16,5,4,61.406,98.927,96.408
16,5,5,5.287,5.102,13.319
16,6,1,61.806,98.313,61.296
16,6,2,2.982,4.593,9.655
16,6,3,56.902,90.758,45.416
16,6,4,66.711,98.4,77.177
16,6,5,4.824,4.672,15.751
16,7,1,57.876,98.954,90.618
16,7,2,3.001,4.939,10.286
16,7,3,52.939,90.83,73.699
16,7,4,62.813,99.318,91.851
16,7,5,5.186,4.991,11.351
16,8,1,54.954,99.265,77.571
16,8,2,3.023,5.241,10.785
16,8,3,49.982,90.645,59.831
16,8,4,59.926,99.4,95.311
16,8,5,5.501,5.28,13.903
16,9,1,59.758,98.479,70.797
16,9,2,2.98,4.747,9.973
16,9,3,54.857,90.671,54.393
16,9,4,64.659,98.632,87.2
16,9,5,4.986,4.82,14.086
16,10,1,57.75,98.955,75.166
16,10,2,2.988,4.927,10.26
16,10,3,52.834,90.851,58.289
16,10,4,62.665,99.122,92.043
16,10,5,5.175,4.979,13.65
16,11,1,57.729,97.947,75.974
16,11,2,2.99,4.932,10.437
16,11,3,52.812,89.835,58.806
16,11,4,62.647,98.256,93.142
16,11,5,5.179,5.035,13.738
16,12,1,62.144,98.417,66.798
16,12,2,2.99,4.581,9.632
16,12,3,57.226,90.882,50.954
16,12,4,67.061,98.555,82.642
16,12,5,4.811,4.655,14.42
16,13,1,56.839,99.07,92.834
16,13,2,2.707,4.661,7.016
16,13,3,52.386,91.403,81.294
16,13,4,61.292,99.303,93.535
16,13,5,4.763,4.705,7.557
16,14,1,60.809,98.634,63.971
16,14,2,2.997,4.693,9.791
16,14,3,55.88,90.915,47.866
16,14,4,65.739,98.84,80.077
16,14,5,4.928,4.758,15.306
16,15,1,60.108,98.555,74.622
16,15,2,2.984,4.726,9.907
16,15,3,55.2,90.781,58.327
16,15,4,65.015,98.755,90.918
16,15,5,4.964,4.795,13.276
16,16,1,53.272,98.639,85.518
16,16,2,3.01,5.382,11.156
16,16,3,48.32,89.786,67.169
16,16,4,58.223,98.83,86.173
16,16,5,5.65,5.457,13.045
16,17,1,54.55,98.494,75.77
16,17,2,2.995,5.228,10.936
16,17,3,49.625,89.894,57.781
16,17,4,59.476,98.658,93.759
16,17,5,5.489,5.308,14.434
16,18,1,55.266,98.46,74.118
16,18,2,2.986,5.145,10.802
16,18,3,50.355,89.998,56.351
16,18,4,60.178,98.756,91.885
16,18,5,5.403,5.225,14.574
16,19,1,56.809,98.471,75.625
16,19,2,2.987,5.005,10.5
16,19,3,51.897,90.237,58.354
16,19,4,61.722,98.675,92.896
16,19,5,5.257,5.083,13.884
16,20,1,58.66,98.891,71.152
16,20,2,2.515,4.398,1.134
16,20,3,54.523,91.656,69.287
16,20,4,62.797,99.032,73.016
16,20,5,4.287,4.447,1.593
16,21,1,64.898,98.745,93.766
16,21,2,3.044,4.472,9.268
16,21,3,59.891,91.39,78.522
16,21,4,69.904,98.956,94.258
16,21,5,4.69,4.529,9.884
16,22,1,63.658,98.302,57.985
16,22,2,3.101,4.65,9.412
16,22,3,58.558,90.653,42.504
16,22,4,68.758,98.484,73.466
16,22,5,4.871,4.73,16.231
16,23,1,59.427,97.684,74.131
16,23,2,3.017,4.838,10.122
16,23,3,54.466,89.727,57.482
16,23,4,64.389,98.021,90.781
16,23,5,5.076,4.952,13.654
16,24,1,67.159,98.961,86.113
16,24,2,3.077,4.373,8.954
16,24,3,62.097,91.768,71.385
16,24,4,72.22,99.118,86.72
16,24,5,4.582,4.419,10.398
16,25,1,65.093,99.27,84.052
16,25,2,2.382,3.568,3.419
16,25,3,61.175,93.401,78.429
16,25,4,69.01,99.364,89.676
16,25,5,3.659,3.594,4.068
16,26,1,58.352,99.251,86.574
16,26,2,2.641,4.389,7.035
16,26,3,54.008,92.032,75.003
16,26,4,62.695,99.518,98.146
16,26,5,4.526,4.422,8.126
16,27,1,52.004,98.439,94.884
16,27,2,3.024,5.541,11.502
16,27,3,47.031,89.325,75.965
16,27,4,56.978,98.837,95.649
16,27,5,5.814,5.629,12.122
16,28,1,52.85,98.92,92.234
16,28,2,3.029,5.461,11.23
16,28,3,47.868,89.937,73.762
16,28,4,57.832,99.233,93.154
16,28,5,5.731,5.521,12.176
16,29,1,57.321,99.035,92.629
16,29,2,2.993,4.971,10.368
16,29,3,52.399,90.858,75.575
16,29,4,62.243,99.241,93.238
16,29,5,5.221,5.019,11.193
16,30,1,51.196,99.242,79.076
16,30,2,2.593,4.932,7.619
16,30,3,46.93,91.13,66.544
16,30,4,55.461,99.423,91.609
16,30,5,5.066,4.969,9.635
16,31,1,52.326,98.644,88.685
16,31,2,3.002,5.465,11.416
16,31,3,47.388,89.655,69.908
16,31,4,57.264,98.87,89.374
16,31,5,5.738,5.54,12.872
16,32,1,54.269,98.629,78.655
16,32,2,2.989,5.245,10.988
16,32,3,49.352,90.002,60.581
16,32,4,59.186,98.852,96.73
16,32,5,5.509,5.318,13.97
16,33,1,56.912,98.483,79.592
16,33,2,2.52,4.3,6.736
16,33,3,52.767,91.411,68.513
16,33,4,61.057,98.684,90.672
16,33,5,4.428,4.366,8.463
16,34,1,60.458,98.622,69.042
16,34,2,2.328,3.773,5.509
16,34,3,56.629,92.416,59.981
16,34,4,64.287,98.701,78.103
16,34,5,3.85,3.825,7.979
16,35,1,57.974,98.928,81.54
16,35,2,2.988,4.907,10.256
16,35,3,53.059,90.856,64.67
16,35,4,62.889,99.069,98.41
16,35,5,5.154,4.96,12.578
16,36,1,55.78,98.561,79.517
16,36,2,2.998,5.119,10.689
16,36,3,50.848,90.14,61.935
16,36,4,60.712,98.815,97.098
16,36,5,5.376,5.194,13.442
16,37,1,50.356,98.609,89.625
16,37,2,3.046,5.767,11.814
16,37,3,45.346,89.123,70.193
16,37,4,55.366,98.914,90.52
16,37,5,6.049,5.849,13.182
16,38,1,54.375,97.898,78.445
16,38,2,2.487,4.457,6.767
16,38,3,50.285,90.567,67.314
16,38,4,58.466,98.072,89.577
16,38,5,4.573,4.553,8.627
16,39,1,55.914,99.003,76.188
16,39,2,3.004,5.117,10.624
16,39,3,50.973,90.587,58.712
16,39,4,60.855,99.246,93.663
16,39,5,5.372,5.168,13.945
16,40,1,60.482,98.269,77.108
16,40,2,2.98,4.691,9.887
16,40,3,55.58,90.554,60.846
16,40,4,65.384,98.492,93.371
16,40,5,4.927,4.773,12.822
16,41,1,58.483,98.674,78.421
16,41,2,2.988,4.865,10.169
16,41,3,53.568,90.672,61.695
16,41,4,63.398,98.886,95.147
16,41,5,5.11,4.93,12.967
16,42,1,54.738,99.316,76.803
16,42,2,2.57,4.563,7.098
16,42,3,50.51,91.811,65.128
16,42,4,58.966,99.474,88.478
16,42,5,4.696,4.594,9.242
16,43,1,59.258,99.248,62.932
16,43,2,2.697,4.419,6.386
16,43,3,54.822,91.98,52.428
16,43,4,63.694,99.326,73.436
16,43,5,4.551,4.453,10.148
16,44,1,52.843,98.708,79.237
16,44,2,3.008,5.422,11.242
16,44,3,47.896,89.791,60.744
16,44,4,57.79,98.94,97.729
16,44,5,5.692,5.492,14.188
16,45,1,55.984,99.098,81.382
16,45,2,2.498,4.356,6.554
16,45,3,51.876,91.933,70.601
16,45,4,60.093,99.215,92.163
16,45,5,4.462,4.396,8.054
16,46,1,54.098,98.804,80.672
16,46,2,2.57,4.623,7.205
16,46,3,49.871,91.2,68.821
16,46,4,58.326,99.018,92.523
16,46,5,4.751,4.679,8.931
16,47,1,56.467,98.628,78.233
16,47,2,2.986,5.034,10.533
16,47,3,51.556,90.348,60.908
16,47,4,61.378,98.828,95.558
16,47,5,5.287,5.104,13.464
16,48,1,57.567,98.807,69.937
16,48,2,2.984,4.934,10.382
16,48,3,52.659,90.691,52.86
16,48,4,62.475,99.124,87.015
16,48,5,5.183,4.994,14.845
16,49,1,59.36,98.778,81.543
16,49,2,2.989,4.795,10.009
16,49,3,54.443,90.891,65.079
16,49,4,64.276,98.968,98.006
16,49,5,5.036,4.854,12.275
16,50,1,59.656,98.785,69.967
16,50,2,2.403,3.914,5.691
16,50,3,55.703,92.347,60.606
16,50,4,63.609,98.873,79.328
16,50,5,4.029,3.962,8.134
16,51,1,61.005,98.384,68.156
16,51,2,2.991,4.669,9.821
16,51,3,56.086,90.705,52.002
16,51,4,65.925,98.624,84.31
16,51,5,4.903,4.745,14.409
16,52,1,61.622,97.948,51.798
16,52,2,2.31,3.664,4.819
16,52,3,57.821,91.921,43.871
16,52,4,65.422,98.024,59.724
16,52,5,3.749,3.741,9.303
16,53,1,61.212,97.625,51.741
16,53,2,0.738,1.337,2.18
16,53,3,59.999,95.427,48.156
16,53,4,62.426,99.824,55.326
16,53,5,1.205,1.369,4.212
16,54,1,52.862,98.659,95.827
16,54,2,3.013,5.43,11.25
16,54,3,47.906,89.728,77.322
16,54,4,57.818,98.956,96.377
16,54,5,5.7,5.504,11.74
16,55,1,61.201,98.654,71.426
16,55,2,2.987,4.648,9.729
16,55,3,56.287,91.009,55.424
16,55,4,66.114,98.782,87.428
16,55,5,4.881,4.711,13.621
16,56,1,63.759,98.784,84.658
16,56,2,3.014,4.504,9.362
16,56,3,58.802,91.376,69.258
16,56,4,68.716,98.924,85.179
16,56,5,4.727,4.559,11.059
16,57,1,56.453,98.496,95.394
16,57,2,2.726,4.838,5.243
16,57,3,51.97,90.538,86.77
16,57,4,60.936,98.819,95.988
16,57,5,4.828,4.912,5.496
16,58,1,67.767,99.22,75.705
16,58,2,2.578,3.704,5.655
16,58,3,63.526,93.128,66.404
16,58,4,72.008,99.352,85.006
16,58,5,3.805,3.733,7.469
16,59,1,57.696,98.551,76.269
16,59,2,2.998,4.949,10.361
16,59,3,52.765,90.411,59.227
16,59,4,62.628,98.84,93.312
16,59,5,5.197,5.022,13.585
16,60,1,57.07,98.668,72.747
16,60,2,2.983,4.976,10.43
16,60,3,52.163,90.484,55.591
16,60,4,61.976,98.935,89.903
16,60,5,5.227,5.043,14.338
16,61,1,59.164,98.589,65.808
16,61,2,2.993,4.817,6.447
16,61,3,54.241,90.666,55.202
16,61,4,64.086,98.773,76.413
16,61,5,5.058,4.886,9.797
16,62,1,41.215,100,81.116
16,62,2,0.316,0.767,1.13
16,62,3,40.694,98.738,79.258
16,62,4,41.735,100,82.974
16,62,5,0.768,0.767,1.393
16,63,1,53.756,98.81,84.503
16,63,2,2.995,5.305,11.035
16,63,3,48.83,90.083,66.352
16,63,4,58.682,99.019,85.307
16,63,5,5.571,5.369,13.059
16,64,1,59.125,98.638,73.313
16,64,2,2.989,4.813,10.059
16,64,3,54.209,90.721,56.767
16,64,4,64.042,98.807,89.859
16,64,5,5.055,4.88,13.721
16,65,1,64.254,98.575,61.685
16,65,2,3.01,4.463,5.726
16,65,3,59.303,91.234,52.267
16,65,4,69.205,98.712,71.103
16,65,5,4.684,4.528,9.282
16,66,1,64.176,98.992,67.422
16,66,2,1.761,2.452,5.533
16,66,3,61.279,94.959,58.32
16,66,4,67.073,99.065,76.523
16,66,5,2.745,2.477,8.207
16,67,1,48.703,99.488,71.402
16,67,2,2.56,5.108,7.867
16,67,3,44.493,91.086,58.462
16,67,4,52.913,99.618,84.343
16,67,5,5.256,5.134,11.018
16,68,1,61.524,99.013,66.909
16,68,2,2.43,3.857,4.2
16,68,3,57.527,92.668,60
16,68,4,65.521,99.146,73.818
16,68,5,3.949,3.896,6.278
16,69,1,59.254,99.024,63.165
16,69,2,1.516,2.396,3.964
16,69,3,56.762,95.084,56.646
16,69,4,61.747,99.095,69.684
16,69,5,2.558,2.419,6.275
16,70,1,61.993,98.416,68.948
16,70,2,3.001,4.61,9.656
16,70,3,57.057,90.832,53.065
16,70,4,66.928,98.637,84.83
16,70,5,4.84,4.685,14.004
16,71,1,55.764,99.105,79.619
16,71,2,2.394,4.194,6.26
16,71,3,51.825,92.206,69.323
16,71,4,59.702,99.191,89.915
16,71,5,4.294,4.232,7.862
16,72,1,57.796,98.257,87.139
16,72,2,2.353,3.912,4.459
16,72,3,53.926,91.823,79.805
16,72,4,61.667,98.515,94.474
16,72,5,4.071,3.981,5.117
16,73,1,71.991,98.707,93.103
16,73,2,2.55,3.46,5.252
16,73,3,67.797,93.015,84.464
16,73,4,76.186,98.852,93.45
16,73,5,3.542,3.506,5.641
16,74,1,58.981,98.638,78.678
16,74,2,2.984,4.817,10.104
16,74,3,54.073,90.716,62.058
16,74,4,63.889,98.894,95.298
16,74,5,5.059,4.883,12.842
16,75,1,60.636,99.183,82.536
16,75,2,2.795,4.451,1.885
16,75,3,56.039,91.862,79.435
16,75,4,65.233,99.259,85.637
16,75,5,4.609,4.488,2.284
16,76,1,63.889,98.697,71.845
16,76,2,2.42,3.711,5.44
16,76,3,59.909,92.594,62.897
16,76,4,67.869,98.789,80.793
16,76,5,3.787,3.76,7.572
16,77,1,55.11,98.946,81.399
16,77,2,2.996,5.176,10.762
16,77,3,50.182,90.431,63.697
16,77,4,60.038,99.127,99.101
16,77,5,5.436,5.232,13.221
16,78,1,57.322,98.46,85.797
16,78,2,2.993,4.972,10.421
16,78,3,52.4,90.282,68.657
16,78,4,62.245,98.707,86.591
16,78,5,5.221,5.049,12.146
16,79,1,61.959,99.131,76.444
16,79,2,2.451,3.861,5.813
16,79,3,57.927,92.78,66.883
16,79,4,65.991,99.228,86.006
16,79,5,3.956,3.895,7.604
16,80,1,51.111,99.317,90.586
16,80,2,2.551,4.861,7.491
16,80,3,46.915,91.322,78.265
16,80,4,55.307,99.462,91.164
16,80,5,4.991,4.894,8.269
16,81,1,52.727,97.874,93.448
16,81,2,2.608,4.807,7.671
16,81,3,48.437,89.968,80.83
16,81,4,57.018,98.253,94.143
16,81,5,4.947,4.911,8.209
16,82,1,60.514,98.356,74.809
16,82,2,2.39,3.585,6.285
16,82,3,56.583,92.46,64.471
16,82,4,64.446,98.465,85.146
16,82,5,3.95,3.645,8.401
16,83,1,59.501,98.687,65.717
16,83,2,2.999,4.8,10.051
16,83,3,54.567,90.791,49.186
16,83,4,64.434,98.837,82.249
16,83,5,5.041,4.864,15.294
16,84,1,60.469,98.439,75.687
16,84,2,2.983,4.697,9.865
16,84,3,55.562,90.714,59.461
16,84,4,65.375,98.605,91.913
16,84,5,4.933,4.771,13.033
16,85,1,63.171,99.777,91.783
16,85,2,0.946,1.493,0.026
16,85,3,61.614,97.322,91.739
16,85,4,64.727,99.831,91.826
16,85,5,1.498,1.496,0.029
16,86,1,57.227,98.313,69.13
16,86,2,2.983,4.963,10.453
16,86,3,52.32,90.15,51.936
16,86,4,62.134,98.555,86.324
16,86,5,5.213,5.048,15.121
16,87,1,58.268,98.687,60.187
16,87,2,2.981,4.871,10.25
16,87,3,53.365,90.675,43.327
16,87,4,63.172,98.899,77.046
16,87,5,5.116,4.936,17.03
16,88,1,61.439,97.762,67.005
16,88,2,1.995,3.262,2.536
16,88,3,58.158,92.396,62.833
16,88,4,64.721,97.866,71.177
16,88,5,3.247,3.337,3.786
16,89,1,62.317,98.489,69.587
16,89,2,2.991,4.571,9.579
16,89,3,57.397,90.971,53.831
16,89,4,67.237,98.668,85.343
16,89,5,4.8,4.641,13.765
16,90,1,65.814,98.88,72.193
16,90,2,2.584,3.814,5.914
16,90,3,61.563,92.606,62.465
16,90,4,70.065,99.062,81.92
16,90,5,3.927,3.857,8.192
16,91,1,56.459,98.58,69.902
16,91,2,2.983,5.03,10.566
16,91,3,51.552,90.306,52.523
16,91,4,61.366,98.806,87.281
16,91,5,5.284,5.103,15.115
16,92,1,52.599,99.329,91.616
16,92,2,2.577,4.754,7.432
16,92,3,48.36,91.51,79.391
16,92,4,56.838,99.5,92.278
16,92,5,4.9,4.786,8.112
16,93,1,54.743,98.406,77.244
16,93,2,3,5.219,10.904
16,93,3,49.809,89.821,59.308
16,93,4,59.677,98.591,95.18
16,93,5,5.479,5.304,14.116
16,94,1,53.52,98.83,92.499
16,94,2,3.02,5.376,11.099
16,94,3,48.553,89.987,74.243
16,94,4,58.488,99.129,93.32
16,94,5,5.643,5.44,11.999
16,95,1,57.242,98.327,65.392
16,95,2,2.984,4.963,10.465
16,95,3,52.334,90.163,48.178
16,95,4,62.151,98.594,82.606
16,95,5,5.213,5.048,16.004
16,96,1,57.163,98.614,91.223
16,96,2,2.987,4.975,10.433
16,96,3,52.25,90.431,74.062
16,96,4,62.076,98.958,92.157
16,96,5,5.225,5.045,11.437
16,97,1,55.425,99.221,87.633
16,97,2,3.002,5.158,10.677
16,97,3,50.488,90.737,70.072
16,97,4,60.363,99.347,88.164
16,97,5,5.416,5.198,12.183
16,98,1,57.656,98.514,73.105
16,98,2,2.982,4.924,10.321
16,98,3,52.751,90.415,56.129
16,98,4,62.561,98.693,90.082
16,98,5,5.172,4.998,14.118
16,99,1,55.886,98.78,87.682
16,99,2,2.987,5.088,10.625
16,99,3,50.974,90.411,70.206
16,99,4,60.799,98.999,88.422
16,99,5,5.344,5.151,12.118
16,100,1,61.867,98.708,80.433
16,100,2,3.007,4.629,9.644
16,100,3,56.921,91.093,64.569
16,100,4,66.812,98.917,96.297
16,100,5,4.86,4.69,11.991
16,101,1,53.879,99.057,89.01
16,101,2,3.004,5.31,11.03
16,101,3,48.938,90.324,70.867
16,101,4,58.819,99.301,89.92
16,101,5,5.575,5.36,12.392
16,102,1,61.618,98.183,58.026
16,102,2,1.901,3.017,5.958
16,102,3,58.49,93.22,48.226
16,102,4,64.745,98.236,67.826
16,102,5,3.086,3.073,10.268
16,103,1,54.962,98.123,81.979
16,103,2,2.534,4.491,6.943
16,103,3,50.794,90.736,70.559
16,103,4,59.13,98.339,93.399
16,103,5,4.61,4.577,8.469
16,104,1,52.481,98.61,75.857
16,104,2,3.006,5.457,11.348
16,104,3,47.537,89.635,57.191
16,104,4,57.426,98.833,94.522
16,104,5,5.728,5.533,14.96
16,105,1,60.211,97.962,71.54
16,105,2,2.562,4.131,6.394
16,105,3,55.998,91.167,61.022
16,105,4,64.425,98.191,82.057
16,105,5,4.254,4.217,8.938
16,106,1,64.273,98.082,72.443
16,106,2,2.999,4.444,9.344
16,106,3,59.341,90.771,57.073
16,106,4,69.206,98.257,87.813
16,106,5,4.666,4.531,12.899
16,107,1,59.502,95.026,70.623
16,107,2,0.313,1.869,10.39
16,107,3,58.987,91.953,53.533
16,107,4,60.016,98.1,87.714
16,107,5,0.526,1.966,14.713
16,108,1,61.494,98.796,60.72
16,108,2,2.647,4.194,5.844
16,108,3,57.14,91.897,51.108
16,108,4,65.848,98.852,70.333
16,108,5,4.305,4.245,9.624
16,109,1,55.69,98.334,96.724
16,109,2,3.029,5.183,10.729
16,109,3,50.708,89.809,79.076
16,109,4,60.672,98.81,97.423
16,109,5,5.439,5.271,11.093
16,110,1,56.631,98.544,72.248
16,110,2,2.983,5.015,10.506
16,110,3,51.725,90.295,54.967
16,110,4,61.538,98.675,89.528
16,110,5,5.268,5.089,14.541
16,111,1,59.272,98.767,69.667
16,111,2,2.993,4.808,10.039
16,111,3,54.348,90.858,53.155
16,111,4,64.195,98.96,86.18
16,111,5,5.05,4.869,14.41
16,112,1,57.091,98.038,76.577
16,112,2,2.286,3.93,5.717
16,112,3,53.331,91.573,67.174
16,112,4,60.851,98.124,85.981
16,112,5,4.004,4.009,7.466
16,113,1,55.292,98.52,81.29
16,113,2,2.994,5.156,10.786
16,113,3,50.367,90.039,63.549
16,113,4,60.216,98.698,99.032
16,113,5,5.415,5.234,13.268
17,0,1,57.201,98.542,64.677
17,0,2,0.701,0.199,1.059
17,0,3,56.047,98.216,62.935
17,0,4,58.354,98.869,66.418
17,0,5,1.226,0.202,1.637
17,1,1,50.412,99.71,77.139
17,1,2,1.691,3.312,2.17
17,1,3,47.631,94.262,73.569
17,1,4,53.193,99.803,80.708
17,1,5,3.354,3.321,2.813
17,2,1,63.733,99.901,71.534
17,2,2,0.767,0.736,1.009
17,2,3,62.472,98.691,69.875
17,2,4,64.993,99.94,73.193
17,2,5,1.203,0.736,1.41
17,3,1,61.331,98.495,77.464
17,3,2,2.962,4.601,9.785
17,3,3,56.46,90.927,61.368
17,3,4,66.203,98.64,93.559
17,3,5,4.829,4.671,12.632
17,4,1,55.292,98.654,68.051
17,4,2,1.974,3.317,5.558
17,4,3,52.044,93.198,58.909
17,4,4,58.539,98.749,77.193
17,4,5,3.571,3.362,8.167
17,5,1,51.718,98.413,86.523
17,5,2,2.566,4.82,7.707
17,5,3,47.498,90.485,73.847
17,5,4,55.939,98.705,99.2
17,5,5,4.961,4.898,8.907
17,6,1,57.733,99.188,62.075
17,6,2,1.623,2.771,4.283
17,6,3,55.064,94.63,55.029
17,6,4,60.402,99.238,69.12
17,6,5,2.811,2.794,6.9
17,7,1,54.707,98.497,54.77
17,7,2,1.157,2.069,2.271
17,7,3,52.804,95.095,51.034
17,7,4,56.61,98.546,58.505
17,7,5,2.115,2.1,4.147
17,8,1,59.216,97.452,63.398
17,8,2,1.736,3.012,4.25
17,8,3,56.361,92.498,56.407
17,8,4,62.071,97.568,70.388
17,8,5,2.931,3.09,6.704
17,9,1,58.202,98.908,45.936
17,9,2,2.446,4.078,6.62
17,9,3,54.179,92.199,35.046
17,9,4,62.226,99.062,56.826
17,9,5,4.203,4.123,14.412
17,10,1,50.811,100,66.268
17,10,2,1.859,3.6,4.32
17,10,3,47.752,94.078,59.162
17,10,4,53.869,100,73.374
17,10,5,3.659,3.6,6.519
17,11,1,56.119,98.537,52.433
17,11,2,1.34,2.333,2.703
17,11,3,53.915,94.701,47.987
17,11,4,58.324,98.6,56.879
17,11,5,2.388,2.367,5.155
17,12,1,57.741,99.008,65.207
17,12,2,2.342,3.812,6.278
17,12,3,53.889,92.738,54.88
17,12,4,61.593,99.104,75.534
17,12,5,4.056,3.85,9.628
17,13,1,53.678,98.682,60.124
17,13,2,2.511,4.543,7.295
17,13,3,49.548,91.209,48.125
17,13,4,57.807,98.893,72.123
17,13,5,4.677,4.604,12.133
17,14,1,55.7,98.741,71.027
17,14,2,2.952,5.048,10.781
17,14,3,50.844,90.438,53.294
17,14,4,60.555,99.001,88.761
17,14,5,5.3,5.112,15.179
17,15,1,57.139,98.654,85.024
17,15,2,2.963,4.939,6.828
17,15,3,52.265,90.53,73.794
17,15,4,62.012,98.868,96.255
17,15,5,5.185,5.007,8.03
17,16,1,58.666,98.427,78.777
17,16,2,2.956,4.8,10.223
17,16,3,53.804,90.532,61.962
17,16,4,63.529,98.639,95.592
17,16,5,5.039,4.876,12.977
17,17,1,58.932,98.147,71.438
17,17,2,1.533,2.823,7.676
17,17,3,56.411,93.505,58.813
17,17,4,61.454,98.307,84.064
17,17,5,2.601,2.876,10.745
17,18,1,59.209,97.927,73.745
17,18,2,1.636,2.674,3.533
17,18,3,56.518,93.529,67.934
17,18,4,61.899,98.025,79.556
17,18,5,2.763,2.73,4.79
17,19,1,59.824,98.372,75.074
17,19,2,2.959,4.712,10.046
17,19,3,54.957,90.622,58.55
17,19,4,64.691,98.549,91.598
17,19,5,4.946,4.79,13.381
17,20,1,64.351,98.216,75.663
17,20,2,1.355,2.28,4.65
17,20,3,62.122,94.465,68.014
17,20,4,66.58,98.344,83.312
17,20,5,2.106,2.322,6.146
17,21,1,58.235,98.217,75.184
17,21,2,2.965,4.852,10.382
17,21,3,53.357,90.236,58.108
17,21,4,63.112,98.559,92.26
17,21,5,5.092,4.94,13.808
17,22,1,55.804,100,84.33
17,22,2,2.588,4.49,6.943
17,22,3,51.546,92.615,72.909
17,22,4,60.062,100,95.75
17,22,5,4.638,4.49,8.233
17,23,1,58.315,98.934,84.513
17,23,2,2.597,4.329,6.926
17,23,3,54.042,91.814,73.12
17,23,4,62.587,99.195,95.906
17,23,5,4.454,4.375,8.196
17,24,1,52.383,99.335,65.136
17,24,2,2.403,4.468,6.873
17,24,3,48.431,91.986,53.83
17,24,4,56.335,99.422,76.441
17,24,5,4.587,4.498,10.552
17,25,1,51.644,99.221,54.49
17,25,2,2.456,4.626,7.222
17,25,3,47.605,91.612,42.61
17,25,4,55.684,99.336,66.37
17,25,5,4.756,4.662,13.255
17,26,1,60.917,98.26,69.11
17,26,2,2.955,4.621,9.923
17,26,3,56.057,90.659,52.789
17,26,4,65.777,98.475,85.432
17,26,5,4.85,4.703,14.358
17,27,1,59.06,99.371,95.779
17,27,2,2.57,4.227,6.612
17,27,3,54.834,92.418,84.903
17,27,4,63.287,99.526,96.212
17,27,5,4.351,4.254,6.903
17,28,1,58.594,98.057,69.031
17,28,2,2.224,3.496,4.918
17,28,3,54.936,92.307,60.942
17,28,4,62.252,98.179,77.121
17,28,5,3.795,3.565,7.124
17,29,1,57.533,98.602,71.242
17,29,2,2.133,3.622,4.177
17,29,3,54.025,92.644,64.372
17,29,4,61.041,98.689,78.112
17,29,5,3.707,3.674,5.863
17,30,1,61.486,98.66,74.114
17,30,2,2.119,3.302,5.773
17,30,3,58,93.228,64.619
17,30,4,64.971,98.774,83.61
17,30,5,3.446,3.347,7.789
17,31,1,54.548,98.392,65.845
17,31,2,2.337,4.176,5.027
17,31,3,50.704,91.523,57.576
17,31,4,58.391,98.55,74.114
17,31,5,4.284,4.244,7.635
17,32,1,55.138,98.784,78.013
17,32,2,2.568,4.533,7.241
17,32,3,50.915,91.328,66.102
17,32,4,59.361,99.037,89.924
17,32,5,4.657,4.589,9.282
17,33,1,64.404,98.221,76.36
17,33,2,2.982,4.414,9.399
17,33,3,59.499,90.961,60.901
17,33,4,69.309,98.451,91.819
17,33,5,4.63,4.494,12.308
17,34,1,59.737,98.203,79.009
17,34,2,2.957,4.717,10.073
17,34,3,54.873,90.445,62.441
17,34,4,64.601,98.495,95.577
17,34,5,4.951,4.803,12.749
17,35,1,64.388,97.691,70.458
17,35,2,2.984,4.419,9.455
17,35,3,59.48,90.422,54.907
17,35,4,69.295,97.898,86.01
17,35,5,4.634,4.524,13.419
17,36,1,62.043,96.96,84.444
17,36,2,3.053,4.703,9.876
17,36,3,57.021,89.223,68.198
17,36,4,67.064,97.41,85.519
17,36,5,4.921,4.851,11.696
18,0,1,65.189,98.099,58.912
18,0,2,0.758,0.222,1.135
18,0,3,63.943,97.733,57.045
18,0,4,66.436,98.465,60.78
18,0,5,1.162,0.227,1.927
18,1,1,62.43,98.366,78.976
18,1,2,1.939,2.879,2.963
18,1,3,59.24,93.63,74.102
18,1,4,65.62,98.517,83.849
18,1,5,3.106,2.927,3.752
18,2,1,54.783,98.238,74.512
18,2,2,2.648,4.701,7.069
18,2,3,50.428,90.505,62.884
18,2,4,59.138,98.489,86.14
18,2,5,4.833,4.786,9.487
18,3,1,56.093,98.926,75.199
18,3,2,3.087,5.238,10.51
18,3,3,51.016,90.31,57.912
18,3,4,61.17,99.144,92.487
18,3,5,5.503,5.295,13.976
18,4,1,67.576,97.898,61.661
18,4,2,2.264,3.302,4.237
18,4,3,63.852,92.466,54.691
18,4,4,71.3,98.014,68.63
18,4,5,3.351,3.373,6.872
18,5,1,58.227,98.948,92.218
18,5,2,2.637,4.403,6.88
18,5,3,53.889,91.706,80.9
18,5,4,62.565,99.173,92.871
18,5,5,4.529,4.45,7.461
18,6,1,61.227,98.868,82.026
18,6,2,2.568,4.088,6.074
18,6,3,57.004,92.144,72.035
18,6,4,65.451,99.01,92.016
18,6,5,4.194,4.135,7.405
18,7,1,60.452,99.192,82.856
18,7,2,2.624,4.218,6.325
18,7,3,56.137,92.254,72.453
18,7,4,64.767,99.341,93.259
18,7,5,4.34,4.252,7.634
18,8,1,65.982,97.949,55.016
18,8,2,2.329,3.405,3.238
18,8,3,62.151,92.349,49.691
18,8,4,69.814,98.076,60.342
18,8,5,3.53,3.476,5.885
18,9,1,65.598,99.259,100
18,9,2,1.814,2.73,0.245
18,9,3,62.614,94.769,99.597
18,9,4,68.581,99.357,100
18,9,5,2.765,2.75,0.245
18,10,1,59.922,98.606,65.855
18,10,2,2.08,3.227,2.658
18,10,3,56.5,93.297,61.483
18,10,4,63.343,98.755,70.226
18,10,5,3.471,3.273,4.036
18,11,1,62.14,98.266,71.65
18,11,2,2.764,4.3,6.29
18,11,3,57.595,91.193,61.303
18,11,4,66.686,98.462,81.996
18,11,5,4.447,4.376,8.779
18,12,1,64.296,98.172,73.744
18,12,2,2.87,4.346,1.795
18,12,3,59.575,91.023,70.791
18,12,4,69.017,98.321,76.697
18,12,5,4.464,4.427,2.434
18,13,1,61.183,98.691,63.014
18,13,2,2.685,4.268,6.443
18,13,3,56.766,91.671,52.416
18,13,4,65.6,98.969,73.612
18,13,5,4.389,4.324,10.225
18,14,1,61.296,98.329,55.441
18,14,2,2.716,4.286,4.729
18,14,3,56.829,91.278,47.662
18,14,4,65.763,98.515,63.221
18,14,5,4.43,4.359,8.531
18,15,1,61.361,98.373,63.103
18,15,2,2.193,3.612,4.018
18,15,3,57.754,92.432,56.494
18,15,4,64.969,98.469,69.712
18,15,5,3.574,3.672,6.367
18,16,1,59.015,98.562,79.382
18,16,2,2.128,3.694,2.307
18,16,3,55.516,92.487,75.587
18,16,4,62.515,98.706,83.176
18,16,5,3.605,3.748,2.906
18,17,1,66.383,97.927,48.117
18,17,2,0.833,1.238,1.878
18,17,3,65.014,95.891,45.029
18,17,4,67.753,99.963,51.206
18,17,5,1.254,1.264,3.903
18,18,1,61.588,98.434,87.829
18,18,2,3.048,4.707,6.057
18,18,3,56.575,90.691,77.866
18,18,4,66.601,98.595,97.792
18,18,5,4.948,4.782,6.897
18,19,1,60.712,98.39,92.536
18,19,2,2.598,4.143,6.537
18,19,3,56.438,91.574,81.783
18,19,4,64.986,98.647,93.115
18,19,5,4.28,4.211,7.065
18,20,1,70.998,97.628,46.103
18,20,2,1.798,2.499,3.57
18,20,3,68.041,93.518,40.231
18,20,4,73.955,97.707,51.974
18,20,5,2.532,2.56,7.743
19,0,1,61.334,96.876,36.677
19,0,2,0.548,0.237,0.785
19,0,3,60.432,96.486,35.386
19,0,4,62.235,97.267,37.968
19,0,5,0.893,0.245,2.14
19,1,1,58.372,97.837,55.101
19,1,2,2.974,4.838,10.13
19,1,3,53.481,89.879,38.439
19,1,4,63.263,98.416,71.764
19,1,5,5.094,4.945,18.385
19,2,1,51.595,99.102,69.865
19,2,2,3.048,5.627,11.344
19,2,3,46.582,89.845,51.206
19,2,4,56.608,99.436,88.523
19,2,5,5.907,5.678,16.236
19,3,1,52.39,99.158,86.075
19,3,2,2.761,5.119,8.045
19,3,3,47.848,90.737,72.841
19,3,4,56.931,99.607,99.308
19,3,5,5.27,5.163,9.347
19,4,1,61.317,96.822,48.311
19,4,2,1.657,2.807,7.153
19,4,3,58.591,92.205,36.544
19,4,4,64.042,97.037,60.077
19,4,5,2.702,2.899,14.807
19,5,1,52.672,99.689,53.921
19,5,2,2.496,4.603,7.068
19,5,3,48.567,92.119,42.295
19,5,4,56.778,99.782,65.548
19,5,5,4.738,4.617,13.109
19,6,1,65.736,96.888,28.434
19,6,2,1.126,1.721,1.613
19,6,3,63.884,94.058,25.782
19,6,4,67.587,99.718,31.087
19,6,5,1.713,1.776,5.671
19,7,1,55.736,98.959,72.001
19,7,2,3.012,5.144,10.467
19,7,3,50.781,90.498,54.785
19,7,4,60.691,99.149,89.217
19,7,5,5.405,5.198,14.537
19,8,1,57.37,98.734,69.043
19,8,2,2.985,4.948,10.277
19,8,3,52.459,90.595,52.139
19,8,4,62.28,99.125,85.947
19,8,5,5.204,5.012,14.885
19,9,1,60.525,97.938,41.98
19,9,2,2.562,4.022,7.477
19,9,3,56.312,91.322,29.68
19,9,4,64.739,98.033,54.279
19,9,5,4.233,4.107,17.812
19,10,1,77.029,99.298,42.931
19,10,2,1.232,1.59,0.426
19,10,3,75.002,96.684,42.23
19,10,4,79.055,99.354,43.631
19,10,5,1.599,1.601,0.992
19,11,1,59.094,98.486,55.177
19,11,2,2.991,4.813,9.918
19,11,3,54.173,90.57,38.863
19,11,4,64.014,98.797,71.49
19,11,5,5.062,4.887,17.975
19,12,1,64.575,96.756,33.489
19,12,2,2.184,3.3,3.805
19,12,3,60.983,91.327,27.23
19,12,4,68.166,96.916,39.748
19,12,5,3.381,3.411,11.362
19,13,1,57.441,98.768,61.361
19,13,2,2.993,4.955,10.169
19,13,3,52.519,90.618,44.635
19,13,4,62.364,99.014,78.088
19,13,5,5.21,5.017,16.572
19,14,1,54.653,99.091,71.784
19,14,2,2.984,5.194,10.622
19,14,3,49.746,90.548,54.312
19,14,4,59.561,99.213,89.257
19,14,5,5.459,5.241,14.798
19,15,1,50.445,99.265,80.062
19,15,2,3.015,5.692,11.623
19,15,3,45.486,89.903,60.943
19,15,4,55.405,99.687,99.18
19,15,5,5.977,5.734,14.518
19,16,1,58.644,98.339,54.724
19,16,2,3.017,4.892,10.025
19,16,3,53.682,90.292,38.234
19,16,4,63.606,98.813,71.213
19,16,5,5.144,4.975,18.319
19,17,1,54.969,96.938,60.756
19,17,2,2.171,4.098,3.943
19,17,3,51.398,90.197,54.27
19,17,4,58.54,97.15,67.241
19,17,5,3.949,4.227,6.49
19,18,1,63.604,95.716,29.35
19,18,2,1.946,2.766,3.081
19,18,3,60.403,91.167,24.282
19,18,4,66.805,95.794,34.418
19,18,5,3.06,2.889,10.497
19,19,1,61.7,96.746,34.565
19,19,2,2.337,3.637,4.965
19,19,3,57.856,90.764,26.399
19,19,4,65.545,96.856,42.73
19,19,5,3.788,3.759,14.363
19,20,1,58.071,98.963,64.11
19,20,2,2.996,4.908,10.064
19,20,3,53.143,90.89,47.555
19,20,4,62.999,99.256,80.664
19,20,5,5.159,4.959,15.699
19,21,1,60.927,97.333,38.564
19,21,2,1.368,2.272,2.59
19,21,3,58.677,93.597,34.304
19,21,4,63.178,97.389,42.824
19,21,5,2.245,2.334,6.716
19,22,1,54.206,98.863,63.425
19,22,2,3.002,5.268,10.746
19,22,3,49.268,90.197,45.749
19,22,4,59.143,99.067,81.101
19,22,5,5.538,5.329,16.943
19,23,1,50.289,98.476,84.381
19,23,2,3.045,5.765,8.32
19,23,3,45.28,88.994,70.695
19,23,4,55.297,99.073,98.066
19,23,5,6.055,5.854,9.86
19,24,1,58.36,99.279,85.942
19,24,2,2.612,4.343,6.806
19,24,3,54.063,92.136,74.747
19,24,4,62.656,99.507,97.136
19,24,5,4.476,4.374,7.919
19,25,1,65.247,97.254,31.091
19,25,2,2.693,3.986,3.101
19,25,3,60.817,90.698,25.99
19,25,4,69.676,97.374,36.191
19,25,5,4.127,4.098,9.974
19,26,1,59.473,96.222,32.807
19,26,2,1.214,2.019,1.981
19,26,3,57.476,92.9,29.548
19,26,4,61.471,99.543,36.066
19,26,5,2.042,2.099,6.039
19,27,1,52.179,99.423,82.387
19,27,2,2.743,5.111,7.945
19,27,3,47.666,91.017,69.319
19,27,4,56.691,99.734,95.455
19,27,5,5.258,5.14,9.643
19,28,1,56.579,98.571,68.171
19,28,2,2.998,5.04,10.402
19,28,3,51.647,90.281,51.061
19,28,4,61.511,99.196,85.281
19,28,5,5.299,5.113,15.259
19,29,1,56.576,98.422,67.971
19,29,2,2.979,5.004,10.332
19,29,3,51.677,90.191,50.977
19,29,4,61.475,98.752,84.966
19,29,5,5.265,5.084,15.2
19,30,1,57.734,98.757,81.449
19,30,2,3.005,4.953,10.15
19,30,3,52.791,90.611,64.753
19,30,4,62.678,99.159,98.144
19,30,5,5.205,5.015,12.462
19,31,1,63.678,97.608,41.157
19,31,2,1.589,2.453,4.123
19,31,3,61.063,93.573,34.375
19,31,4,66.292,97.661,47.94
19,31,5,2.496,2.513,10.018
19,32,1,56.649,98.679,67.254
19,32,2,2.98,5,10.322
19,32,3,51.748,90.454,50.277
19,32,4,61.55,99.023,84.231
19,32,5,5.26,5.067,15.347
19,33,1,63.102,96.572,48.674
19,33,2,1.929,3.159,2.169
19,33,3,59.93,91.376,45.106
19,33,4,66.274,96.715,52.242
19,33,5,3.056,3.271,4.456
19,34,1,60.611,98.288,49.421
19,34,2,3.004,4.712,9.682
19,34,3,55.67,90.537,33.496
19,34,4,65.552,98.678,65.347
19,34,5,4.956,4.794,19.591
19,35,1,55.778,98.286,59.406
19,35,2,3.032,5.172,10.687
19,35,3,50.79,89.779,41.828
19,35,4,60.765,98.953,76.985
19,35,5,5.436,5.262,17.99
19,36,1,52.039,99.507,74.662
19,36,2,2.997,5.483,7.551
19,36,3,47.11,90.488,62.243
19,36,4,56.968,99.687,87.082
19,36,5,5.758,5.51,10.113
19,37,1,56.456,99.34,59.788
19,37,2,2.569,4.407,10.294
19,37,3,52.231,92.091,42.855
19,37,4,60.682,99.561,76.72
19,37,5,4.55,4.436,17.218
19,38,1,60.248,98.199,51.163
19,38,2,2.736,4.356,2.473
19,38,3,55.747,91.033,47.095
19,38,4,64.748,98.317,55.23
19,38,5,4.542,4.436,4.834
19,39,1,59.088,96.501,39.073
19,39,2,1.242,2.054,2.186
19,39,3,57.046,93.122,35.478
19,39,4,61.131,99.879,42.668
19,39,5,2.101,2.128,5.594
19,40,1,52.405,99.277,93.029
19,40,2,3.063,5.571,11.15
19,40,3,47.368,90.113,74.688
19,40,4,57.443,99.74,94.936
19,40,5,5.844,5.612,11.986
19,41,1,69.188,97.913,36.196
19,41,2,1.911,2.713,3.134
19,41,3,66.045,93.451,31.041
19,41,4,72.331,97.998,41.35
19,41,5,2.762,2.771,8.658
19,42,1,52.201,98.93,63.557
19,42,2,3.048,5.561,11.271
19,42,3,47.188,89.784,45.018
19,42,4,57.214,99.234,82.095
19,42,5,5.839,5.621,17.733
19,43,1,55.057,98.961,76.173
19,43,2,3.036,5.25,10.67
19,43,3,50.064,90.325,58.623
19,43,4,60.05,99.383,93.723
19,43,5,5.514,5.305,14.007
19,44,1,60.926,96.145,46.43
19,44,2,1.303,3.417,4.123
19,44,3,58.783,90.524,39.648
19,44,4,63.07,96.382,53.212
19,44,5,2.139,3.554,8.881
19,45,1,62.206,98.409,41.971
19,45,2,2.296,3.599,1.24
19,45,3,58.43,92.489,39.931
19,45,4,65.983,98.509,44.011
19,45,5,3.691,3.657,2.955
19,46,1,55.103,96.425,28.58
19,46,2,1.49,2.721,2.433
19,46,3,52.653,91.949,24.578
19,46,4,57.554,96.493,32.582
19,46,5,2.704,2.822,8.514
19,47,1,59.697,98.198,37.393
19,47,2,2.987,4.754,6.34
19,47,3,54.784,90.378,26.964
19,47,4,64.61,98.435,47.822
19,47,5,5.003,4.842,16.956
19,48,1,63.213,96.413,34.109
19,48,2,1.528,2.407,2.733
19,48,3,60.699,92.455,29.613
19,48,4,65.727,96.491,38.604
19,48,5,2.418,2.496,8.013
19,49,1,59.583,96.584,39.349
19,49,2,1.878,2.691,6.321
19,49,3,56.495,92.158,28.952
19,49,4,62.671,96.778,49.746
19,49,5,3.151,2.786,16.064
19,50,1,54.12,99.117,66.848
19,50,2,3.08,5.426,7.749
19,50,3,49.054,90.193,54.103
19,50,4,59.187,99.559,79.594
19,50,5,5.692,5.474,11.591
19,51,1,55.343,98.751,69.444
19,51,2,3.013,5.181,10.646
19,51,3,50.387,90.229,51.932
19,51,4,60.3,99.138,86.955
19,51,5,5.445,5.246,15.331
20,0,1,61.618,98.647,79.993
20,0,2,0.809,0.191,0.854
20,0,3,60.288,98.333,78.588
20,0,4,62.949,98.961,81.398
20,0,5,1.313,0.194,1.068
20,1,1,56.689,98.815,100
20,1,2,3.199,5.392,9.976
20,1,3,51.428,89.946,83.591
20,1,4,61.95,99.493,99.999
20,1,5,5.642,5.456,9.976
20,2,1,60.341,98.303,85.271
20,2,2,2.569,4.174,6.356
20,2,3,56.116,91.438,74.817
20,2,4,64.567,98.447,95.725
20,2,5,4.257,4.246,7.454
20,3,1,53.317,99.222,100
20,3,2,3.173,5.678,11.298
20,3,3,48.098,89.883,81.417
20,3,4,58.536,99.578,100
20,3,5,5.951,5.722,11.298
20,4,1,57.814,98.871,97.978
20,4,2,3.144,5.191,10.793
20,4,3,52.642,90.333,80.225
20,4,4,62.986,99.458,98.829
20,4,5,5.439,5.25,11.016
20,5,1,58.712,97.189,80.709
20,5,2,0.632,2.633,7.648
20,5,3,57.673,92.858,68.129
20,5,4,59.751,97.496,93.289
20,5,5,1.076,2.709,9.476
20,6,1,67.46,98.697,80.902
20,6,2,3.141,4.45,9.322
20,6,3,62.294,91.378,65.569
20,6,4,72.627,98.874,96.235
20,6,5,4.656,4.509,11.522
20,7,1,48.816,98.977,100
20,7,2,3.324,6.518,10.49
20,7,3,43.348,88.256,82.746
20,7,4,54.283,99.411,100
20,7,5,6.809,6.585,10.49
20,8,1,51.608,100,100
20,8,2,3.376,6.154,10.772
20,8,3,46.055,89.878,82.282
20,8,4,57.161,99.999,99.999
20,8,5,6.542,6.154,10.772
20,9,1,59.506,98.983,92.706
20,9,2,3.121,5.003,10.467
20,9,3,54.372,90.753,75.489
20,9,4,64.64,99.254,93.496
20,9,5,5.245,5.055,11.29
20,10,1,55.246,98.978,65.169
20,10,2,3.111,5.371,11.425
20,10,3,50.129,90.144,46.377
20,10,4,60.364,99.174,83.961
20,10,5,5.631,5.427,17.531
20,11,1,57.868,99.265,99.569
20,11,2,3.147,5.186,10.762
20,11,3,52.692,90.734,81.867
20,11,4,63.045,99.689,99.862
20,11,5,5.438,5.225,10.809
20,12,1,64.795,99.399,84.077
20,12,2,2.717,4.08,6.383
20,12,3,60.326,92.688,73.579
20,12,4,69.265,99.564,94.575
20,12,5,4.193,4.105,7.591
20,13,1,63.137,99.004,90.631
20,13,2,3.152,4.767,9.909
20,13,3,57.953,91.163,74.332
20,13,4,68.322,99.356,91.855
20,13,5,4.992,4.815,10.933
20,14,1,63.509,98.479,67.443
20,14,2,3.103,4.666,9.924
20,14,3,58.404,90.803,51.119
20,14,4,68.614,98.642,83.767
20,14,5,4.887,4.738,14.715
20,15,1,54.229,100,100
20,15,2,3.207,5.633,10.816
20,15,3,48.954,90.734,82.21
20,15,4,59.505,100,100
20,15,5,5.914,5.633,10.816
20,16,1,56.278,99.272,100
20,16,2,3.179,5.391,10.094
20,16,3,51.049,90.406,83.396
20,16,4,61.507,99.485,100
20,16,5,5.648,5.43,10.094
20,17,1,49.751,99.588,100
20,17,2,3.211,6.158,11.816
20,17,3,44.469,89.459,80.565
20,17,4,55.033,99.802,100
20,17,5,6.454,6.183,11.816
20,18,1,52.012,100,100
20,18,2,3.25,5.959,10.489
20,18,3,46.666,90.199,82.746
20,18,4,57.358,99.999,99.999
20,18,5,6.249,5.959,10.489
20,19,1,53.217,99.166,93.721
20,19,2,3.178,5.7,11.738
20,19,3,47.989,89.791,74.413
20,19,4,58.445,99.524,94.858
20,19,5,5.972,5.748,12.525
20,20,1,53.547,99.299,95.358
20,20,2,3.199,5.703,11.664
20,20,3,48.285,89.918,76.174
20,20,4,58.808,99.575,96.163
20,20,5,5.974,5.743,12.231
20,21,1,62.704,98.226,82.865
20,21,2,2.67,4.165,6.556
20,21,3,58.312,91.375,72.081
20,21,4,67.097,98.475,93.649
20,21,5,4.259,4.24,7.912
20,22,1,47.372,100,100
20,22,2,3.417,6.868,10.639
20,22,3,41.752,88.704,82.501
20,22,4,52.992,99.999,99.999
20,22,5,7.212,6.868,10.639
20,23,1,62.149,97.935,72.824
20,23,2,3.097,4.762,10.138
20,23,3,57.055,90.102,56.149
20,23,4,67.243,98.135,89.499
20,23,5,4.983,4.863,13.921
20,24,1,54.822,99.291,97.763
20,24,2,3.158,5.495,11.366
20,24,3,49.626,90.253,79.067
20,24,4,60.017,99.584,98.336
20,24,5,5.761,5.534,11.626
20,25,1,65.043,98.919,80.451
20,25,2,3.107,4.559,9.57
20,25,3,59.933,91.421,64.711
20,25,4,70.154,99.129,96.192
20,25,5,4.777,4.608,11.895
20,26,1,58.378,99.548,91.804
20,26,2,3.164,5.168,10.598
20,26,3,53.174,91.046,74.372
20,26,4,63.581,99.698,92.53
20,26,5,5.419,5.192,11.544
20,27,1,51.2,98.955,96.605
20,27,2,2.916,5.557,8.701
20,27,3,46.404,89.814,82.293
20,27,4,55.996,99.41,97.517
20,27,5,5.695,5.616,9.007
20,28,1,59.02,98.604,79.835
20,28,2,3.105,5.022,10.596
20,28,3,53.912,90.344,62.405
20,28,4,64.128,98.787,97.264
20,28,5,5.262,5.093,13.273
20,29,1,52.71,99.254,100
20,29,2,3.179,5.755,11.416
20,29,3,47.481,89.789,81.223
20,29,4,57.939,99.552,100
20,29,5,6.031,5.798,11.416
20,30,1,60.159,98.54,67.886
20,30,2,3.097,4.914,10.468
20,30,3,55.065,90.458,50.667
20,30,4,65.253,98.82,85.104
20,30,5,5.148,4.987,15.42
20,31,1,54.118,98.79,100
20,31,2,3.197,5.644,11.506
20,31,3,48.859,89.506,81.074
20,31,4,59.376,99.092,100
20,31,5,5.907,5.713,11.506
20,32,1,52.783,99.192,100
20,32,2,3.194,5.776,11.249
20,32,3,47.53,89.692,81.497
20,32,4,58.037,99.686,100
20,32,5,6.051,5.823,11.249
20,33,1,61.687,98.077,69.209
20,33,2,3.103,4.806,10.293
20,33,3,56.583,90.172,52.278
20,33,4,66.79,98.602,86.14
20,33,5,5.03,4.9,14.873
20,34,1,54.892,99.54,100
20,34,2,3.204,5.569,10.831
20,34,3,49.622,90.379,82.185
20,34,4,60.162,99.851,100
20,34,5,5.837,5.595,10.831
20,35,1,67.739,98.823,99.07
20,35,2,3.162,4.462,9.656
20,35,3,62.538,91.484,83.188
20,35,4,72.94,99.535,99.676
20,35,5,4.668,4.515,9.746
20,36,1,55.916,99.049,93.96
20,36,2,2.763,4.814,7.677
20,36,3,51.372,91.13,81.333
20,36,4,60.461,99.348,94.79
20,36,5,4.942,4.861,8.17
20,37,1,51.25,99.805,100
20,37,2,3.224,6,11.978
20,37,3,45.948,89.936,80.298
20,37,4,56.552,99.928,100
20,37,5,6.29,6.012,11.978
20,38,1,64.542,99.039,100
20,38,2,3.154,4.667,9.36
20,38,3,59.354,91.363,84.605
20,38,4,69.731,99.453,100
20,38,5,4.887,4.712,9.36
20,39,1,69.948,98.797,70.524
20,39,2,1.987,2.811,6.362
20,39,3,66.68,94.174,60.059
20,39,4,73.216,98.883,80.988
20,39,5,2.841,2.845,9.021
20,40,1,53.246,99.399,100
20,40,2,3.186,5.709,10.654
20,40,3,48.006,90.009,82.475
20,40,4,58.487,99.623,100
20,40,5,5.983,5.743,10.654
20,41,1,56.366,98.8,81.386
20,41,2,2.649,4.597,6.994
20,41,3,52.009,91.238,69.882
20,41,4,60.723,98.949,92.891
20,41,5,4.699,4.653,8.594
20,42,1,60.721,98.694,77.754
20,42,2,3.092,4.857,10.302
20,42,3,55.636,90.704,60.81
20,42,4,65.806,98.974,94.699
20,42,5,5.092,4.922,13.249
20,43,1,67.785,98.364,72.072
20,43,2,2.453,3.669,7.464
20,43,3,63.75,92.33,59.794
20,43,4,71.821,98.449,84.35
20,43,5,3.619,3.73,10.357
20,44,1,62.794,98.93,82.512
20,44,2,2.552,3.953,6.078
20,44,3,58.597,92.428,72.515
20,44,4,66.992,99.046,92.51
20,44,5,4.064,3.996,7.366
20,45,1,61.953,97.596,63.667
20,45,2,3.117,4.813,10.278
20,45,3,56.827,89.68,46.761
20,45,4,67.079,97.98,80.572
20,45,5,5.031,4.932,16.143
20,46,1,50.295,99.658,100
20,46,2,3.238,6.144,11.296
20,46,3,44.968,89.551,81.42
20,46,4,55.621,99.856,100
20,46,5,6.438,6.165,11.296
20,47,1,64.059,99.148,100
20,47,2,3.319,4.963,8.084
20,47,3,58.6,90.985,86.703
20,47,4,69.518,99.926,99.996
20,47,5,5.181,5.005,8.084
20,48,1,57.719,98.417,96.597
20,48,2,3.127,5.175,11.026
20,48,3,52.575,89.906,78.46
20,48,4,62.863,99.132,97.736
20,48,5,5.418,5.258,11.415
20,49,1,57.196,99.602,93.322
20,49,2,3.154,5.257,10.896
20,49,3,52.008,90.955,75.399
20,49,4,62.383,99.885,95.015
20,49,5,5.514,5.278,11.676
20,50,1,55.403,99.45,100
20,50,2,3.159,5.436,10.887
20,50,3,50.208,90.508,82.093
20,50,4,60.599,99.701,100
20,50,5,5.701,5.466,10.887
20,51,1,72.184,98.699,99.999
20,51,2,3.232,4.289,8.786
20,51,3,66.868,91.645,85.548
20,51,4,77.499,99.04,100
20,51,5,4.477,4.345,8.786
20,52,1,56.954,99.613,86.703
20,52,2,2.758,4.713,7.455
20,52,3,52.417,91.86,74.44
20,52,4,61.491,99.773,98.967
20,52,5,4.843,4.731,8.599
20,53,1,59.542,98.896,93.8
20,53,2,3.15,5.051,10.524
20,53,3,54.361,90.588,76.49
20,53,4,64.724,99.424,95.267
20,53,5,5.291,5.107,11.22
20,54,1,57.521,98.965,100
20,54,2,3.182,5.282,9.967
20,54,3,52.288,90.277,83.606
20,54,4,62.755,99.711,99.999
20,54,5,5.531,5.337,9.967
20,55,1,61.058,99.103,90.194
20,55,2,3.136,4.901,10.189
20,55,3,55.9,91.042,73.435
20,55,4,66.217,99.422,91.393
20,55,5,5.136,4.945,11.296
20,56,1,59.42,99.467,87.983
20,56,2,3.133,5.026,10.462
20,56,3,54.267,91.199,70.775
20,56,4,64.573,99.795,90.096
20,56,5,5.272,5.053,11.891
20,57,1,60.837,99.015,74.9
20,57,2,3.111,4.878,10.266
20,57,3,55.719,90.991,58.015
20,57,4,65.954,99.132,91.786
20,57,5,5.114,4.927,13.706
20,58,1,51.37,100,97.866
20,58,2,3.216,5.959,12.053
20,58,3,46.081,90.199,78.04
20,58,4,56.66,100,98.196
20,58,5,6.26,5.959,12.316
20,59,1,68.786,98.142,74.424
20,59,2,2.518,3.587,5.524
20,59,3,64.644,92.242,65.338
20,59,4,72.929,98.278,83.51
20,59,5,3.661,3.655,7.422
20,60,1,53.083,99.24,100
20,60,2,3.171,5.7,11.308
20,60,3,47.867,89.865,81.4
20,60,4,58.299,99.598,100
20,60,5,5.974,5.743,11.308
20,61,1,54.062,98.276,91.985
20,61,2,3.18,5.625,11.692
20,61,3,48.832,89.024,72.754
20,61,4,59.292,98.831,93.3
20,61,5,5.882,5.724,12.71
20,62,1,63.84,98.229,96.448
20,62,2,3.198,4.795,9.949
20,62,3,58.581,90.342,80.084
20,62,4,69.1,99.217,98.002
20,62,5,5.009,4.881,10.315
20,63,1,64.71,98.118,76.065
20,63,2,3.113,4.598,9.743
20,63,3,59.59,90.555,60.038
20,63,4,69.83,98.545,92.091
20,63,5,4.81,4.686,12.809
20,64,1,56.125,98.953,83.607
20,64,2,3.122,5.306,11.138
20,64,3,50.99,90.225,65.287
20,64,4,61.26,99.201,84.683
20,64,5,5.562,5.362,13.322
20,65,1,48.314,99.722,100
20,65,2,3.361,6.653,9.835
20,65,3,42.785,88.779,83.823
20,65,4,53.843,99.945,100
20,65,5,6.958,6.672,9.835
20,66,1,57.055,99.323,81.14
20,66,2,2.76,4.707,7.498
20,66,3,52.515,91.579,68.807
20,66,4,61.594,99.557,93.474
20,66,5,4.837,4.74,9.241
20,67,1,61.296,98.148,58.112
20,67,2,1.049,1.736,2.11
20,67,3,59.571,95.292,54.642
20,67,4,63.022,98.208,61.582
20,67,5,1.711,1.769,3.63
20,68,1,64.624,98.528,75.793
20,68,2,3.097,4.576,9.707
20,68,3,59.529,91.001,59.827
20,68,4,69.719,98.703,91.759
20,68,5,4.793,4.644,12.807
20,69,1,60.943,98.301,93.323
20,69,2,3.106,4.868,10.349
20,69,3,55.833,90.293,76.3
20,69,4,66.052,98.821,94.442
20,69,5,5.097,4.952,11.09
20,70,1,57.591,99.234,89.425
20,70,2,3.122,5.168,10.797
20,70,3,52.456,90.734,71.666
20,70,4,62.726,99.474,90.427
20,70,5,5.421,5.208,12.073
20,71,1,64.615,98.936,92.343
20,71,2,3.112,4.597,9.638
20,71,3,59.496,91.375,76.489
20,71,4,69.734,99.303,93.447
20,71,5,4.817,4.646,10.437
20,72,1,58.186,98.901,76.8
20,72,2,3.109,5.097,10.834
20,72,3,53.072,90.517,58.98
20,72,4,63.3,99.167,94.62
20,72,5,5.343,5.154,14.106
20,73,1,58.19,98.748,80.288
20,73,2,3.116,5.11,10.753
20,73,3,53.065,90.343,62.601
20,73,4,63.315,98.892,97.975
20,73,5,5.354,5.174,13.393
20,74,1,59.053,98.876,100
20,74,2,3.119,5.039,9.648
20,74,3,53.922,90.587,84.13
20,74,4,64.184,99.662,99.999
20,74,5,5.282,5.097,9.648
20,75,1,61.875,99.016,90.223
20,75,2,3.205,4.951,10.201
20,75,3,56.603,90.872,73.444
20,75,4,67.147,99.386,91.557
20,75,5,5.18,5.001,11.306
20,76,1,58.773,98.702,89.425
20,76,2,3.106,5.041,10.631
20,76,3,53.665,90.41,71.938
20,76,4,63.881,99.119,90.753
20,76,5,5.284,5.108,11.888
20,77,1,68.943,98.886,82.333
20,77,2,0.73,0.541,3.224
20,77,3,67.742,97.996,77.029
20,77,4,70.144,99.776,87.636
20,77,5,1.059,0.547,3.916
20,78,1,61.597,98.394,75.647
20,78,2,3.106,4.816,10.298
20,78,3,56.488,90.473,58.708
20,78,4,66.707,99.054,92.586
20,78,5,5.043,4.894,13.614
20,79,1,65.985,98.675,58.84
20,79,2,2.448,3.642,9.499
20,79,3,61.958,92.684,43.215
20,79,4,70.012,98.762,74.464
20,79,5,3.71,3.691,16.144
20,80,1,57.174,98.742,100
20,80,2,3.219,5.383,10.063
20,80,3,51.88,89.888,83.448
20,80,4,62.469,99.289,100
20,80,5,5.63,5.452,10.063
20,81,1,53.578,99.211,100
20,81,2,3.235,5.767,10.582
20,81,3,48.257,89.724,82.595
20,81,4,58.899,99.605,100
20,81,5,6.038,5.813,10.582
20,82,1,56.508,99.032,89.562
20,82,2,3.126,5.277,11.027
20,82,3,51.366,90.353,71.423
20,82,4,61.65,99.361,90.78
20,82,5,5.532,5.328,12.313
20,83,1,68.496,97.229,65.6
20,83,2,2.91,4.184,8.136
20,83,3,63.709,90.347,52.218
20,83,4,73.282,97.567,78.983
20,83,5,4.248,4.303,12.402
20,84,1,59.379,98.181,73.632
20,84,2,3.114,5.011,10.647
20,84,3,54.257,89.939,56.119
20,84,4,64.501,98.622,91.145
20,84,5,5.244,5.104,14.46
20,85,1,56.595,99.125,97.554
20,85,2,3.15,5.311,11.021
20,85,3,51.414,90.39,79.426
20,85,4,61.777,99.272,97.808
20,85,5,5.566,5.358,11.297
20,86,1,58.306,98.92,100
20,86,2,3.207,5.255,9.877
20,86,3,53.032,90.276,83.753
20,86,4,63.581,99.507,100
20,86,5,5.499,5.313,9.877
20,87,1,72.564,97.727,83.695
20,87,2,3.183,4.205,8.729
20,87,3,67.329,90.811,69.337
20,87,4,77.799,98.142,98.053
20,87,5,4.386,4.303,10.43
20,88,1,52.66,100,100
20,88,2,3.246,5.845,11.261
20,88,3,47.32,90.385,81.478
20,88,4,57.999,100,100
20,88,5,6.164,5.845,11.261
20,89,1,63.102,98.949,89.136
20,89,2,3.111,4.704,9.868
20,89,3,57.984,91.211,72.904
20,89,4,68.219,99.362,90.674
20,89,5,4.931,4.754,11.071
20,90,1,62.312,98.479,73.802
20,90,2,3.088,4.73,6.877
20,90,3,57.232,90.698,62.49
20,90,4,67.392,98.82,85.115
20,90,5,4.956,4.803,9.319
20,91,1,61.852,97.799,70.25
20,91,2,3.037,4.72,10.239
20,91,3,56.857,90.035,53.408
20,91,4,66.847,98.2,87.092
20,91,5,4.91,4.826,14.575
20,92,1,55.532,98.412,91.014
20,92,2,3.16,5.439,11.349
20,92,3,50.333,89.466,72.347
20,92,4,60.73,99.029,92.676
20,92,5,5.691,5.527,12.469
20,93,1,56.276,98.933,100
20,93,2,3.185,5.405,9.911
20,93,3,51.037,90.042,83.698
20,93,4,61.516,99.654,99.999
20,93,5,5.66,5.464,9.911
20,94,1,49.438,100,100
20,94,2,3.271,6.266,11.155
20,94,3,44.058,89.693,81.651
20,94,4,54.818,100,100
20,94,5,6.616,6.266,11.155
20,95,1,60.066,98.471,93.387
20,95,2,3.112,4.946,10.423
20,95,3,54.948,90.335,76.244
20,95,4,65.185,98.874,94.288
20,95,5,5.181,5.023,11.161
20,96,1,54.968,99.737,93.437
20,96,2,3.173,5.502,11.32
20,96,3,49.75,90.687,74.817
20,96,4,60.187,99.959,95.483
20,96,5,5.772,5.517,12.115
20,97,1,52.247,98.976,100
20,97,2,3.211,5.87,11.796
20,97,3,46.966,89.32,80.597
20,97,4,57.529,99.451,100
20,97,5,6.145,5.931,11.796
20,98,1,55.223,99.055,100
20,98,2,3.143,5.428,11.12
20,98,3,50.054,90.126,81.71
20,98,4,60.392,99.384,100
20,98,5,5.691,5.48,11.12
20,99,1,57.319,99.586,100
20,99,2,3.2,5.327,9.248
20,99,3,52.055,90.824,84.789
20,99,4,62.582,99.947,99.999
20,99,5,5.583,5.349,9.248
20,100,1,46.887,99.509,100
20,100,2,3.442,7.031,10.421
20,100,3,41.225,87.943,82.858
20,100,4,52.548,99.929,99.999
20,100,5,7.34,7.066,10.421
20,101,1,59.391,98.8,100
20,101,2,3.162,5.084,9.93
20,101,3,54.19,90.437,83.666
20,101,4,64.591,99.492,99.999
20,101,5,5.324,5.146,9.93
20,102,1,60.254,97.619,76.458
20,102,2,3.138,4.984,10.515
20,102,3,55.093,89.421,59.162
20,102,4,65.415,98.083,93.755
20,102,5,5.207,5.106,13.753
20,103,1,62.373,98.339,77.106
20,103,2,2.733,4.268,6.866
20,103,3,57.878,91.319,65.813
20,103,4,66.868,98.695,88.399
20,103,5,4.381,4.34,8.904
20,104,1,59.029,99.515,99.847
20,104,2,3.16,5.105,10.464
20,104,3,53.832,91.118,82.635
20,104,4,64.227,99.767,99.959
20,104,5,5.353,5.13,10.48
20,105,1,55.378,98.543,100
20,105,2,3.162,5.456,11.155
20,105,3,50.177,89.569,81.652
20,105,4,60.579,98.871,100
20,105,5,5.71,5.536,11.155
20,106,1,60.925,98.509,100
20,106,2,3.154,4.946,10.803
20,106,3,55.737,90.373,82.231
20,106,4,66.112,99.593,99.998
20,106,5,5.176,5.021,10.803
20,107,1,68.502,98.388,69.116
20,107,2,1.938,2.817,4.539
20,107,3,65.315,93.754,61.65
20,107,4,71.689,98.559,76.582
20,107,5,2.829,2.863,6.567
20,108,1,47.789,100,100
20,108,2,3.194,6.355,8.919
20,108,3,42.535,89.547,85.33
20,108,4,53.044,100,100
20,108,5,6.684,6.355,8.919
20,109,1,60.218,98.409,82.634
20,109,2,3.098,4.912,10.448
20,109,3,55.121,90.33,65.449
20,109,4,65.314,99.101,99.819
20,109,5,5.145,4.991,12.643
20,110,1,49.921,99.422,100
20,110,2,3.277,6.273,10.602
20,110,3,44.531,89.104,82.562
20,110,4,55.31,99.787,100
20,110,5,6.564,6.31,10.602
20,111,1,59.55,98.161,92.712
20,111,2,3.121,5.007,10.547
20,111,3,54.417,89.925,75.364
20,111,4,64.683,98.604,93.654
20,111,5,5.24,5.101,11.376
20,112,1,65.466,98.351,95.911
20,112,2,3.241,4.743,9.653
20,112,3,60.135,90.55,80.034
20,112,4,70.797,98.836,96.72
20,112,5,4.951,4.823,10.064
20,113,1,63.411,98.939,98.64
20,113,2,3.124,4.702,9.826
20,113,3,58.272,91.205,82.479
20,113,4,68.55,99.314,99.075
20,113,5,4.927,4.752,9.961
20,114,1,46.86,100,100
20,114,2,3.331,6.748,11.32
20,114,3,41.381,88.901,81.379
20,114,4,52.34,99.999,99.999
20,114,5,7.109,6.748,11.32
20,115,1,65.698,97.81,55.013
20,115,2,2.992,4.49,6.437
20,115,3,60.776,90.425,44.425
20,115,4,70.62,98.123,65.602
20,115,5,4.555,4.59,11.701
20,116,1,55.198,99.218,100
20,116,2,3.155,5.451,10.181
20,116,3,50.009,90.251,83.253
20,116,4,60.387,99.519,100
20,116,5,5.715,5.494,10.181
20,117,1,56.948,99.534,100
20,117,2,3.154,5.281,10.253
20,117,3,51.759,90.848,83.135
20,117,4,62.136,99.8,100
20,117,5,5.539,5.305,10.253
20,118,1,51.874,98.67,100
20,118,2,3.298,6.087,10.415
20,118,3,46.449,88.657,82.869
20,118,4,57.298,99.173,100
20,118,5,6.357,6.169,10.415
20,119,1,56.065,98.316,100
20,119,2,3.207,5.473,10.545
20,119,3,50.79,89.315,82.655
20,119,4,61.34,99.175,99.999
20,119,5,5.72,5.566,10.545
20,120,1,66.787,99.525,100
20,120,2,3.269,4.682,9.43
20,120,3,61.41,91.823,84.489
20,120,4,72.163,99.921,99.999
20,120,5,4.894,4.705,9.43
20,121,1,47.4,100,100
20,121,2,3.336,6.638,9.857
20,121,3,41.912,89.081,83.787
20,121,4,52.887,99.999,99.999
20,121,5,7.039,6.638,9.857
20,122,1,62.614,98.846,100
20,122,2,3.188,4.866,9.499
20,122,3,57.371,90.843,84.376
20,122,4,67.857,99.544,99.999
20,122,5,5.091,4.922,9.499
20,123,1,58.406,99.505,100
20,123,2,3.144,5.132,10.575
20,123,3,53.234,91.063,82.606
20,123,4,63.578,99.759,100
20,123,5,5.384,5.158,10.575
20,124,1,73.445,98.562,85.92
20,124,2,3.166,4.127,8.565
20,124,3,68.236,91.773,71.831
20,124,4,78.653,98.74,86.505
20,124,5,4.311,4.187,9.969
20,125,1,55.728,100,89.556
20,125,2,2.792,4.846,4.893
20,125,3,51.135,92.029,81.508
20,125,4,60.321,100,97.604
20,125,5,5.01,4.846,5.464
20,126,1,78.968,99.649,100
20,126,2,3.54,4.317,7.723
20,126,3,73.144,92.547,87.297
20,126,4,84.791,99.793,100
20,126,5,4.483,4.332,7.723
20,127,1,54.99,99.362,100
20,127,2,3.184,5.525,9.597
20,127,3,49.753,90.275,84.215
20,127,4,60.227,99.763,100
20,127,5,5.79,5.56,9.597
20,128,1,59.355,99.324,97.551
20,128,2,3.19,5.131,10.523
20,128,3,54.108,90.884,80.242
20,128,4,64.603,99.71,98.417
20,128,5,5.375,5.166,10.787
20,129,1,64.268,99.333,100
20,129,2,3.257,4.847,9.523
20,129,3,58.91,91.36,84.336
20,129,4,69.625,99.87,99.999
20,129,5,5.068,4.88,9.523
20,130,1,60.337,99.341,89.984
20,130,2,3.122,4.933,10.294
20,130,3,55.201,91.227,73.051
20,130,4,65.472,99.575,91.026
20,130,5,5.174,4.966,11.44
20,131,1,64.069,98.927,95.867
20,131,2,3.128,4.659,9.705
20,131,3,58.925,91.263,79.904
20,131,4,69.213,99.135,96.296
20,131,5,4.881,4.71,10.123
20,132,1,58.583,98.407,81.659
20,132,2,3.112,5.072,10.802
20,132,3,53.464,90.064,63.891
20,132,4,63.701,99.074,99.426
20,132,5,5.312,5.154,13.228
20,133,1,53.205,99.201,100
20,133,2,3.163,5.672,10.952
20,133,3,48.003,89.871,81.986
20,133,4,58.408,99.511,100
20,133,5,5.945,5.717,10.952
20,134,1,58.823,98.846,97.688
20,134,2,3.004,4.872,9.202
20,134,3,53.882,90.833,82.553
20,134,4,63.764,99.001,97.914
20,134,5,5.107,4.928,9.419
20,135,1,58.678,98.172,87.057
20,135,2,3.116,5.075,10.711
20,135,3,53.552,89.825,69.439
20,135,4,63.804,98.513,88.023
20,135,5,5.311,5.169,12.304
20,136,1,56.092,99.388,95.905
20,136,2,3.148,5.351,11.059
20,136,3,50.915,90.587,77.715
20,136,4,61.27,99.552,96.363
20,136,5,5.612,5.384,11.531
20,137,1,54.716,99.193,100
20,137,2,3.149,5.49,11.248
20,137,3,49.536,90.163,81.499
20,137,4,59.896,99.519,100
20,137,5,5.756,5.534,11.248
20,138,1,53.034,100,100
20,138,2,3.341,5.95,9.525
20,138,3,47.538,90.214,84.333
20,138,4,58.529,99.999,99.999
20,138,5,6.3,5.95,9.525
20,139,1,53.778,98.825,100
20,139,2,3.161,5.613,11.611
20,139,3,48.578,89.593,80.901
20,139,4,58.977,99.328,100
20,139,5,5.878,5.679,11.611
20,140,1,57.667,99.048,99.157
20,140,2,3.127,5.172,10.831
20,140,3,52.523,90.54,81.341
20,140,4,62.811,99.631,99.695
20,140,5,5.423,5.222,10.923
20,141,1,65.13,98.805,78.658
20,141,2,3.093,4.532,9.558
20,141,3,60.042,91.351,62.937
20,141,4,70.218,99.063,94.379
20,141,5,4.75,4.587,12.151
20,142,1,45.722,99.959,100
20,142,2,3.367,7.038,10.35
20,142,3,40.184,88.382,82.976
20,142,4,51.26,99.998,99.999
20,142,5,7.363,7.041,10.35
20,143,1,61.057,99.206,79.161
20,143,2,3.111,4.858,10.205
20,143,3,55.941,91.215,62.375
20,143,4,66.174,99.402,95.946
20,143,5,5.095,4.897,12.891
20,144,1,51.707,99.59,100
20,144,2,3.235,5.971,11.608
20,144,3,46.387,89.769,80.906
20,144,4,57.028,99.892,100
20,144,5,6.256,5.995,11.608
20,145,1,67.468,97.523,69.101
20,145,2,3.121,4.429,9.387
20,145,3,62.334,90.238,53.661
20,145,4,72.602,97.981,84.541
20,145,5,4.626,4.541,13.585
20,146,1,62.604,98.457,100
20,146,2,3.126,4.77,9.525
20,146,3,57.461,90.612,84.332
20,146,4,67.746,98.956,100
20,146,5,4.994,4.844,9.525
20,147,1,49.135,100,100
20,147,2,3.85,7.199,9.775
20,147,3,42.803,88.159,83.921
20,147,4,55.467,99.999,99.999
20,147,5,7.835,7.199,9.775
20,148,1,53.31,99.438,100
20,148,2,3.201,5.731,11.671
20,148,3,48.044,90.012,80.803
20,148,4,58.575,99.758,100
20,148,5,6.005,5.763,11.671
20,149,1,57.495,99.012,98.817
20,149,2,3.139,5.209,10.847
20,149,3,52.331,90.444,80.976
20,149,4,62.659,99.462,99.322
20,149,5,5.46,5.261,10.977
20,150,1,63.538,98.277,76.612
20,150,2,3.088,4.64,9.87
20,150,3,58.46,90.645,60.377
20,150,4,68.617,98.527,92.847
20,150,5,4.859,4.722,12.883
20,151,1,71.476,99.653,100
20,151,2,3.365,4.515,8.342
20,151,3,65.941,92.227,86.278
20,151,4,77.01,99.958,99.999
20,151,5,4.708,4.53,8.342
20,152,1,56.085,99.002,100
20,152,2,3.148,5.355,11.084
20,152,3,50.908,90.193,81.768
20,152,4,61.262,99.432,100
20,152,5,5.612,5.409,11.084
20,153,1,65.042,99.148,87.627
20,153,2,2.778,4.147,6.586
20,153,3,60.473,92.327,76.795
20,153,4,69.612,99.422,98.46
20,153,5,4.271,4.183,7.515
20,154,1,51.742,99.324,100
20,154,2,3.186,5.875,11.162
20,154,3,46.502,89.66,81.64
20,154,4,56.983,99.669,100
20,154,5,6.157,5.915,11.162
20,155,1,61.608,98.43,93.611
20,155,2,3.097,4.798,10.156
20,155,3,56.514,90.537,76.905
20,155,4,66.701,99.173,95.333
20,155,5,5.026,4.875,10.849
20,156,1,59.07,98.74,85.249
20,156,2,3.111,5.025,10.586
20,156,3,53.953,90.474,67.836
20,156,4,64.186,99.125,86.726
20,156,5,5.266,5.089,12.418
20,157,1,64.085,97.765,66.739
20,157,2,2.801,4.15,6.291
20,157,3,59.478,90.938,56.391
20,157,4,68.692,98.018,77.087
20,157,5,4.371,4.245,9.427
20,158,1,57.998,98.851,98.051
20,158,2,3.12,5.132,10.745
20,158,3,52.866,90.41,80.378
20,158,4,63.13,99.32,98.696
20,158,5,5.379,5.192,10.958
20,159,1,56.675,98.979,94.868
20,159,2,3.142,5.29,11.013
20,159,3,51.507,90.277,76.754
20,159,4,61.843,99.289,95.625
20,159,5,5.544,5.345,11.609
20,160,1,59.223,99.336,97.26
20,160,2,3.138,5.053,10.512
20,160,3,54.061,91.024,79.97
20,160,4,64.386,99.715,98.178
20,160,5,5.299,5.087,10.808
20,161,1,52.07,98.888,100
20,161,2,3.184,5.839,11.98
20,161,3,46.834,89.284,80.295
20,161,4,57.307,99.316,100
20,161,5,6.114,5.905,11.98
20,162,1,62.801,98.13,95.561
20,162,2,3.103,4.72,10.018
20,162,3,57.697,90.366,79.083
20,162,4,67.905,98.761,96.602
20,162,5,4.941,4.81,10.483
20,163,1,55.48,99.613,100
20,163,2,3.2,5.502,10.635
20,163,3,50.216,90.562,82.507
20,163,4,60.744,99.875,100
20,163,5,5.768,5.524,10.635
20,164,1,54.41,98.796,100
20,164,2,3.165,5.555,11.242
20,164,3,49.203,89.658,81.508
20,164,4,59.617,99.239,100
20,164,5,5.818,5.623,11.242
20,165,1,59.059,100,100
20,165,2,3.209,5.182,10.345
20,165,3,53.78,91.477,82.984
20,165,4,64.338,100,100
20,165,5,5.434,5.182,10.345
20,166,1,61.275,98.92,86.198
20,166,2,2.633,4.08,4.982
20,166,3,56.944,92.209,78.003
20,166,4,65.606,99.134,94.393
20,166,5,4.297,4.125,5.78
20,167,1,58.71,98.446,98.466
20,167,2,3.126,5.085,10.699
20,167,3,53.568,90.082,80.868
20,167,4,63.851,99.018,99.038
20,167,5,5.324,5.165,10.866
20,168,1,57.6,99.592,99.308
20,168,2,3.178,5.262,10.809
20,168,3,52.372,90.936,81.528
20,168,4,62.827,99.901,99.769
20,168,5,5.518,5.284,10.885
20,169,1,55.726,99.455,97.189
20,169,2,3.152,5.393,11.142
20,169,3,50.54,90.584,78.863
20,169,4,60.911,99.696,97.815
20,169,5,5.657,5.423,11.464
20,170,1,60.916,98.49,100
20,170,2,3.125,4.899,9.675
20,170,3,55.776,90.431,84.085
20,170,4,66.056,98.917,100
20,170,5,5.13,4.974,9.675
20,171,1,52.08,99.321,100
20,171,2,3.181,5.828,11.073
20,171,3,46.848,89.735,81.787
20,171,4,57.312,99.474,100
20,171,5,6.108,5.867,11.073
20,172,1,57.35,99.34,100
20,172,2,2.963,5.02,7.619
20,172,3,52.477,91.083,87.468
20,172,4,62.224,99.853,99.999
20,172,5,5.166,5.053,7.619
20,173,1,55.769,99.454,97.153
20,173,2,3.171,5.423,11.163
20,173,3,50.552,90.533,78.792
20,173,4,60.985,99.785,98.089
20,173,5,5.686,5.453,11.49
20,174,1,58.989,94.726,62.782
20,174,2,1.963,2.801,6.631
20,174,3,55.76,90.119,51.874
20,174,4,62.218,99.333,73.689
20,174,5,3.328,2.957,10.562
20,175,1,54.17,99.141,96.641
20,175,2,3.161,5.567,11.529
20,175,3,48.971,89.984,77.678
20,175,4,59.37,99.602,97.706
20,175,5,5.835,5.616,11.929
20,176,1,53.674,99.484,99.036
20,176,2,3.201,5.689,11.604
20,176,3,48.41,90.126,79.949
20,176,4,58.939,99.75,99.43
20,176,5,5.963,5.719,11.717
20,177,1,59.719,98.793,73.803
20,177,2,3.092,4.938,10.498
20,177,3,54.634,90.671,56.536
20,177,4,64.805,99.034,91.07
20,177,5,5.177,4.998,14.224
20,178,1,57.13,97.35,68.199
20,178,2,3.181,5.338,11.237
20,178,3,51.898,88.571,49.717
20,178,4,62.363,97.805,86.682
20,178,5,5.568,5.483,16.476
20,179,1,58.749,99.098,97.084
20,179,2,2.84,4.704,7.621
20,179,3,54.079,91.361,84.549
20,179,4,63.42,99.562,98.037
20,179,5,4.833,4.747,7.849
20,180,1,55.373,99.839,88.329
20,180,2,3.171,5.459,11.199
20,180,3,50.157,90.861,69.909
20,180,4,60.589,99.961,90.035
20,180,5,5.727,5.467,12.678
20,181,1,45.158,100,100
20,181,2,3.714,7.553,9.596
20,181,3,39.049,87.576,84.215
20,181,4,51.266,99.999,99.999
20,181,5,8.224,7.553,9.596
20,182,1,53.406,99.57,93.005
20,182,2,3.184,5.686,11.774
20,182,3,48.17,90.218,73.638
20,182,4,58.643,99.832,94.414
20,182,5,5.961,5.71,12.66
20,183,1,51.795,100,100
20,183,2,3.369,6.131,10.704
20,183,3,46.254,89.916,82.394
20,183,4,57.336,100,100
20,183,5,6.504,6.131,10.704
20,184,1,64.511,98.24,74.772
20,184,2,2.132,3.137,4.98
20,184,3,61.004,93.079,66.581
20,184,4,68.018,98.316,82.964
20,184,5,3.305,3.194,6.66
20,185,1,59.427,98.619,78.71
20,185,2,3.095,4.969,10.536
20,185,3,54.337,90.446,61.38
20,185,4,64.518,98.9,96.041
20,185,5,5.208,5.038,13.386
20,186,1,58.083,99.423,100
20,186,2,3.21,5.276,10.143
20,186,3,52.803,90.745,83.317
20,186,4,63.362,99.875,99.999
20,186,5,5.526,5.307,10.143
20,187,1,54.347,99.152,100
20,187,2,3.155,5.538,10.143
20,187,3,49.157,90.042,83.317
20,187,4,59.537,99.57,100
20,187,5,5.806,5.586,10.143
20,188,1,57.102,98.763,91.081
20,188,2,3.118,5.21,10.931
20,188,3,51.974,90.194,73.101
20,188,4,62.23,99.031,91.851
20,188,5,5.46,5.275,12.001
20,189,1,58.118,98.67,100
20,189,2,3.127,5.136,10.46
20,189,3,52.974,90.222,82.795
20,189,4,63.261,99.124,100
20,189,5,5.381,5.205,10.46
20,190,1,61.335,99.069,87.01
20,190,2,3.108,4.832,10.123
20,190,3,56.224,91.121,70.359
20,190,4,66.447,99.216,87.591
20,190,5,5.067,4.878,11.634
20,191,1,56.392,99.508,100
20,191,2,3.253,5.509,10.472
20,191,3,51.042,90.445,82.776
20,191,4,61.742,99.937,99.999
20,191,5,5.768,5.537,10.472
20,192,1,61.37,98.358,86.057
20,192,2,3.159,4.921,10.281
20,192,3,56.174,90.264,69.147
20,192,4,66.566,98.98,88.14
20,192,5,5.147,5.003,11.947
20,193,1,60.128,98.105,90.217
20,193,2,2.769,4.484,7.348
20,193,3,55.574,90.729,78.131
20,193,4,64.682,98.653,91.575
20,193,5,4.605,4.571,8.145
20,194,1,83.672,99.523,100
20,194,2,3.846,4.449,7.432
20,194,3,77.346,92.204,87.776
20,194,4,89.999,99.789,100
20,194,5,4.597,4.471,7.432
20,195,1,48.737,100,100
20,195,2,3.344,6.548,10.391
20,195,3,43.237,89.23,82.909
20,195,4,54.237,100,100
20,195,5,6.861,6.548,10.391
20,196,1,53.47,99.741,100
20,196,2,3.307,5.91,9.616
20,196,3,48.03,90.021,84.183
20,196,4,58.91,99.975,99.999
20,196,5,6.185,5.925,9.616
20,197,1,67.813,98.881,94.403
20,197,2,3.176,4.478,9.241
20,197,3,62.589,91.515,79.203
20,197,4,73.037,99.237,95.275
20,197,5,4.684,4.529,9.789
20,198,1,53.218,98.898,87.934
20,198,2,3.158,5.666,11.757
20,198,3,48.022,89.579,68.594
20,198,4,58.413,99.046,88.447
20,198,5,5.935,5.729,13.371
20,199,1,39.833,100,100
20,199,2,3.983,9.002,9.55
20,199,3,33.282,85.193,84.292
20,199,4,46.384,99.999,99.999
20,199,5,9.999,9.002,9.55
20,200,1,56.343,98.768,97.932
20,200,2,3.136,5.313,11.073
20,200,3,51.184,90.029,79.719
20,200,4,61.502,99.162,98.464
20,200,5,5.567,5.379,11.307
20,201,1,56.848,98.882,97.969
20,201,2,3.136,5.264,10.987
20,201,3,51.69,90.223,79.897
20,201,4,62.005,99.379,98.685
20,201,5,5.516,5.323,11.214
20,202,1,64.336,98.925,94.645
20,202,2,2.817,4.256,6.685
20,202,3,59.702,91.924,83.648
20,202,4,68.97,99.254,95.447
20,202,5,4.379,4.302,7.064
20,203,1,54.322,100,100
20,203,2,3.312,5.786,11.21
20,203,3,48.874,90.483,81.561
20,203,4,59.77,100,100
20,203,5,6.097,5.786,11.21
20,204,1,48.616,100,100
20,204,2,3.267,6.398,11.324
20,204,3,43.242,89.476,81.373
20,204,4,53.989,99.999,99.999
20,204,5,6.72,6.398,11.324
20,205,1,55.78,99.16,94.215
20,205,2,2.705,4.744,7.289
20,205,3,51.331,91.356,82.226
20,205,4,60.23,99.327,94.68
20,205,5,4.849,4.785,7.736
20,206,1,54.425,99.345,89.187
20,206,2,3.145,5.51,11.499
20,206,3,49.251,90.281,70.273
20,206,4,59.599,99.668,90.808
20,206,5,5.779,5.547,12.893
20,207,1,56.279,99.12,93.095
20,207,2,2.684,4.646,7.19
20,207,3,51.865,91.478,81.268
20,207,4,60.694,99.284,93.583
20,207,5,4.768,4.687,7.724
20,208,1,50.693,99.781,100
20,208,2,3.229,6.075,11.347
20,208,3,45.382,89.788,81.336
20,208,4,56.004,99.891,100
20,208,5,6.369,6.089,11.347
20,209,1,40.043,100,100
20,209,2,3.626,8.41,9.343
20,209,3,34.079,86.166,84.633
20,209,4,46.006,99.999,99.999
20,209,5,9.054,8.41,9.343
20,210,1,49.947,99.146,100
20,210,2,3.224,6.166,11.473
20,210,3,44.645,89.005,81.128
20,210,4,55.25,99.426,100
20,210,5,6.454,6.219,11.473
20,211,1,55.469,99.478,95.932
20,211,2,3.171,5.453,11.229
20,211,3,50.253,90.508,77.462
20,211,4,60.685,99.74,96.809
20,211,5,5.717,5.482,11.705
20,212,1,53.332,99.533,100
20,212,2,3.191,5.707,10.097
20,212,3,48.084,90.145,83.392
20,212,4,58.581,99.786,100
20,212,5,5.983,5.734,10.097
20,213,1,53.12,99.775,100
20,213,2,3.249,5.838,11.187
20,213,3,47.776,90.171,81.6
20,213,4,58.464,99.917,100
20,213,5,6.116,5.852,11.187
20,214,1,55.031,99.114,100
20,214,2,3.155,5.47,11.212
20,214,3,49.841,90.118,81.558
20,214,4,60.221,99.526,100
20,214,5,5.733,5.519,11.212
20,215,1,56.765,98.402,90.12
20,215,2,3.144,5.292,11.102
20,215,3,51.594,89.698,71.859
20,215,4,61.937,99.227,92.588
20,215,5,5.539,5.378,12.319
20,216,1,52.89,99.392,97.968
20,216,2,3.176,5.727,11.818
20,216,3,47.667,89.972,78.529
20,216,4,58.114,99.779,98.821
20,216,5,6.004,5.762,12.063
20,217,1,52.477,99.318,100
20,217,2,3.175,5.771,11.131
20,217,3,47.255,89.825,81.691
20,217,4,57.699,99.627,100
20,217,5,6.05,5.811,11.131
20,218,1,71.211,99.768,100
20,218,2,3.491,4.711,8.136
20,218,3,65.468,92.018,86.617
20,218,4,76.954,99.968,99.999
20,218,5,4.903,4.722,8.136
20,219,1,63.831,98.635,100
20,219,2,3.217,4.823,9.79
20,219,3,58.538,90.701,83.897
20,219,4,69.123,99.084,100
20,219,5,5.041,4.89,9.79
20,220,1,56.205,98.95,89.256
20,220,2,3.158,5.364,11.138
20,220,3,51.01,90.127,70.936
20,220,4,61.4,99.362,90.778
20,220,5,5.619,5.421,12.479
20,221,1,51.968,99.917,95.542
20,221,2,3.193,5.857,11.985
20,221,3,46.716,90.283,75.828
20,221,4,57.221,99.991,96.785
20,221,5,6.145,5.862,12.544
20,222,1,60.407,99.015,95.314
20,222,2,3.122,4.931,10.32
20,222,3,55.271,90.905,78.339
20,222,4,65.542,99.502,96.551
20,222,5,5.169,4.98,10.828
20,223,1,56.763,99.201,100
20,223,2,3.208,5.396,9.548
20,223,3,51.487,90.325,84.294
20,223,4,62.039,99.813,99.999
20,223,5,5.651,5.44,9.548
20,224,1,53.077,98.887,100
20,224,2,3.206,5.772,11.33
20,224,3,47.802,89.393,81.364
20,224,4,58.351,99.586,99.999
20,224,5,6.041,5.837,11.33
20,225,1,56.259,98.506,96.508
20,225,2,3.135,5.322,11.139
20,225,3,51.102,89.751,78.186
20,225,4,61.416,98.872,97.095
20,225,5,5.573,5.403,11.542
20,226,1,65.173,98.61,90.106
20,226,2,3.119,4.571,9.576
20,226,3,60.042,91.091,74.354
20,226,4,70.303,99.043,91.387
20,226,5,4.786,4.635,10.628
20,227,1,74.306,93.544,56.739
20,227,2,1.245,2.535,7.273
20,227,3,72.257,89.374,44.777
20,227,4,76.354,97.713,68.702
20,227,5,1.676,2.71,12.818
20,228,1,62.791,99.293,100
20,228,2,3.132,4.757,9.467
20,228,3,57.64,91.468,84.428
20,228,4,67.942,99.77,99.999
20,228,5,4.987,4.791,9.467
20,229,1,55.167,98.085,97.762
20,229,2,3.21,5.572,11.478
20,229,3,49.887,88.92,78.883
20,229,4,60.448,98.456,98.17
20,229,5,5.819,5.681,11.741
20,230,1,50.677,100,100
20,230,2,3.327,6.183,11.087
20,230,3,45.206,89.829,81.763
20,230,4,56.149,99.999,99.999
20,230,5,6.564,6.183,11.087
20,231,1,57.877,98.778,92.956
20,231,2,2.793,4.696,7.595
20,231,3,53.282,91.055,80.464
20,231,4,62.472,99.198,94.075
20,231,5,4.827,4.754,8.17
20,232,1,59.335,98.662,88.556
20,232,2,2.638,4.33,6.764
20,232,3,54.996,91.54,77.431
20,232,4,63.674,98.847,99.681
20,232,5,4.446,4.389,7.638
20,233,1,52.941,98.398,100
20,233,2,3.279,5.933,9.992
20,233,3,47.547,88.639,83.565
20,233,4,58.335,99.02,100
20,233,5,6.194,6.03,9.992
20,234,1,52.14,99.239,100
20,234,2,3.177,5.814,11.663
20,234,3,46.915,89.676,80.815
20,234,4,57.366,99.482,100
20,234,5,6.093,5.859,11.663
20,235,1,54.027,99.416,100
20,235,2,3.18,5.614,10.94
20,235,3,48.797,90.182,82.005
20,235,4,59.257,99.672,100
20,235,5,5.885,5.647,10.94
20,236,1,55.65,99.445,100
20,236,2,3.181,5.452,10.166
20,236,3,50.418,90.477,83.278
20,236,4,60.881,99.807,100
20,236,5,5.715,5.483,10.166
20,237,1,57.154,99.638,100
20,237,2,3.194,5.331,10.848
20,237,3,51.901,90.87,82.157
20,237,4,62.408,99.881,100
20,237,5,5.588,5.35,10.848
20,238,1,56.201,99.241,98.895
20,238,2,3.138,5.323,11.106
20,238,3,51.04,90.485,80.626
20,238,4,61.362,99.716,99.51
20,238,5,5.583,5.364,11.231
20,239,1,51.485,98.718,100
20,239,2,3.215,5.97,12.002
20,239,3,46.197,88.898,80.258
20,239,4,56.774,99.4,100
20,239,5,6.245,6.047,12.002
20,240,1,51.936,99.285,100
20,240,2,3.223,5.927,10.849
20,240,3,46.635,89.537,82.155
20,240,4,57.237,99.631,100
20,240,5,6.206,5.969,10.849
20,241,1,58.003,99.858,100
20,241,2,3.233,5.32,9.452
20,241,3,52.684,91.107,84.452
20,241,4,63.321,99.982,100
20,241,5,5.575,5.328,9.452
20,242,1,52.333,99.99,100
20,242,2,3.218,5.864,11.205
20,242,3,47.039,90.345,81.57
20,242,4,57.627,99.999,100
20,242,5,6.15,5.865,11.205
20,243,1,69.391,98.295,85.206
20,243,2,3.184,4.393,9.137
20,243,3,64.155,91.069,70.176
20,243,4,74.628,98.857,87.071
20,243,5,4.588,4.469,10.724
20,244,1,58.707,99.08,83.579
20,244,2,2.757,4.564,7.409
20,244,3,54.172,91.574,71.393
20,244,4,63.243,99.405,95.765
20,244,5,4.697,4.606,8.864
20,245,1,56.764,98.738,93.772
20,245,2,3.137,5.275,11.027
20,245,3,51.604,90.061,75.633
20,245,4,61.924,99.346,95.346
20,245,5,5.527,5.343,11.76
20,246,1,63.261,99.225,100
20,246,2,3.212,4.852,8.847
20,246,3,57.978,91.243,85.448
20,246,4,68.545,99.762,99.999
20,246,5,5.078,4.89,8.847
20,247,1,63.465,98.573,85.95
20,247,2,3.15,4.743,9.929
20,247,3,58.284,90.772,69.619
20,247,4,68.645,99.135,87.995
20,247,5,4.963,4.811,11.552
20,248,1,64.154,98.725,90.057
20,248,2,3.094,4.601,9.703
20,248,3,59.066,91.157,74.097
20,248,4,69.242,98.933,90.667
20,248,5,4.822,4.661,10.774
20,249,1,59.372,99.08,95.376
20,249,2,3.132,5.033,10.447
20,249,3,54.22,90.802,78.193
20,249,4,64.524,99.412,96.202
20,249,5,5.276,5.079,10.953
20,250,1,58.774,98.538,86.612
20,250,2,3.108,5.048,10.714
20,250,3,53.662,90.235,68.989
20,250,4,63.887,99.195,88.974
20,250,5,5.288,5.123,12.37
20,251,1,60.001,98.449,100
20,251,2,3.126,4.976,10.14
20,251,3,54.859,90.265,83.321
20,251,4,65.143,99.163,100
20,251,5,5.21,5.054,10.14
20,252,1,56.431,98.837,99.072
20,252,2,3.143,5.315,11.061
20,252,3,51.262,90.095,80.879
20,252,4,61.6,99.305,99.482
20,252,5,5.569,5.378,11.164
20,253,1,53.983,100,100
20,253,2,3.247,5.712,11.508
20,253,3,48.642,90.605,81.071
20,253,4,59.324,100,100
20,253,5,6.015,5.712,11.508
20,254,1,56.254,99.091,91.576
20,254,2,3.126,5.299,11.166
20,254,3,51.113,90.375,73.209
20,254,4,61.396,99.444,92.81
20,254,5,5.557,5.348,12.194
20,255,1,60.887,98.618,100
20,255,2,3.132,4.912,9.772
20,255,3,55.735,90.539,83.927
20,255,4,66.039,99.155,100
20,255,5,5.144,4.981,9.772
20,256,1,66.086,98.763,100
20,256,2,3.17,4.585,9.505
20,256,3,60.872,91.221,84.366
20,256,4,71.299,99.704,99.998
20,256,5,4.796,4.643,9.505
20,257,1,53.979,99.402,100
20,257,2,3.18,5.62,10.33
20,257,3,48.748,90.158,83.009
20,257,4,59.21,99.796,100
20,257,5,5.892,5.654,10.33
20,258,1,54.538,99.696,100
20,258,2,3.26,5.707,9.695
20,258,3,49.176,90.309,84.053
20,258,4,59.9,99.949,99.999
20,258,5,5.977,5.724,9.695
20,259,1,61.636,98.914,100
20,259,2,3.166,4.905,9.081
20,259,3,56.429,90.846,85.063
20,259,4,66.843,99.366,100
20,259,5,5.136,4.959,9.081
20,260,1,56.675,98.774,100
20,260,2,3.148,5.302,10.855
20,260,3,51.497,90.053,82.145
20,260,4,61.853,99.262,100
20,260,5,5.554,5.368,10.855
20,261,1,52.1,100,100
20,261,2,3.212,5.878,11.585
20,261,3,46.817,90.332,80.944
20,261,4,57.384,100,100
20,261,5,6.166,5.878,11.585
20,262,1,62.991,99.108,99.987
20,262,2,3.146,4.767,9.93
20,262,3,57.816,91.267,83.654
20,262,4,68.165,99.62,99.999
20,262,5,4.994,4.81,9.931
20,263,1,58.057,99.691,100
20,263,2,3.173,5.211,9.452
20,263,3,52.838,91.12,84.453
20,263,4,63.276,99.873,100
20,263,5,5.465,5.227,9.452
20,264,1,48.615,99.567,100
20,264,2,3.265,6.415,11.628
20,264,3,43.244,89.014,80.874
20,264,4,53.986,99.838,100
20,264,5,6.717,6.443,11.628
20,265,1,56.176,99.092,89.695
20,265,2,3.132,5.318,11.099
20,265,3,51.023,90.344,71.439
20,265,4,61.328,99.36,90.698
20,265,5,5.576,5.367,12.374
20,266,1,61.05,98.184,85.102
20,266,2,3.1,4.85,10.27
20,266,3,55.952,90.207,68.209
20,266,4,66.149,98.511,86.102
20,266,5,5.077,4.939,12.068
20,267,1,68.707,98.688,92.148
20,267,2,3.187,4.438,9.231
20,267,3,63.465,91.388,76.965
20,267,4,73.949,99.648,95.395
20,267,5,4.638,4.497,10.017
20,268,1,57.989,99.325,93.316
20,268,2,3.149,5.179,10.801
20,268,3,52.81,90.807,75.549
20,268,4,63.168,99.743,95.034
20,268,5,5.43,5.214,11.575
20,269,1,56.553,98.562,93.518
20,269,2,3.147,5.315,11.068
20,269,3,51.376,89.819,75.313
20,269,4,61.73,98.963,94.436
20,269,5,5.565,5.393,11.835
20,270,1,59.414,100,100
20,270,2,3.3,5.306,8.743
20,270,3,53.986,91.272,85.62
20,270,4,64.841,100,100
20,270,5,5.554,5.306,8.743
20,271,1,55.378,99.62,100
20,271,2,3.189,5.493,10.582
20,271,3,50.133,90.585,82.594
20,271,4,60.623,99.834,100
20,271,5,5.759,5.514,10.582
20,272,1,57.091,99.238,100
20,272,2,3.252,5.445,10.487
20,272,3,51.741,90.282,82.751
20,272,4,62.44,99.494,100
20,272,5,5.697,5.487,10.487
20,273,1,53.81,100,100
20,273,2,3.282,5.79,10.534
20,273,3,48.412,90.476,82.674
20,273,4,59.208,100,100
20,273,5,6.099,5.79,10.534
20,274,1,55.64,99.491,100
20,274,2,3.161,5.418,9.932
20,274,3,50.44,90.58,83.663
20,274,4,60.84,99.824,100
20,274,5,5.682,5.445,9.932
20,275,1,59.173,98.818,94.429
20,275,2,3.109,5.011,10.521
20,275,3,54.06,90.575,77.124
20,275,4,64.286,99.102,95.088
20,275,5,5.253,5.071,11.142
20,276,1,58.222,99.394,100
20,276,2,2.949,4.923,7.273
20,276,3,53.37,91.296,88.037
20,276,4,63.073,99.83,99.999
20,276,5,5.066,4.953,7.273
20,277,1,57.292,99.212,91.793
20,277,2,3.126,5.203,10.858
20,277,3,52.15,90.655,73.934
20,277,4,62.434,99.396,92.434
20,277,5,5.456,5.244,11.828
20,278,1,57.81,98.95,81.675
20,278,2,3.108,5.128,10.798
20,278,3,52.697,90.514,63.914
20,278,4,62.923,99.076,99.436
20,278,5,5.377,5.183,13.22
20,279,1,61.521,98.689,96.775
20,279,2,3.109,4.824,10.139
20,279,3,56.407,90.755,80.098
20,279,4,66.636,99.124,97.503
20,279,5,5.054,4.888,10.477
20,280,1,55.398,100,100
20,280,2,3.329,5.684,10.9
20,280,3,49.923,90.651,82.072
20,280,4,60.874,100,100
20,280,5,6.009,5.684,10.9
20,281,1,54.005,99.653,100
20,281,2,3.304,5.846,9.084
20,281,3,48.571,90.037,85.059
20,281,4,59.44,99.965,99.999
20,281,5,6.118,5.866,9.084
20,282,1,62.718,99.472,100
20,282,2,3.168,4.821,9.956
20,282,3,57.507,91.542,83.625
20,282,4,67.93,99.864,99.999
20,282,5,5.052,4.846,9.956
20,283,1,57.797,99.625,97.124
20,283,2,3.201,5.284,10.791
20,283,3,52.532,90.934,79.375
20,283,4,63.062,99.903,98.217
20,283,5,5.538,5.304,11.11
20,284,1,64.103,98.485,100
20,284,2,3.184,4.751,9.021
20,284,3,58.866,90.67,85.162
20,284,4,69.341,98.952,100
20,284,5,4.967,4.824,9.021
20,285,1,59.202,99.019,86.463
20,285,2,3.111,5.011,10.514
20,285,3,54.085,90.777,69.169
20,285,4,64.318,99.363,87.924
20,285,5,5.254,5.061,12.16
20,286,1,54.336,99.068,100
20,286,2,3.183,5.593,10.976
20,286,3,49.1,89.869,81.946
20,286,4,59.572,99.43,100
20,286,5,5.858,5.645,10.976
20,287,1,53.044,99.445,100
20,287,2,3.319,5.983,8.709
20,287,3,47.585,89.604,85.676
20,287,4,58.503,99.921,99.999
20,287,5,6.257,6.016,8.709
20,288,1,59.936,98.138,98.524
20,288,2,3.127,4.987,10.499
20,288,3,54.792,89.935,81.255
20,288,4,65.08,99.15,99.396
20,288,5,5.218,5.082,10.656
20,289,1,51.366,99.487,100
20,289,2,3.208,5.959,11.448
20,289,3,46.089,89.686,81.17
20,289,4,56.642,99.836,100
20,289,5,6.245,5.99,11.448
20,290,1,60.959,98.803,98.8
20,290,2,3.132,4.905,10.227
20,290,3,55.807,90.736,81.978
20,290,4,66.111,99.426,99.427
20,290,5,5.138,4.964,10.352
20,291,1,54.349,99.358,91.208
20,291,2,3.149,5.525,11.464
20,291,3,49.169,90.27,72.351
20,291,4,59.529,99.62,92.341
20,291,5,5.794,5.561,12.57
20,292,1,52.619,100,100
20,292,2,3.236,5.858,11.011
20,292,3,47.297,90.365,81.889
20,292,4,57.941,100,100
20,292,5,6.149,5.858,11.011
20,293,1,60.876,97.519,64.61
20,293,2,1.169,2.221,3.656
20,293,3,58.953,93.866,58.597
20,293,4,62.799,97.791,70.623
20,293,5,1.92,2.277,5.658
20,294,1,62.848,97.744,81.381
20,294,2,2.711,4.214,6.804
20,294,3,58.389,90.813,70.189
20,294,4,67.306,98.133,92.572
20,294,5,4.313,4.311,8.361
20,295,1,65.564,98.259,79.431
20,295,2,3.125,4.556,9.592
20,295,3,60.425,90.765,63.654
20,295,4,70.704,98.541,95.208
20,295,5,4.766,4.637,12.075
20,296,1,53.445,99.091,100
20,296,2,3.236,5.785,11.52
20,296,3,48.123,89.575,81.051
20,296,4,58.768,99.633,100
20,296,5,6.055,5.838,11.52
20,297,1,56.216,98.743,100
20,297,2,3.161,5.37,11.064
20,297,3,51.017,89.911,81.801
20,297,4,61.415,99.211,100
20,297,5,5.623,5.438,11.064
20,298,1,74.196,98.577,82.584
20,298,2,3.229,4.172,8.575
20,298,3,68.884,91.714,68.479
20,298,4,79.508,98.785,96.688
20,298,5,4.352,4.232,10.383
20,299,1,78.788,99.183,100
20,299,2,3.478,4.25,7.901
20,299,3,73.067,92.192,87.004
20,299,4,84.509,99.612,100
20,299,5,4.415,4.285,7.901
20,300,1,68.225,98.414,99.009
20,300,2,3.155,4.422,9.187
20,300,3,63.036,91.14,83.899
20,300,4,73.414,98.741,99.263
20,300,5,4.624,4.494,9.279
20,301,1,60.862,98.288,95.852
20,301,2,3.191,5.016,10.337
20,301,3,55.614,90.038,78.848
20,301,4,66.11,98.933,96.937
20,301,5,5.242,5.103,10.785
20,302,1,55.358,99.576,98.196
20,302,2,3.203,5.521,11.217
20,302,3,50.09,90.495,79.746
20,302,4,60.625,99.777,98.671
20,302,5,5.786,5.544,11.423
20,303,1,60.664,99.318,100
20,303,2,3.255,5.13,9.616
20,303,3,55.31,90.88,84.183
20,303,4,66.019,99.734,100
20,303,5,5.366,5.165,9.616
20,304,1,45.118,100,100
20,304,2,3.341,6.995,10.329
20,304,3,39.623,88.494,83.01
20,304,4,50.613,99.999,99.999
20,304,5,7.405,6.995,10.329
20,305,1,61.349,98.664,75.25
20,305,2,3.117,4.85,10.252
20,305,3,56.223,90.687,58.387
20,305,4,66.475,99.026,92.114
20,305,5,5.08,4.915,13.624
20,306,1,58.216,98.76,95.975
20,306,2,3.124,5.121,10.737
20,306,3,53.078,90.338,78.315
20,306,4,63.354,99.136,96.701
20,306,5,5.366,5.185,11.187
20,307,1,55.332,99.052,79.706
20,307,2,3.123,5.383,11.315
20,307,3,50.195,90.198,61.095
20,307,4,60.468,99.276,98.317
20,307,5,5.644,5.434,14.195
20,308,1,62.998,98.68,81.301
20,308,2,3.09,4.68,9.91
20,308,3,57.916,90.982,65
20,308,4,68.081,99.094,97.602
20,308,5,4.905,4.742,12.189
20,309,1,59.35,99.514,94.74
20,309,2,3.145,5.053,10.414
20,309,3,54.176,91.203,77.611
20,309,4,64.523,99.667,95.298
20,309,5,5.3,5.077,10.992
20,310,1,62.233,97.77,74.375
20,310,2,3.114,4.786,10.204
20,310,3,57.111,89.898,57.59
20,310,4,67.356,98.059,91.16
20,310,5,5.004,4.895,13.72
20,311,1,80.775,100,100
20,311,2,4.222,5.027,7.379
20,311,3,73.831,91.731,87.863
20,311,4,87.72,99.999,99.999
20,311,5,5.227,5.027,7.379
20,312,1,55.775,98.884,93.068
20,312,2,3.138,5.37,11.184
20,312,3,50.612,90.051,74.671
20,312,4,60.937,99.125,93.708
20,312,5,5.627,5.43,12.017
20,313,1,78.614,99.484,100
20,313,2,3.763,4.625,7.256
20,313,3,72.425,91.877,88.065
20,313,4,84.802,99.83,100
20,313,5,4.786,4.649,7.256
20,314,1,71.382,98.694,95.776
20,314,2,3.212,4.309,8.861
20,314,3,66.099,91.607,81.201
20,314,4,76.665,99.19,96.756
20,314,5,4.499,4.366,9.252
20,315,1,53.337,98.255,100
20,315,2,3.23,5.798,11.544
20,315,3,48.023,88.718,81.012
20,315,4,58.65,98.914,100
20,315,5,6.057,5.901,11.544
20,316,1,64.144,98.065,98.541
20,316,2,3.156,4.708,9.807
20,316,3,58.952,90.322,82.409
20,316,4,69.335,98.977,99.308
20,316,5,4.92,4.801,9.952
20,317,1,53.196,98.819,100
20,317,2,3.171,5.693,11.711
20,317,3,47.98,89.455,80.737
20,317,4,58.413,99.413,100
20,317,5,5.961,5.761,11.711
20,318,1,70.711,99.489,79.851
20,318,2,1.75,2.45,2.817
20,318,3,67.832,95.459,75.217
20,318,4,73.591,99.557,84.484
20,318,5,2.476,2.463,3.528
20,319,1,58.282,98.748,100
20,319,2,2.866,4.778,7.433
20,319,3,53.567,90.889,87.774
20,319,4,62.996,99.408,100
20,319,5,4.918,4.838,7.433
20,320,1,51.908,99.159,100
20,320,2,3.23,5.944,10.772
20,320,3,46.595,89.381,82.282
20,320,4,57.221,99.732,99.999
20,320,5,6.223,5.995,10.772
20,321,1,51.772,100,100
20,321,2,3.213,5.912,10.521
20,321,3,46.487,90.276,82.695
20,321,4,57.057,99.999,99.999
20,321,5,6.206,5.912,10.521
20,322,1,55.098,99.052,100
20,322,2,3.21,5.565,10.23
20,322,3,49.818,89.899,83.174
20,322,4,60.378,99.651,99.999
20,322,5,5.826,5.618,10.23
20,323,1,59.854,98.706,92.909
20,323,2,3.106,4.952,10.427
20,323,3,54.745,90.561,75.759
20,323,4,64.964,99.186,94.169
20,323,5,5.19,5.017,11.223
20,324,1,65.286,99.013,71.388
20,324,2,2.671,4.054,4.187
20,324,3,60.894,92.345,64.5
20,324,4,69.679,99.116,78.275
20,324,5,4.091,4.094,5.865
20,325,1,63.061,98.933,99.366
20,325,2,2.686,4.144,6.508
20,325,3,58.644,92.116,88.662
20,325,4,67.479,99.142,99.524
20,325,5,4.259,4.189,6.549
20,326,1,55.559,99.394,95.462
20,326,2,3.15,5.407,11.196
20,326,3,50.377,90.5,77.045
20,326,4,60.74,99.635,96.217
20,326,5,5.67,5.44,11.729
20,327,1,59.461,99.102,86.465
20,327,2,2.675,4.384,6.839
20,327,3,55.061,91.891,75.216
20,327,4,63.86,99.275,97.715
20,327,5,4.498,4.424,7.91
20,328,1,86.737,98.512,100
20,328,2,3.498,3.893,7.595
20,328,3,80.983,92.109,87.507
20,328,4,92.49,99.073,100
20,328,5,4.033,3.952,7.595
20,329,1,57.147,99.98,100
20,329,2,3.188,5.318,9.721
20,329,3,51.903,91.232,84.01
20,329,4,62.392,99.999,100
20,329,5,5.579,5.319,9.721
20,330,1,56.877,99.09,93.343
20,330,2,3.125,5.241,10.944
20,330,3,51.736,90.47,75.341
20,330,4,62.018,99.404,94.292
20,330,5,5.495,5.289,11.725
20,331,1,65.903,99.349,100
20,331,2,3.382,4.921,8.019
20,331,3,60.34,91.255,86.81
20,331,4,71.465,99.756,100
20,331,5,5.132,4.953,8.019
20,332,1,42.376,100,100
20,332,2,3.464,7.658,11.285
20,332,3,36.679,87.404,81.437
20,332,4,48.073,99.999,99.999
20,332,5,8.173,7.658,11.285
20,333,1,60.717,98.609,71.063
20,333,2,3.089,4.855,10.407
20,333,3,55.635,90.623,53.945
20,333,4,65.798,99.033,88.18
20,333,5,5.088,4.923,14.644
20,334,1,64.389,98.653,86.872
20,334,2,2.26,3.223,4.094
20,334,3,60.672,93.351,80.139
20,334,4,68.107,98.771,93.606
20,334,5,3.51,3.267,4.712
20,335,1,59.097,98.639,90.111
20,335,2,3.104,5.013,10.621
20,335,3,53.991,90.393,72.64
20,335,4,64.204,99.369,92.523
20,335,5,5.253,5.082,11.787
20,336,1,51.537,100,100
20,336,2,3.219,5.942,11.377
20,336,3,46.241,90.226,81.287
20,336,4,56.832,100,100
20,336,5,6.247,5.942,11.377
20,337,1,56.647,99.345,100
20,337,2,3.197,5.387,10.352
20,337,3,51.389,90.484,82.973
20,337,4,61.906,99.579,100
20,337,5,5.644,5.422,10.352
20,338,1,67.432,98.405,69.102
20,338,2,3.101,4.394,9.367
20,338,3,62.331,91.178,53.694
20,338,4,72.533,98.667,84.51
20,338,5,4.599,4.465,13.556
20,339,1,60.425,99.075,80.461
20,339,2,3.115,4.916,10.34
20,339,3,55.302,90.988,63.453
20,339,4,65.548,99.376,97.469
20,339,5,5.155,4.962,12.851
20,340,1,45.931,100,100
20,340,2,3.358,6.959,11.536
20,340,3,40.409,88.553,81.025
20,340,4,51.454,100,100
20,340,5,7.31,6.959,11.536
20,341,1,60.24,99.009,100
20,341,2,3.166,5.018,10.054
20,341,3,55.033,90.756,83.462
20,341,4,65.448,99.804,99.998
20,341,5,5.256,5.068,10.054
20,342,1,62.728,97.046,68.846
20,342,2,3.184,4.869,10.236
20,342,3,57.492,89.038,52.009
20,342,4,67.964,97.627,85.684
20,342,5,5.075,5.017,14.869
20,343,1,57.551,98.984,93.472
20,343,2,3.137,5.201,10.837
20,343,3,52.391,90.43,75.646
20,343,4,62.711,99.42,94.744
20,343,5,5.451,5.254,11.594
20,344,1,56.331,99.128,94.482
20,344,2,3.136,5.31,11.053
20,344,3,51.173,90.394,76.301
20,344,4,61.49,99.497,95.548
20,344,5,5.567,5.357,11.699
20,345,1,55.155,99.835,84.951
20,345,2,3.162,5.465,11.236
20,345,3,49.953,90.846,66.47
20,345,4,60.356,99.942,86.437
20,345,5,5.734,5.474,13.226
20,346,1,76.128,99.599,100
20,346,2,3.608,4.567,7.714
20,346,3,70.193,92.087,87.311
20,346,4,82.063,99.842,100
20,346,5,4.739,4.585,7.714
20,347,1,63.299,98.483,93.386
20,347,2,3.093,4.665,9.838
20,347,3,58.211,90.809,77.204
20,347,4,68.387,98.888,94.296
20,347,5,4.887,4.737,10.535
20,348,1,54.32,99.164,95.355
20,348,2,3.15,5.532,11.472
20,348,3,49.138,90.065,76.485
20,348,4,59.502,99.392,95.934
20,348,5,5.8,5.579,12.031
20,349,1,61.285,98.047,91.216
20,349,2,3.145,4.907,10.274
20,349,3,56.113,89.975,74.317
20,349,4,66.458,98.657,92.633
20,349,5,5.131,5.005,11.263
20,350,1,64.294,97.971,58.599
20,350,2,2.56,3.942,7.042
20,350,3,60.083,91.487,47.015
20,350,4,68.505,98.206,70.182
20,350,5,3.982,4.024,12.018
20,351,1,54.958,98.67,100
20,351,2,3.156,5.483,11.148
20,351,3,49.768,89.652,81.663
20,351,4,60.149,99.139,100
20,351,5,5.742,5.557,11.148
20,352,1,63.195,98.804,95.276
20,352,2,3.119,4.711,9.878
20,352,3,58.064,91.054,79.028
20,352,4,68.326,99.159,96.038
20,352,5,4.936,4.768,10.368
20,353,1,61.515,98.844,98.369
20,353,2,3.106,4.817,10.126
20,353,3,56.406,90.921,81.714
20,353,4,66.624,99.29,98.918
20,353,5,5.049,4.873,10.294
20,354,1,58.169,99.106,100
20,354,2,3.156,5.177,9.106
20,354,3,52.978,90.591,85.022
20,354,4,63.36,99.749,99.999
20,354,5,5.426,5.224,9.106
20,355,1,53.076,100,100
20,355,2,3.222,5.771,10.612
20,355,3,47.776,90.507,82.544
20,355,4,58.376,99.999,99.999
20,355,5,6.071,5.771,10.612
20,356,1,72.462,100,100
20,356,2,3.479,4.602,8.68
20,356,3,66.74,92.431,85.723
20,356,4,78.184,100,100
20,356,5,4.801,4.602,8.68
20,357,1,57.418,99.747,100
20,357,2,3.198,5.312,9.537
20,357,3,52.158,91.01,84.313
20,357,4,62.677,99.953,100
20,357,5,5.569,5.325,9.537
20,358,1,52.254,98.408,100
20,358,2,3.252,5.957,11.554
20,358,3,46.905,88.609,80.996
20,358,4,57.603,99.012,100
20,358,5,6.223,6.054,11.554
20,359,1,51.07,99.444,100
20,359,2,3.338,6.253,9.374
20,359,3,45.579,89.159,84.581
20,359,4,56.561,99.864,99.999
20,359,5,6.537,6.288,9.374
20,360,1,57.545,98.912,98.256
20,360,2,3.143,5.212,10.865
20,360,3,52.376,90.339,80.384
20,360,4,62.715,99.26,98.714
20,360,5,5.461,5.269,11.058
20,361,1,52.54,98.663,100
20,361,2,3.219,5.858,10.671
20,361,3,47.246,89.028,82.448
20,361,4,57.835,99.415,99.999
20,361,5,6.127,5.937,10.671
20,362,1,50.887,99.047,100
20,362,2,3.241,6.086,11.921
20,362,3,45.557,89.036,80.391
20,362,4,56.218,99.537,100
20,362,5,6.369,6.145,11.921
20,363,1,59.306,99.657,97.247
20,363,2,3.161,5.082,10.421
20,363,3,54.107,91.299,80.107
20,363,4,64.505,99.852,97.935
20,363,5,5.33,5.099,10.715
20,364,1,71.428,98.823,91.561
20,364,2,2.646,3.607,5.603
20,364,3,67.075,92.89,82.344
20,364,4,75.781,98.996,92.045
20,364,5,3.705,3.65,6.12
20,365,1,57.347,99.072,100
20,365,2,3.195,5.32,9.727
20,365,3,52.092,90.321,84
20,365,4,62.602,99.593,100
20,365,5,5.571,5.37,9.727
20,366,1,59.26,99.65,98.26
20,366,2,3.162,5.088,10.51
20,366,3,54.059,91.281,80.972
20,366,4,64.461,99.839,98.762
20,366,5,5.336,5.106,10.696
20,367,1,64.031,98.691,93.232
20,367,2,3.097,4.615,9.707
20,367,3,58.937,91.099,77.266
20,367,4,69.124,99.044,94.099
20,367,5,4.836,4.677,10.411
20,368,1,60.156,98.869,92.258
20,368,2,3.104,4.922,10.347
20,368,3,55.049,90.772,75.239
20,368,4,65.262,99.331,93.643
20,368,5,5.161,4.979,11.215
20,369,1,62.897,98.433,83.551
20,369,2,3.115,4.731,10.011
20,369,3,57.773,90.652,67.084
20,369,4,68.022,98.967,85.517
20,369,5,4.953,4.806,11.982
20,370,1,53.418,99.446,100
20,370,2,3.189,5.695,10.982
20,370,3,48.173,90.079,81.936
20,370,4,58.663,99.865,99.999
20,370,5,5.97,5.726,10.982
20,371,1,50.575,99.822,100
20,371,2,3.308,6.248,9.633
20,371,3,45.134,89.545,84.156
20,371,4,56.016,99.976,100
20,371,5,6.541,6.259,9.633
20,372,1,47.747,99.524,100
20,372,2,3.329,6.666,10.09
20,372,3,42.271,88.559,83.403
20,372,4,53.223,99.846,100
20,372,5,6.972,6.698,10.09
20,373,1,64.756,99.757,100
20,373,2,3.296,4.869,8.275
20,373,3,59.334,91.748,86.389
20,373,4,70.178,99.975,99.999
20,373,5,5.09,4.881,8.275
20,374,1,57.408,99.229,100
20,374,2,3.139,5.214,10.851
20,374,3,52.245,90.653,82.152
20,374,4,62.571,99.649,100
20,374,5,5.468,5.255,10.851
20,375,1,65.042,98.191,65.37
20,375,2,2.711,4.076,7.334
20,375,3,60.583,91.487,53.307
20,375,4,69.502,98.445,77.433
20,375,5,4.168,4.151,11.219
20,376,1,57.888,99.408,100
20,376,2,3.233,5.335,9.337
20,376,3,52.57,90.634,84.642
20,376,4,63.206,99.9,99.999
20,376,5,5.585,5.366,9.337
20,377,1,54.412,98.96,100
20,377,2,3.151,5.527,11.402
20,377,3,49.228,89.869,81.246
20,377,4,59.595,99.193,100
20,377,5,5.792,5.585,11.402
20,378,1,57.046,98.946,89.621
20,378,2,3.117,5.211,10.959
20,378,3,51.92,90.374,71.596
20,378,4,62.173,99.307,90.901
20,378,5,5.463,5.266,12.228
20,379,1,51.684,98.981,100
20,379,2,3.212,5.939,11.595
20,379,3,46.4,89.213,80.928
20,379,4,56.968,99.394,100
20,379,5,6.216,6,11.595
20,380,1,67.103,98.295,95.318
20,380,2,3.148,4.487,9.368
20,380,3,61.926,90.915,79.909
20,380,4,72.28,98.834,96.277
20,380,5,4.691,4.564,9.828
20,381,1,59.549,98.923,89.998
20,381,2,3.125,5.008,10.473
20,381,3,54.408,90.686,72.771
20,381,4,64.69,99.322,91.384
20,381,5,5.248,5.062,11.637
20,382,1,51.112,100,100
20,382,2,3.374,6.2,9.925
20,382,3,45.563,89.801,83.674
20,382,4,56.661,100,100
20,382,5,6.6,6.2,9.925
20,383,1,55.039,98.537,100
20,383,2,3.162,5.489,10.786
20,383,3,49.838,89.509,82.258
20,383,4,60.24,99.417,99.999
20,383,5,5.745,5.57,10.786
20,384,1,66.234,98.497,99.737
20,384,2,3.137,4.526,9.439
20,384,3,61.075,91.052,84.211
20,384,4,71.393,98.873,99.871
20,384,5,4.736,4.595,9.464
20,385,1,65.535,98.079,61.338
20,385,2,1.821,2.717,3.492
20,385,3,62.539,93.609,55.594
20,385,4,68.53,98.177,67.082
20,385,5,2.779,2.771,5.693
20,386,1,55.959,99.085,90.759
20,386,2,3.155,5.381,11.168
20,386,3,50.769,90.234,72.389
20,386,4,61.148,99.255,91.334
20,386,5,5.638,5.431,12.305
20,387,1,58.008,99.036,91.306
20,387,2,3.138,5.161,10.741
20,387,3,52.846,90.547,73.64
20,387,4,63.169,99.404,92.569
20,387,5,5.41,5.212,11.763
20,388,1,56.943,99.133,94.922
20,388,2,3.147,5.273,10.997
20,388,3,51.766,90.46,76.834
20,388,4,62.12,99.504,95.949
20,388,5,5.527,5.319,11.585
20,389,1,58.279,98.246,100
20,389,2,3.212,5.274,9.643
20,389,3,52.996,89.571,84.139
20,389,4,63.561,99.051,100
20,389,5,5.511,5.368,9.643
20,390,1,63.801,98.747,46.907
20,390,2,2.164,3.358,4.143
20,390,3,60.242,93.223,40.093
20,390,4,67.36,98.857,53.721
20,390,5,3.391,3.401,8.831
20,391,1,56.248,99.012,100
20,391,2,3.145,5.336,10.497
20,391,3,51.075,90.235,82.733
20,391,4,61.422,99.392,100
20,391,5,5.592,5.389,10.497
20,392,1,51.602,99.157,100
20,392,2,3.183,5.888,11.101
20,392,3,46.366,89.472,81.741
20,392,4,56.838,99.415,100
20,392,5,6.169,5.938,11.101
20,393,1,61.46,97.745,95.311
20,393,2,3.146,4.899,10.243
20,393,3,56.285,89.686,78.463
20,393,4,66.635,98.251,96.074
20,393,5,5.119,5.012,10.747
20,394,1,56.419,98.634,91.58
20,394,2,3.126,5.288,11.104
20,394,3,51.278,89.936,73.315
20,394,4,61.56,99.098,92.864
20,394,5,5.54,5.361,12.125
20,395,1,46.984,100,100
20,395,2,3.349,6.784,9.933
20,395,3,41.475,88.841,83.662
20,395,4,52.492,100,100
20,395,5,7.128,6.784,9.933
20,396,1,47.666,100,100
20,396,2,3.343,6.674,10.718
20,396,3,42.167,89.022,82.37
20,396,4,53.165,100,100
20,396,5,7.014,6.674,10.718
20,397,1,63.117,98.738,75.311
20,397,2,2.987,4.538,8.057
20,397,3,58.204,91.273,62.058
20,397,4,68.029,98.867,88.564
20,397,5,4.732,4.596,10.698
20,398,1,62.979,98.736,92.596
20,398,2,3.132,4.749,9.902
20,398,3,57.827,90.925,76.309
20,398,4,68.131,99.07,93.47
20,398,5,4.973,4.81,10.693
20,399,1,64.679,97.733,73.501
20,399,2,2.713,4.065,6.463
20,399,3,60.216,91.047,62.871
20,399,4,69.142,97.9,84.131
20,399,5,4.195,4.159,8.793
20,400,1,56.437,98.774,100
20,400,2,3.186,5.394,10.962
20,400,3,51.196,89.902,81.969
20,400,4,61.678,99.307,100
20,400,5,5.646,5.461,10.962
20,401,1,66.673,98.053,69.14
20,401,2,3.086,4.422,9.471
20,401,3,61.597,90.779,53.562
20,401,4,71.748,98.245,84.718
20,401,5,4.628,4.51,13.698
20,402,1,64.523,99.011,88.716
20,402,2,3.115,4.607,9.778
20,402,3,59.399,91.434,72.634
20,402,4,69.647,99.551,91.013
20,402,5,4.828,4.653,11.021
20,403,1,62.399,99.228,68.69
20,403,2,2.863,4.415,10.037
20,403,3,57.69,91.966,52.18
20,403,4,67.108,99.513,85.199
20,403,5,4.588,4.449,14.612
20,404,1,57.074,98.62,100
20,404,2,3.182,5.328,10.623
20,404,3,51.84,89.856,82.526
20,404,4,62.309,99.368,99.999
20,404,5,5.575,5.403,10.623
20,405,1,54.599,99.045,100
20,405,2,3.211,5.617,11.402
20,405,3,49.318,89.806,81.245
20,405,4,59.88,99.497,100
20,405,5,5.88,5.671,11.402
20,406,1,54.584,99.389,98.297
20,406,2,3.155,5.512,11.408
20,406,3,49.394,90.322,79.534
20,406,4,59.773,99.518,98.522
20,406,5,5.78,5.546,11.605
20,407,1,59.736,98.947,87.662
20,407,2,3.114,4.973,10.426
20,407,3,54.613,90.766,70.513
20,407,4,64.859,99.214,88.665
20,407,5,5.214,5.026,11.893
20,408,1,57.605,98.395,97.839
20,408,2,3.166,5.253,10.923
20,408,3,52.398,89.755,79.873
20,408,4,62.812,99.378,99.049
20,408,5,5.495,5.338,11.164
20,409,1,61.587,98.464,54.955
20,409,2,2.827,4.406,6.572
20,409,3,56.937,91.217,44.146
20,409,4,66.238,98.746,65.764
20,409,5,4.591,4.475,11.958
20,410,1,52.123,100,89.819
20,410,2,3.299,5.977,11.91
20,410,3,46.697,90.169,70.229
20,410,4,57.55,100,91.211
20,410,5,6.329,5.977,13.26
20,411,1,62.545,97.894,93.832
20,411,2,3.142,4.805,10.107
20,411,3,57.378,89.99,77.207
20,411,4,67.713,98.79,95.533
20,411,5,5.023,4.909,10.772
20,412,1,65.075,99.072,96.935
20,412,2,3.124,4.58,9.564
20,412,3,59.938,91.538,81.204
20,412,4,70.213,99.418,97.622
20,412,5,4.8,4.623,9.866
20,413,1,70.348,98.621,66.441
20,413,2,2.534,3.524,5.365
20,413,3,66.179,92.823,57.617
20,413,4,74.517,98.733,75.266
20,413,5,3.603,3.574,8.075
20,414,1,58.314,98.759,83.445
20,414,2,3.103,5.077,10.73
20,414,3,53.209,90.408,65.797
20,414,4,63.418,98.992,84.356
20,414,5,5.322,5.141,12.858
20,415,1,54.278,99.568,88.982
20,415,2,2.783,4.977,7.922
20,415,3,49.701,91.381,75.952
20,415,4,58.855,99.764,90.188
20,415,5,5.127,4.999,8.903
20,416,1,87.375,99.441,100
20,416,2,4.094,4.55,6.982
20,416,3,80.641,91.956,88.516
20,416,4,94.109,99.842,99.999
20,416,5,4.686,4.576,6.982
20,417,1,53.935,98.948,88.341
20,417,2,3.146,5.566,11.618
20,417,3,48.76,89.792,69.232
20,417,4,59.109,99.192,89.223
20,417,5,5.832,5.625,13.151
20,418,1,60.185,99.595,86.211
20,418,2,2.707,4.383,6.809
20,418,3,55.732,92.386,75.011
20,418,4,64.638,99.718,97.411
20,418,5,4.498,4.401,7.898
20,419,1,60.541,99.186,100
20,419,2,3.182,5.019,9.635
20,419,3,55.306,90.93,84.152
20,419,4,65.775,99.747,99.999
20,419,5,5.257,5.06,9.635
20,420,1,61.306,97.821,98.891
20,420,2,3.146,4.91,10.276
20,420,3,56.131,89.744,81.989
20,420,4,66.48,98.581,99.4
20,420,5,5.132,5.02,10.391
20,421,1,62.062,98.348,77.924
20,421,2,3.103,4.775,10.118
20,421,3,56.958,90.494,61.283
20,421,4,67.166,98.744,94.566
20,421,5,5,4.855,12.984
20,422,1,44.41,100,100
20,422,2,3.592,7.486,11.371
20,422,3,38.502,87.687,81.297
20,422,4,50.319,99.999,99.999
20,422,5,8.089,7.486,11.371
20,423,1,49.588,98.838,100
20,423,2,3.311,6.391,10.905
20,423,3,44.143,88.325,82.064
20,423,4,55.034,99.643,99.999
20,423,5,6.676,6.466,10.905
20,424,1,56.926,98.681,96.22
20,424,2,3.125,5.24,10.995
20,424,3,51.785,90.063,78.136
20,424,4,62.066,99.099,96.978
20,424,5,5.49,5.31,11.427
20,425,1,60.249,98.341,95.447
20,425,2,3.107,4.925,10.385
20,425,3,55.138,90.24,78.365
20,425,4,65.36,98.922,96.485
20,425,5,5.158,5.008,10.88
20,426,1,54.361,99.195,100
20,426,2,3.162,5.549,11.271
20,426,3,49.16,90.068,81.461
20,426,4,59.561,99.421,100
20,426,5,5.816,5.594,11.271
20,427,1,57.95,98.171,79.803
20,427,2,3.115,5.137,10.873
20,427,3,52.826,89.722,61.919
20,427,4,63.075,98.427,97.687
20,427,5,5.376,5.232,13.624
20,428,1,60.139,99.132,88.477
20,428,2,3.127,4.96,10.345
20,428,3,54.995,90.973,71.462
20,428,4,65.283,99.534,90.245
20,428,5,5.2,5.003,11.692
20,429,1,56.384,99.239,100
20,429,2,3.152,5.332,10.452
20,429,3,51.199,90.468,82.808
20,429,4,61.569,99.651,100
20,429,5,5.591,5.373,10.452
20,430,1,67.156,98.667,100
20,430,2,3.203,4.564,8.322
20,430,3,61.888,91.16,86.311
20,430,4,72.424,99.575,99.999
20,430,5,4.769,4.626,8.322
20,431,1,60.826,98.662,79.017
20,431,2,3.091,4.849,10.34
20,431,3,55.742,90.687,62.01
20,431,4,65.911,99.195,96.024
20,431,5,5.082,4.914,13.085
20,432,1,60.705,98.446,100
20,432,2,3.131,4.927,10.035
20,432,3,55.555,90.342,83.494
20,432,4,65.855,99.188,100
20,432,5,5.158,5.005,10.035
20,433,1,55.158,99.19,100
20,433,2,3.201,5.542,10.68
20,433,3,49.892,90.073,82.433
20,433,4,60.424,99.568,100
20,433,5,5.804,5.588,10.68
20,434,1,48.575,99.773,100
20,434,2,3.257,6.4,7.827
20,434,3,43.218,89.246,87.126
20,434,4,53.931,99.918,100
20,434,5,6.704,6.414,7.827
20,435,1,57.648,98.834,100
20,435,2,3.125,5.172,10.47
20,435,3,52.508,90.326,82.778
20,435,4,62.788,99.229,100
20,435,5,5.421,5.233,10.47
20,436,1,84.431,99.798,100
20,436,2,4.039,4.639,7.124
20,436,3,77.787,92.169,88.282
20,436,4,91.075,99.961,100
20,436,5,4.784,4.648,7.124
20,437,1,61.005,98.332,98.846
20,437,2,2.723,4.358,6.872
20,437,3,56.526,91.164,87.543
20,437,4,65.484,98.632,99.094
20,437,5,4.464,4.432,6.952
20,438,1,58.367,99.646,97.91
20,438,2,3.158,5.159,10.588
20,438,3,53.172,91.161,80.495
20,438,4,63.562,99.881,98.649
20,438,5,5.411,5.177,10.814
20,439,1,66.449,99.334,83.726
20,439,2,2.655,3.905,5.917
20,439,3,62.082,92.911,73.994
20,439,4,70.817,99.448,93.459
20,439,5,3.996,3.931,7.067
20,440,1,53.953,99.422,100
20,440,2,3.21,5.678,10.766
20,440,3,48.673,90.083,82.292
20,440,4,59.232,99.83,99.999
20,440,5,5.949,5.711,10.766
20,441,1,81.997,99.043,91.169
20,441,2,3.42,4.015,7.882
20,441,3,76.371,92.439,78.204
20,441,4,87.623,99.247,91.832
20,441,5,4.171,4.054,8.646
20,442,1,64.54,98.589,100
20,442,2,3.197,4.739,7.962
20,442,3,59.281,90.794,86.903
20,442,4,69.799,99.618,99.998
20,442,5,4.954,4.807,7.962
20,443,1,59.335,98.913,100
20,443,2,3.202,5.157,8.134
20,443,3,54.068,90.43,86.621
20,443,4,64.602,99.669,99.999
20,443,5,5.397,5.214,8.134
20,444,1,57.833,100,100
20,444,2,3.009,5.048,7.592
20,444,3,52.884,91.697,87.512
20,444,4,62.782,99.999,99.999
20,444,5,5.203,5.048,7.592
20,445,1,56.62,98.564,99.06
20,445,2,3.133,5.284,11.076
20,445,3,51.466,89.873,80.842
20,445,4,61.774,99.159,99.519
20,445,5,5.534,5.361,11.181
20,446,1,50.267,99.252,100
20,446,2,3.204,6.084,12.185
20,446,3,44.998,89.245,79.958
20,446,4,55.537,99.504,100
20,446,5,6.373,6.13,12.185
20,447,1,58.525,98.916,89.354
20,447,2,3.116,5.079,10.628
20,447,3,53.4,90.562,71.873
20,447,4,63.65,99.103,89.974
20,447,5,5.324,5.134,11.894
20,448,1,55.663,99.863,98.942
20,448,2,3.243,5.561,11.128
20,448,3,50.329,90.716,80.638
20,448,4,60.997,99.973,99.409
20,448,5,5.826,5.569,11.247
20,449,1,58.157,99.615,97.624
20,449,2,2.829,4.729,7.428
20,449,3,53.502,91.837,85.407
20,449,4,62.811,99.814,98.215
20,449,5,4.865,4.747,7.608
20,450,1,56.921,99.562,98.305
20,450,2,3.206,5.375,11.004
20,450,3,51.648,90.721,80.205
20,450,4,62.194,99.699,98.595
20,450,5,5.632,5.399,11.194
20,451,1,48.99,99.936,100
20,451,2,3.337,6.508,9.988
20,451,3,43.501,89.231,83.571
20,451,4,54.479,99.996,99.999
20,451,5,6.812,6.512,9.988
20,452,1,61.577,98.374,100
20,452,2,3.18,4.939,9.617
20,452,3,56.346,90.25,84.181
20,452,4,66.808,98.779,100
20,452,5,5.165,5.021,9.617
20,453,1,60.494,99.089,85.296
20,453,2,3.111,4.904,10.316
20,453,3,55.377,91.022,68.327
20,453,4,65.611,99.401,86.73
20,453,5,5.142,4.949,12.095
20,454,1,59.196,98.432,91.912
20,454,2,3.116,5.026,10.596
20,454,3,54.071,90.165,74.482
20,454,4,64.321,98.885,93.032
20,454,5,5.263,5.106,11.529
20,455,1,58.014,99.228,99.738
20,455,2,3.132,5.148,10.7
20,455,3,52.862,90.761,82.138
20,455,4,63.166,99.565,99.904
20,455,5,5.399,5.188,10.728
20,456,1,64.622,99.054,96.427
20,456,2,3.175,4.695,9.693
20,456,3,59.399,91.332,80.484
20,456,4,69.845,99.489,97.384
20,456,5,4.914,4.74,10.052
20,457,1,59.202,98.431,96.585
20,457,2,3.119,5.03,10.637
20,457,3,54.073,90.156,79.088
20,457,4,64.332,98.893,97.303
20,457,5,5.268,5.111,11.014
20,458,1,48.294,100,100
20,458,2,2.962,5.915,8.845
20,458,3,43.422,90.271,85.45
20,458,4,53.166,100,100
20,458,5,6.133,5.915,8.845
20,459,1,53.663,99.257,94.223
20,459,2,3.214,5.719,11.615
20,459,3,48.377,89.85,75.118
20,459,4,58.949,99.518,95.043
20,459,5,5.989,5.761,12.327
20,460,1,55.866,98.635,99.325
20,460,2,3.139,5.365,11.204
20,460,3,50.703,89.81,80.896
20,460,4,61.03,99.005,99.573
20,460,5,5.619,5.439,11.28
20,461,1,44.864,100,100
20,461,2,3.417,7.253,10.065
20,461,3,39.244,88.071,83.444
20,461,4,50.484,99.999,99.999
20,461,5,7.615,7.253,10.065
20,462,1,58.092,98.578,81.232
20,462,2,3.106,5.102,10.82
20,462,3,52.984,90.186,63.435
20,462,4,63.201,98.959,99.029
20,462,5,5.346,5.176,13.32
20,463,1,49.864,99.522,100
20,463,2,3.371,6.469,10.447
20,463,3,44.319,88.882,82.815
20,463,4,55.41,99.91,99.999
20,463,5,6.761,6.5,10.447
20,464,1,55.755,100,100
20,464,2,3.426,5.815,9.318
20,464,3,50.12,90.436,84.674
20,464,4,61.39,99.999,99.999
20,464,5,6.144,5.815,9.318
20,465,1,60.067,98.469,96.473
20,465,2,3.106,4.937,10.405
20,465,3,54.958,90.349,79.358
20,465,4,65.176,99.104,97.518
20,465,5,5.171,5.013,10.785
20,466,1,57.115,98.871,94.148
20,466,2,3.158,5.28,10.965
20,466,3,51.92,90.187,76.112
20,466,4,62.309,99.091,94.677
20,466,5,5.529,5.34,11.647
20,467,1,60.835,99.038,84.256
20,467,2,3.109,4.874,10.211
20,467,3,55.722,91.021,67.461
20,467,4,65.949,99.2,84.952
20,467,5,5.11,4.921,12.118
20,468,1,57.125,99.043,94.443
20,468,2,2.592,4.562,5.895
20,468,3,52.861,91.539,84.746
20,468,4,61.389,99.242,94.951
20,468,5,4.538,4.606,6.242
20,469,1,58.925,98.908,90.826
20,469,2,3.12,5.052,10.601
20,469,3,53.793,90.598,73.389
20,469,4,64.058,99.046,91.242
20,469,5,5.295,5.108,11.672
20,470,1,55.216,98.905,95.636
20,470,2,3.138,5.422,11.337
20,470,3,50.055,89.987,76.988
20,470,4,60.377,99.243,96.367
20,470,5,5.683,5.482,11.854
20,471,1,65.297,97.981,99.62
20,471,2,3.154,4.623,9.696
20,471,3,60.109,90.378,83.671
20,471,4,70.485,99.104,99.94
20,471,5,4.83,4.718,9.733
20,472,1,61.245,98.939,83.591
20,472,2,3.131,4.879,10.225
20,472,3,56.096,90.915,66.772
20,472,4,66.394,99.295,85.185
20,472,5,5.112,4.931,12.232
20,473,1,54.827,98.996,99.092
20,473,2,3.152,5.487,11.453
20,473,3,49.641,89.971,80.253
20,473,4,60.012,99.524,99.588
20,473,5,5.75,5.542,11.558
20,474,1,57.418,99.214,83.948
20,474,2,3.123,5.187,10.873
20,474,3,52.28,90.682,66.063
20,474,4,62.555,99.526,85.614
20,474,5,5.44,5.228,12.952
20,475,1,61.773,99.104,87.269
20,475,2,3.139,4.849,10.079
20,475,3,56.61,91.128,70.69
20,475,4,66.936,99.307,88.098
20,475,5,5.082,4.893,11.55
20,476,1,64.315,99.517,100
20,476,2,2.884,4.345,8.64
20,476,3,59.572,92.37,85.789
20,476,4,69.059,99.914,99.999
20,476,5,4.484,4.366,8.64
20,477,1,57.975,98.876,98.347
20,477,2,3.12,5.133,10.856
20,477,3,52.843,90.433,80.49
20,477,4,63.106,99.428,99.053
20,477,5,5.381,5.192,11.039
20,478,1,43.223,100,100
20,478,2,3.391,7.421,11.099
20,478,3,37.645,87.793,81.743
20,478,4,48.8,100,100
20,478,5,7.845,7.421,11.099
20,479,1,58.431,99.189,100
20,479,2,3.347,5.486,9.281
20,479,3,52.926,90.166,84.735
20,479,4,63.937,99.888,99.998
20,479,5,5.728,5.531,9.281
20,480,1,54.945,98.246,100
20,480,2,3.169,5.514,11.015
20,480,3,49.733,89.176,81.882
20,480,4,60.156,98.975,100
20,480,5,5.767,5.613,11.015
20,481,1,49.726,99.615,100
20,481,2,3.234,6.207,11.893
20,481,3,44.406,89.406,80.438
20,481,4,55.045,99.866,100
20,481,5,6.504,6.231,11.893
20,482,1,64.805,98.49,70.439
20,482,2,3.081,4.538,9.674
20,482,3,59.737,91.026,54.528
20,482,4,69.872,98.609,86.351
20,482,5,4.754,4.607,13.733
20,483,1,61.344,98.211,80.075
20,483,2,3.093,4.815,10.225
20,483,3,56.257,90.291,63.256
20,483,4,66.431,98.496,96.895
20,483,5,5.042,4.903,12.77
20,484,1,58.269,98.864,99.102
20,484,2,3.149,5.159,10.698
20,484,3,53.09,90.378,81.506
20,484,4,63.449,99.215,99.41
20,484,5,5.404,5.218,10.795
20,485,1,56.04,99.818,91.102
20,485,2,3.169,5.391,11.042
20,485,3,50.827,90.951,72.938
20,485,4,61.253,99.946,92.46
20,485,5,5.656,5.401,12.121
20,486,1,60.785,98.73,85.244
20,486,2,3.105,4.873,10.322
20,486,3,55.679,90.714,68.265
20,486,4,65.892,99.19,87.043
20,486,5,5.107,4.936,12.109
20,487,1,55.628,99.347,96.818
20,487,2,3.144,5.388,11.207
20,487,3,50.457,90.484,78.384
20,487,4,60.8,99.692,97.719
20,487,5,5.652,5.424,11.575
20,488,1,64.381,98.648,100
20,488,2,3.361,5.01,8.221
20,488,3,58.852,90.408,86.478
20,488,4,69.91,99.784,99.997
20,488,5,5.221,5.078,8.221
20,489,1,57.211,99.094,90.82
20,489,2,3.122,5.205,10.874
20,489,3,52.075,90.533,72.934
20,489,4,62.346,99.392,91.885
20,489,5,5.458,5.252,11.973
20,490,1,54.213,99.29,100
20,490,2,3.181,5.6,11.149
20,490,3,48.98,90.078,81.661
20,490,4,59.446,99.614,100
20,490,5,5.868,5.64,11.149
20,491,1,57.784,99.199,90.778
20,491,2,3.157,5.214,10.799
20,491,3,52.591,90.623,73.016
20,491,4,62.978,99.486,91.889
20,491,5,5.464,5.256,11.896
20,492,1,44.979,100,100
20,492,2,3.363,7.042,11.573
20,492,3,39.447,88.417,80.965
20,492,4,50.511,100,100
20,492,5,7.478,7.042,11.573
20,493,1,56.102,98.372,100
20,493,2,3.178,5.415,10.853
20,493,3,50.875,89.465,82.148
20,493,4,61.329,99.327,99.999
20,493,5,5.664,5.505,10.853
20,494,1,53.093,98.295,100
20,494,2,3.197,5.76,11.596
20,494,3,47.835,88.82,80.926
20,494,4,58.352,98.698,100
20,494,5,6.021,5.86,11.596
20,495,1,57.943,98.987,93.365
20,495,2,3.124,5.143,10.777
20,495,3,52.804,90.528,75.639
20,495,4,63.081,99.381,94.509
20,495,5,5.392,5.196,11.542
20,496,1,55.943,98.841,88.807
20,496,2,3.125,5.329,11.206
20,496,3,50.803,90.075,70.375
20,496,4,61.083,99.337,90.614
20,496,5,5.586,5.392,12.618
20,497,1,62.919,98.955,100
20,497,2,3.201,4.862,9.194
20,497,3,57.654,90.958,84.877
20,497,4,68.183,99.296,100
20,497,5,5.087,4.913,9.194
20,498,1,56.558,99.327,86.777
20,498,2,2.737,4.696,7.471
20,498,3,52.056,91.602,74.489
20,498,4,61.06,99.536,99.066
20,498,5,4.84,4.728,8.609
20,499,1,63.794,99.359,90.938
20,499,2,3.213,4.812,9.848
20,499,3,58.51,91.444,74.74
20,499,4,69.078,99.682,92.436
20,499,5,5.036,4.843,10.829
20,500,1,54.633,99.261,94.304
20,500,2,2.84,5.072,7.741
20,500,3,49.961,90.919,81.571
20,500,4,59.305,99.479,94.969
20,500,5,5.199,5.11,8.209
20,501,1,50.383,99.531,100
20,501,2,3.279,6.217,10.632
20,501,3,44.989,89.304,82.512
20,501,4,55.777,99.87,100
20,501,5,6.509,6.247,10.632
20,502,1,55.378,99.128,100
20,502,2,3.142,5.411,11.003
20,502,3,50.21,90.228,81.902
20,502,4,60.546,99.42,100
20,502,5,5.673,5.459,11.003
20,503,1,62.641,98.481,100
20,503,2,3.206,4.897,9.695
20,503,3,57.368,90.427,84.053
20,503,4,67.914,99.425,99.999
20,503,5,5.118,4.972,9.695
20,504,1,59.674,98.838,76.153
20,504,2,3.098,4.952,10.784
20,504,3,54.578,90.692,58.415
20,504,4,64.77,99.368,93.89
20,504,5,5.192,5.01,14.16
20,505,1,60.043,98.973,84.493
20,505,2,3.125,4.966,10.384
20,505,3,54.903,90.805,67.413
20,505,4,65.183,99.219,85.537
20,505,5,5.204,5.017,12.29
20,506,1,65.063,98.587,100
20,506,2,3.197,4.7,9.602
20,506,3,59.806,90.855,84.205
20,506,4,70.321,99.31,100
20,506,5,4.913,4.768,9.602
20,507,1,61.073,99.365,90.239
20,507,2,3.132,4.891,10.194
20,507,3,55.921,91.321,73.471
20,507,4,66.224,99.648,91.566
20,507,5,5.128,4.922,11.297
20,508,1,60.928,98.708,84.31
20,508,2,3.17,4.972,10.362
20,508,3,55.713,90.53,67.265
20,508,4,66.142,99.245,86.514
20,508,5,5.203,5.037,12.291
20,509,1,57.708,99.155,90.373
20,509,2,3.149,5.207,10.788
20,509,3,52.528,90.59,72.628
20,509,4,62.888,99.362,91.132
20,509,5,5.457,5.251,11.937
20,510,1,54.265,98.653,100
20,510,2,3.198,5.633,9.386
20,510,3,49.004,89.387,84.562
20,510,4,59.525,99.427,99.999
20,510,5,5.894,5.71,9.386
20,511,1,51.613,100,100
20,511,2,3.244,5.966,11.357
20,511,3,46.277,90.187,81.319
20,511,4,56.95,100,100
20,511,5,6.286,5.966,11.357
20,512,1,56.472,98.39,100
20,512,2,3.15,5.33,11.001
20,512,3,51.291,89.624,81.904
20,512,4,61.653,99.17,100
20,512,5,5.578,5.417,11.001
20,513,1,58.934,99.282,85.46
20,513,2,3.116,5.041,10.518
20,513,3,53.809,90.991,68.159
20,513,4,64.06,99.479,86.445
20,513,5,5.287,5.077,12.308
20,514,1,57.389,99.039,100
20,514,2,3.131,5.203,9.728
20,514,3,52.24,90.481,83.999
20,514,4,62.539,99.613,99.999
20,514,5,5.455,5.254,9.728
20,515,1,65.166,98.147,74.328
20,515,2,2.49,3.75,5.696
20,515,3,61.07,91.979,64.959
20,515,4,69.262,98.265,83.697
20,515,5,3.821,3.821,7.664
20,516,1,61.03,98.987,88.513
20,516,2,3.105,4.852,10.175
20,516,3,55.923,91.005,71.777
20,516,4,66.137,99.291,89.655
20,516,5,5.088,4.902,11.495
20,517,1,56.019,99.09,100
20,517,2,3.157,5.378,11.048
20,517,3,50.825,90.244,81.828
20,517,4,61.212,99.369,100
20,517,5,5.636,5.428,11.048
20,518,1,57.764,100,100
20,518,2,3.561,5.795,8.997
20,518,3,51.906,90.469,85.201
20,518,4,63.622,99.996,99.996
20,518,5,6.165,5.795,8.997
20,519,1,73.824,98.528,87.237
20,519,2,2.165,2.882,2.115
20,519,3,70.262,93.788,83.758
20,519,4,77.385,98.923,90.717
20,519,5,2.933,2.925,2.425
20,520,1,57.137,98.794,89.389
20,520,2,3.122,5.214,10.92
20,520,3,52.001,90.217,71.428
20,520,4,62.272,99.08,90.307
20,520,5,5.464,5.278,12.216
20,521,1,46.666,100,100
20,521,2,3.99,7.813,8.917
20,521,3,40.103,87.149,85.332
20,521,4,53.229,99.998,99.998
20,521,5,8.55,7.813,8.917
20,522,1,59.015,98.856,100
20,522,2,3.239,5.25,9.2
20,522,3,53.687,90.221,84.867
20,522,4,64.344,99.449,100
20,522,5,5.489,5.311,9.2
20,523,1,51.713,100,100
20,523,2,3.265,6,11.632
20,523,3,46.342,90.13,80.866
20,523,4,57.084,100,100
20,523,5,6.314,6,11.632
20,524,1,83.729,99.452,100
20,524,2,3.661,4.224,7.546
20,524,3,77.707,92.505,87.588
20,524,4,89.751,99.882,99.999
20,524,5,4.373,4.247,7.546
20,525,1,63.053,99.158,83.903
20,525,2,2.691,4.167,6.498
20,525,3,58.626,92.304,73.215
20,525,4,67.48,99.334,94.591
20,525,5,4.269,4.203,7.744
20,526,1,65.166,98.666,94.591
20,526,2,2.706,4.045,6.211
20,526,3,60.714,92.012,84.375
20,526,4,69.617,98.868,95.014
20,526,5,4.153,4.1,6.566
20,527,1,53.061,100,100
20,527,2,3.409,6.049,10.686
20,527,3,47.454,90.05,82.423
20,527,4,58.669,100,100
20,527,5,6.425,6.049,10.686
20,528,1,61.785,99.543,100
20,528,2,3.346,5.185,8.537
20,528,3,56.281,91.014,85.958
20,528,4,67.289,99.87,100
20,528,5,5.416,5.209,8.537
20,529,1,60.392,98.44,100
20,529,2,3.126,4.944,10.158
20,529,3,55.25,90.307,83.292
20,529,4,65.534,99.121,100
20,529,5,5.176,5.022,10.158
20,530,1,64.373,98.57,92.492
20,530,2,3.107,4.608,9.695
20,530,3,59.263,90.991,76.546
20,530,4,69.483,98.968,93.483
20,530,5,4.826,4.674,10.482
20,531,1,71.061,98.639,89.461
20,531,2,3.175,4.275,8.85
20,531,3,65.839,91.607,74.903
20,531,4,76.282,99.075,90.813
20,531,5,4.467,4.334,9.893
20,532,1,49.726,99.177,100
20,532,2,3.224,6.192,11.161
20,532,3,44.424,88.991,81.642
20,532,4,55.029,99.498,100
20,532,5,6.483,6.244,11.161
20,533,1,59.25,98.779,85.643
20,533,2,3.102,4.994,10.563
20,533,3,54.148,90.565,68.268
20,533,4,64.352,99.219,87.371
20,533,5,5.235,5.056,12.334
20,534,1,61.614,99.664,100
20,534,2,3.226,5,9.149
20,534,3,56.308,91.44,84.951
20,534,4,66.919,99.844,100
20,534,5,5.235,5.016,9.149
20,535,1,55.6,99.058,100
20,535,2,3.176,5.452,10.612
20,535,3,50.377,90.089,82.545
20,535,4,60.824,99.431,100
20,535,5,5.711,5.504,10.612
20,536,1,55.785,98.752,100
20,536,2,3.209,5.499,10.235
20,536,3,50.506,89.707,83.164
20,536,4,61.064,99.584,99.999
20,536,5,5.753,5.568,10.235
20,537,1,52.619,99.508,96.012
20,537,2,3.185,5.773,11.805
20,537,3,47.381,90.012,76.594
20,537,4,57.858,99.691,96.603
20,537,5,6.052,5.801,12.296
20,538,1,60.965,98.741,95.675
20,538,2,3.107,4.863,10.291
20,538,3,55.854,90.741,78.748
20,538,4,66.076,99.472,97.276
20,538,5,5.097,4.925,10.756
20,539,1,64.244,98.046,71.529
20,539,2,3.087,4.591,9.814
20,539,3,59.167,90.495,55.387
20,539,4,69.322,98.419,87.672
20,539,5,4.805,4.682,13.72
20,540,1,62.322,98.781,80.298
20,540,2,3.154,4.833,10.068
20,540,3,57.135,90.831,63.738
20,540,4,67.509,99.043,96.858
20,540,5,5.06,4.893,12.538
20,541,1,58.05,98.575,95.649
20,541,2,3.148,5.179,10.795
20,541,3,52.873,90.056,77.892
20,541,4,63.228,99.156,96.768
20,541,5,5.422,5.254,11.286
20,542,1,56.489,98.246,97.133
20,542,2,3.167,5.362,11.202
20,542,3,51.279,89.427,78.707
20,542,4,61.699,99.093,98.289
20,542,5,5.607,5.457,11.533
20,543,1,59.844,99.038,96.142
20,543,2,3.116,4.966,10.371
20,543,3,54.719,90.869,79.083
20,543,4,64.97,99.309,96.726
20,543,5,5.207,5.014,10.787
20,544,1,59.03,98.933,100
20,544,2,3.203,5.186,9.958
20,544,3,53.761,90.403,83.62
20,544,4,64.3,99.511,100
20,544,5,5.427,5.242,9.958
20,545,1,65.314,97.069,88.482
20,545,2,0.657,1.621,1.552
20,545,3,64.234,94.403,85.93
20,545,4,66.394,99.735,91.035
20,545,5,1.005,1.67,1.754
20,546,1,72.513,98.851,93.721
20,546,2,3.26,4.309,8.756
20,546,3,67.151,91.763,79.319
20,546,4,77.875,99.109,94.366
20,546,5,4.495,4.359,9.342
20,547,1,55.103,100,100
20,547,2,3.244,5.616,7.11
20,547,3,49.766,90.762,88.304
20,547,4,60.44,100,100
20,547,5,5.888,5.616,7.11
20,548,1,58.184,99.437,100
20,548,2,3.206,5.261,10.165
20,548,3,52.91,90.784,83.279
20,548,4,63.458,99.751,100
20,548,5,5.511,5.29,10.165
20,549,1,51.389,99.721,100
20,549,2,3.203,5.944,11.948
20,549,3,46.12,89.943,80.348
20,549,4,56.658,99.828,100
20,549,5,6.233,5.961,11.948
20,550,1,62.241,98.362,83.441
20,550,2,3.117,4.784,10.072
20,550,3,57.114,90.493,66.873
20,550,4,67.368,98.719,84.668
20,550,5,5.008,4.864,12.071
20,551,1,64.482,98.15,70.28
20,551,2,3.09,4.578,9.772
20,551,3,59.4,90.621,54.206
20,551,4,69.565,98.326,86.354
20,551,5,4.792,4.664,13.905
20,552,1,60.901,99.612,100
20,552,2,3.312,5.202,8.836
20,552,3,55.453,91.055,85.466
20,552,4,66.349,99.943,99.999
20,552,5,5.438,5.223,8.836
20,553,1,68.163,98.616,64.143
20,553,2,2.472,3.546,6.359
20,553,3,64.097,92.782,53.683
20,553,4,72.23,98.841,74.604
20,553,5,3.627,3.596,9.914
20,554,1,56.251,99.389,99.007
20,554,2,2.781,4.814,7.563
20,554,3,51.677,91.471,86.568
20,554,4,60.824,99.612,99.303
20,554,5,4.943,4.844,7.639
20,555,1,55.907,98.558,85.243
20,555,2,3.125,5.337,11.243
20,555,3,50.766,89.78,66.75
20,555,4,61.047,98.999,86.819
20,555,5,5.59,5.415,13.19
20,556,1,56.809,98.774,100
20,556,2,3.19,5.365,10.763
20,556,3,51.562,89.95,82.297
20,556,4,62.055,99.698,99.998
20,556,5,5.615,5.431,10.763
20,557,1,61.781,98.704,77.664
20,557,2,3.103,4.793,6.623
20,557,3,56.677,90.821,66.769
20,557,4,66.884,98.91,88.558
20,557,5,5.022,4.856,8.528
20,558,1,50.612,100,92.613
20,558,2,3.225,6.064,12.312
20,558,3,45.308,90.025,72.362
20,558,4,55.917,100,94.32
20,558,5,6.372,6.064,13.294
20,559,1,56.171,98.948,81.858
20,559,2,3.117,5.293,11.127
20,559,3,51.044,90.241,63.556
20,559,4,61.299,99.108,82.56
20,559,5,5.549,5.35,13.593
20,560,1,64.622,99.011,100
20,560,2,3.203,4.739,9.261
20,560,3,59.354,91.217,84.767
20,560,4,69.891,99.265,100
20,560,5,4.957,4.786,9.261
20,561,1,65.619,98.525,94.384
20,561,2,2.767,4.112,6.665
20,561,3,61.067,91.761,83.421
20,561,4,70.171,98.976,95.337
20,561,5,4.217,4.173,7.062
20,562,1,64.61,98.332,88.185
20,562,2,3.096,4.576,9.682
20,562,3,59.518,90.805,72.259
20,562,4,69.702,98.95,90.052
20,562,5,4.791,4.654,10.979
20,563,1,55.736,99.11,100
20,563,2,3.171,5.43,10.33
20,563,3,50.52,90.178,83.008
20,563,4,60.952,99.592,100
20,563,5,5.69,5.479,10.33
20,564,1,79.201,99.401,100
20,564,2,3.763,4.592,7.152
20,564,3,73.011,91.847,88.235
20,564,4,85.391,99.744,100
20,564,5,4.752,4.62,7.152
20,565,1,65.77,99.179,79.517
20,565,2,1.236,1.462,5.191
20,565,3,63.737,96.775,70.978
20,565,4,67.802,99.273,88.056
20,565,5,1.879,1.474,6.528
20,566,1,57.398,98.706,94.334
20,566,2,3.12,5.187,10.887
20,566,3,52.267,90.175,76.426
20,566,4,62.529,99.148,95.352
20,566,5,5.435,5.255,11.541
20,567,1,56.137,99.682,100
20,567,2,3.162,5.368,10.785
20,567,3,50.936,90.852,82.261
20,567,4,61.338,99.863,100
20,567,5,5.632,5.386,10.785
20,568,1,72.458,99.49,100
20,568,2,3.453,4.579,8.193
20,568,3,66.778,91.958,86.523
20,568,4,78.138,99.773,100
20,568,5,4.766,4.603,8.193
20,569,1,45.536,100,100
20,569,2,3.01,6.355,8.844
20,569,3,40.585,89.547,85.453
20,569,4,50.487,100,100
20,569,5,6.61,6.355,8.844
20,570,1,60.217,98.871,72.284
20,570,2,2.791,4.472,3.865
20,570,3,55.626,91.514,65.927
20,570,4,64.807,99.033,78.642
20,570,5,4.635,4.523,5.347
21,0,1,60.818,97.85,69.845
21,0,2,0.621,0.194,1.032
21,0,3,59.796,97.531,68.147
21,0,4,61.839,98.168,71.542
21,0,5,1.021,0.198,1.478
21,1,1,61.176,98.432,75.229
21,1,2,3.067,4.774,10.248
21,1,3,56.131,90.578,58.373
21,1,4,66.222,98.545,92.084
21,1,5,5.014,4.851,13.622
21,2,1,59.111,98.413,79.135
21,2,2,3.072,4.949,10.587
21,2,3,54.058,90.272,61.721
21,2,4,64.164,98.707,96.548
21,2,5,5.197,5.029,13.378
21,3,1,58.159,98.887,82.6
21,3,2,3.1,5.077,10.699
21,3,3,53.06,90.536,65.001
21,3,4,63.258,99.015,83.128
21,3,5,5.33,5.135,12.953
21,4,1,65.303,98.758,86.941
21,4,2,2.492,3.735,5.667
21,4,3,61.205,92.614,77.619
21,4,4,69.401,98.861,96.263
21,4,5,3.815,3.782,6.519
21,5,1,74.791,98.501,100
21,5,2,3.285,4.207,8.461
21,5,3,69.388,91.58,86.083
21,5,4,80.194,98.911,100
21,5,5,4.392,4.271,8.461
21,6,1,55.237,98.756,93.394
21,6,2,3.119,5.381,11.246
21,6,3,50.106,89.906,74.896
21,6,4,60.368,98.978,93.931
21,6,5,5.647,5.449,12.042
21,7,1,51.934,99.789,100
21,7,2,3.172,5.821,10.534
21,7,3,46.717,90.215,82.673
21,7,4,57.152,99.931,100
21,7,5,6.108,5.833,10.534
21,8,1,57.867,98.648,71.629
21,8,2,3.069,5.049,10.857
21,8,3,52.819,90.343,53.771
21,8,4,62.914,98.9,89.487
21,8,5,5.303,5.119,15.157
21,9,1,51.596,99.393,100
21,9,2,3.18,5.876,11.347
21,9,3,46.366,89.728,81.336
21,9,4,56.827,99.717,100
21,9,5,6.163,5.911,11.347
21,10,1,64.657,98.433,83.649
21,10,2,3.081,4.539,9.66
21,10,3,59.59,90.968,67.76
21,10,4,69.725,98.542,99.539
21,10,5,4.764,4.611,11.549
21,11,1,62.791,98.981,100
21,11,2,3.158,4.797,8.89
21,11,3,57.597,91.091,85.377
21,11,4,67.985,99.429,100
21,11,5,5.029,4.846,8.89
21,12,1,57.556,98.376,92.54
21,12,2,3.105,5.14,10.846
21,12,3,52.448,89.921,74.7
21,12,4,62.664,98.726,93.338
21,12,5,5.395,5.225,11.721
21,13,1,72.585,98.748,90.417
21,13,2,2.609,3.503,5.44
21,13,3,68.294,92.986,81.47
21,13,4,76.876,98.905,99.365
21,13,5,3.594,3.547,6.016
21,14,1,54.704,98.798,97.364
21,14,2,3.13,5.452,11.333
21,14,3,49.556,89.831,78.723
21,14,4,59.853,99.149,97.91
21,14,5,5.722,5.518,11.64
21,15,1,64.329,98.247,63.727
21,15,2,1.91,2.938,4.682
21,15,3,61.187,93.415,56.026
21,15,4,67.471,98.334,71.427
21,15,5,2.969,2.99,7.346
21,16,1,57.993,98.664,81.994
21,16,2,3.081,5.059,10.78
21,16,3,52.926,90.344,64.262
21,16,4,63.06,98.942,99.725
21,16,5,5.312,5.127,13.148
21,17,1,61.007,98.523,83.287
21,17,2,3.089,4.824,10.248
21,17,3,55.925,90.588,66.431
21,17,4,66.088,98.691,83.877
21,17,5,5.064,4.896,12.304
21,18,1,52.746,98.994,92.979
21,18,2,3.136,5.666,11.829
21,18,3,47.587,89.673,73.523
21,18,4,57.905,99.353,94.045
21,18,5,5.946,5.724,12.722
21,19,1,59.82,98.599,60.458
21,19,2,2.749,4.45,5.302
21,19,3,55.298,91.278,51.738
21,19,4,64.342,98.673,69.179
21,19,5,4.595,4.514,8.769
21,20,1,65.178,98.544,87.272
21,20,2,3.087,4.513,9.563
21,20,3,60.1,91.12,71.543
21,20,4,70.256,98.844,88.225
21,20,5,4.737,4.58,10.957
21,21,1,60.494,98.199,86.774
21,21,2,3.077,4.845,10.383
21,21,3,55.432,90.229,69.695
21,21,4,65.556,98.894,88.932
21,21,5,5.087,4.934,11.965
21,22,1,56.846,98.643,96.572
21,22,2,3.109,5.21,10.934
21,22,3,51.732,90.073,78.587
21,22,4,61.96,98.883,96.967
21,22,5,5.47,5.282,11.322
21,23,1,58.94,98.769,92.968
21,23,2,3.096,5.003,10.532
21,23,3,53.847,90.54,75.645
21,23,4,64.032,99.04,93.659
21,23,5,5.253,5.066,11.328
21,24,1,51.319,99.213,100
21,24,2,3.213,5.973,10.039
21,24,3,46.034,89.388,83.488
21,24,4,56.604,99.704,100
21,24,5,6.261,6.02,10.039
21,25,1,60.168,98.653,83.374
21,25,2,3.072,4.861,10.346
21,25,3,55.115,90.657,66.356
21,25,4,65.22,98.938,84.457
21,25,5,5.105,4.927,12.409
21,26,1,59.812,98.391,87.901
21,26,2,3.08,4.905,10.442
21,26,3,54.746,90.324,70.726
21,26,4,64.879,98.625,88.574
21,26,5,5.15,4.985,11.879
21,27,1,47.897,99.007,100
21,27,2,3.231,6.439,11.709
21,27,3,42.582,88.416,80.741
21,27,4,53.211,99.358,100
21,27,5,6.746,6.504,11.709
21,28,1,59.721,98.356,100
21,28,2,3.095,4.937,10.281
21,28,3,54.63,90.235,83.09
21,28,4,64.813,98.878,100
21,28,5,5.183,5.02,10.281
21,29,1,56.562,98.973,94.767
21,29,2,3.112,5.24,10.971
21,29,3,51.444,90.353,76.722
21,29,4,61.681,99.32,95.632
21,29,5,5.502,5.295,11.577
21,30,1,54.703,99.092,100
21,30,2,3.145,5.478,9.801
21,30,3,49.53,90.082,83.879
21,30,4,59.875,99.675,99.999
21,30,5,5.749,5.528,9.801
21,31,1,60.248,98.953,100
21,31,2,3.123,4.94,9.903
21,31,3,55.111,90.828,83.711
21,31,4,65.385,99.347,100
21,31,5,5.184,4.992,9.903
21,32,1,56.818,99.488,100
21,32,2,3.177,5.332,9.982
21,32,3,51.591,90.718,83.582
21,32,4,62.044,99.811,100
21,32,5,5.592,5.359,9.982
21,33,1,64.367,98.729,98.059
21,33,2,3.107,4.6,9.651
21,33,3,59.257,91.162,82.185
21,33,4,69.477,99.053,98.471
21,33,5,4.827,4.659,9.842
21,34,1,62.861,98.882,70.54
21,34,2,2.227,3.597,6.307
21,34,3,59.197,92.965,60.166
21,34,4,66.524,98.993,80.913
21,34,5,3.543,3.638,8.941
21,35,1,57.813,98.361,83.157
21,35,2,3.082,5.077,10.807
21,35,3,52.744,90.01,65.382
21,35,4,62.883,98.57,83.859
21,35,5,5.331,5.162,12.995
21,36,1,53.639,98.78,100
21,36,2,3.151,5.601,10.874
21,36,3,48.455,89.567,82.114
21,36,4,58.823,99.01,100
21,36,5,5.875,5.67,10.874
21,37,1,50.033,99.292,100
21,37,2,3.219,6.138,11.962
21,37,3,44.738,89.196,80.325
21,37,4,55.327,99.638,100
21,37,5,6.433,6.182,11.962
21,38,1,65.881,98.361,73.65
21,38,2,3.07,4.439,9.536
21,38,3,60.831,91.059,57.964
21,38,4,70.93,98.641,89.335
21,38,5,4.66,4.513,12.948
21,39,1,56.08,98.64,82.126
21,39,2,3.09,5.248,7.473
21,39,3,50.998,90.007,69.833
21,39,4,61.163,98.915,94.418
21,39,5,5.51,5.321,9.1
21,40,1,58.191,98.538,82.904
21,40,2,2.653,4.432,7.129
21,40,3,53.827,91.248,71.178
21,40,4,62.556,98.795,94.629
21,40,5,4.56,4.498,8.599
21,41,1,61.602,96.884,49.153
21,41,2,1.929,3.395,5.239
21,41,3,58.429,91.3,40.536
21,41,4,64.775,96.995,57.77
21,41,5,3.131,3.504,10.658
21,42,1,52.525,99.341,100
21,42,2,3.162,5.737,10.797
21,42,3,47.324,89.903,82.24
21,42,4,57.726,99.632,100
21,42,5,6.02,5.775,10.797
21,43,1,61.43,96.689,78.26
21,43,2,1.803,3.426,0.885
21,43,3,58.464,91.053,76.803
21,43,4,64.395,96.883,79.716
21,43,5,2.935,3.544,1.131
21,44,1,57.579,98.553,80.266
21,44,2,3.08,5.094,10.863
21,44,3,52.513,90.173,62.398
21,44,4,62.645,98.771,98.134
21,44,5,5.349,5.169,13.534
21,45,1,60.585,98.352,74.598
21,45,2,3.061,4.811,10.343
21,45,3,55.55,90.438,57.586
21,45,4,65.621,98.49,91.611
21,45,5,5.053,4.892,13.865
21,46,1,63.996,98.226,83.385
21,46,2,3.074,4.575,9.789
21,46,3,58.94,90.7,67.283
21,46,4,69.052,98.557,99.487
21,46,5,4.803,4.658,11.74
21,47,1,60.385,98.926,82.048
21,47,2,3.082,4.86,10.288
21,47,3,55.316,90.932,65.126
21,47,4,65.453,99.086,98.97
21,47,5,5.103,4.913,12.539
21,48,1,60.495,98.2,83.887
21,48,2,3.073,4.837,10.36
21,48,3,55.441,90.244,66.847
21,48,4,65.549,98.409,84.54
21,48,5,5.079,4.926,12.35
21,49,1,59.348,99.37,100
21,49,2,2.676,4.38,6.755
21,49,3,54.946,92.165,88.89
21,49,4,63.75,99.511,100
21,49,5,4.509,4.408,6.755
21,50,1,58.574,98.405,96.568
21,50,2,3.113,5.065,10.68
21,50,3,53.453,90.074,79.001
21,50,4,63.695,98.595,96.852
21,50,5,5.315,5.147,11.06
21,51,1,52.73,100,71.577
21,51,2,2.554,4.688,7.301
21,51,3,48.529,92.289,59.568
21,51,4,56.93,100,83.585
21,51,5,4.843,4.688,10.2
21,52,1,83.295,98.975,100
21,52,2,3.776,4.382,7.168
21,52,3,77.084,91.768,88.21
21,52,4,89.506,99.429,100
21,52,5,4.533,4.427,7.168
21,53,1,58.694,99.586,80.275
21,53,2,2.486,4.13,6.276
21,53,3,54.606,92.793,69.952
21,53,4,62.782,99.645,90.597
21,53,5,4.235,4.147,7.818
21,54,1,61.16,98.246,72.608
21,54,2,3.072,4.783,10.326
21,54,3,56.108,90.379,55.623
21,54,4,66.212,98.415,89.592
21,54,5,5.022,4.869,14.221
21,55,1,54.351,98.94,95.87
21,55,2,3.13,5.487,11.41
21,55,3,49.203,89.914,77.103
21,55,4,59.5,99.261,96.555
21,55,5,5.759,5.546,11.901
21,56,1,53.124,99.601,100
21,56,2,3.223,5.788,8.719
21,56,3,47.823,90.08,85.659
21,56,4,58.426,99.878,100
21,56,5,6.067,5.812,8.719
21,57,1,55.711,99.846,95.174
21,57,2,2.757,4.813,7.546
21,57,3,51.176,91.93,82.762
21,57,4,60.246,99.935,95.838
21,57,5,4.949,4.82,7.929
21,58,1,61.85,99.566,90.61
21,58,2,2.674,4.223,6.439
21,58,3,57.452,92.62,80.018
21,58,4,66.248,99.67,91.138
21,58,5,4.323,4.242,7.107
21,59,1,55.876,99.203,95.854
21,59,2,3.136,5.347,11.137
21,59,3,50.718,90.408,77.535
21,59,4,61.033,99.544,96.74
21,59,5,5.612,5.39,11.619
21,60,1,59.858,98.612,88.121
21,60,2,3.091,4.918,10.397
21,60,3,54.774,90.523,71.019
21,60,4,64.941,98.912,89.062
21,60,5,5.163,4.987,11.799
21,61,1,58.839,98.547,98.26
21,61,2,3.11,5.037,10.585
21,61,3,53.722,90.262,80.849
21,61,4,63.955,98.787,98.526
21,61,5,5.286,5.111,10.773
21,62,1,56.562,98.852,91.336
21,62,2,3.098,5.217,11.008
21,62,3,51.466,90.271,73.229
21,62,4,61.658,99.189,92.353
21,62,5,5.478,5.277,12.052
21,63,1,60.721,98.421,73.314
21,63,2,3.06,4.799,10.37
21,63,3,55.687,90.528,56.257
21,63,4,65.754,98.659,90.371
21,63,5,5.04,4.876,14.144
21,64,1,57.281,99.6,80.669
21,64,2,2.619,4.443,7.002
21,64,3,52.973,92.292,69.153
21,64,4,61.589,99.704,92.186
21,64,5,4.572,4.461,8.679
21,65,1,62.412,98.183,86.322
21,65,2,3.074,4.691,10.059
21,65,3,57.356,90.467,69.776
21,65,4,67.468,98.393,86.921
21,65,5,4.925,4.778,11.653
21,66,1,51.931,99.353,100
21,66,2,3.176,5.831,11.043
21,66,3,46.706,89.762,81.835
21,66,4,57.155,99.574,100
21,66,5,6.116,5.869,11.043
21,67,1,63.396,98.535,81.896
21,67,2,3.069,4.611,9.829
21,67,3,58.347,90.951,65.728
21,67,4,68.445,98.736,98.063
21,67,5,4.842,4.679,12.002
21,68,1,53.028,99.25,99.589
21,68,2,3.144,5.649,11.703
21,68,3,47.857,89.958,80.34
21,68,4,58.199,99.485,99.755
21,68,5,5.928,5.691,11.751
21,69,1,55.116,98.569,86.831
21,69,2,3.104,5.365,11.33
21,69,3,50.011,89.745,68.194
21,69,4,60.221,98.741,87.374
21,69,5,5.631,5.443,13.049
21,70,1,51.814,98.735,100
21,70,2,3.185,5.864,10.966
21,70,3,46.575,89.09,81.962
21,70,4,57.053,99.065,100
21,70,5,6.147,5.939,10.966
21,71,1,60.653,98.37,53.288
21,71,2,3.05,4.788,5.974
21,71,3,55.636,90.495,43.462
21,71,4,65.67,98.464,63.114
21,71,5,5.029,4.867,11.21
21,72,1,53.703,99.065,97.197
21,72,2,3.131,5.554,11.557
21,72,3,48.553,89.929,78.186
21,72,4,58.852,99.242,97.516
21,72,5,5.83,5.607,11.891
21,73,1,60.56,98.931,88.888
21,73,2,3.088,4.856,10.225
21,73,3,55.481,90.944,72.07
21,73,4,65.639,99.163,89.695
21,73,5,5.099,4.908,11.503
21,74,1,66.056,99.057,66.334
21,74,2,1.92,2.861,4.455
21,74,3,62.897,94.35,59.007
21,74,4,69.215,99.129,73.661
21,74,5,2.907,2.889,6.715
21,75,1,66.217,98.955,87.267
21,75,2,2.648,3.893,6.171
21,75,3,61.861,92.552,77.116
21,75,4,70.573,99.153,97.418
21,75,5,4,3.934,7.072
21,76,1,58.565,98.513,80.415
21,76,2,3.072,4.994,10.67
21,76,3,53.512,90.297,62.864
21,76,4,63.617,98.685,97.965
21,76,5,5.245,5.07,13.269
21,77,1,57.755,98.387,95.827
21,77,2,3.099,5.111,10.785
21,77,3,52.658,89.981,78.087
21,77,4,62.852,98.758,96.452
21,77,5,5.365,5.195,11.254
21,78,1,60.266,98.495,90.803
21,78,2,3.098,4.897,10.348
21,78,3,55.17,90.44,73.783
21,78,4,65.361,98.725,91.401
21,78,5,5.14,4.972,11.396
21,79,1,60.213,98.252,82.936
21,79,2,3.073,4.86,10.416
21,79,3,55.159,90.259,65.803
21,79,4,65.268,98.639,84.244
21,79,5,5.103,4.946,12.559
21,80,1,50.647,99.063,100
21,80,2,3.191,6.008,10.336
21,80,3,45.399,89.18,82.998
21,80,4,55.895,99.462,100
21,80,5,6.3,6.065,10.336
21,81,1,53.164,99.274,99.328
21,81,2,3.145,5.637,11.619
21,81,3,47.991,90.001,80.217
21,81,4,58.338,99.561,99.603
21,81,5,5.916,5.678,11.697
21,82,1,59.46,98.816,78.562
21,82,2,3.078,4.929,10.515
21,82,3,54.397,90.708,61.266
21,82,4,64.523,99.075,95.859
21,82,5,5.176,4.988,13.385
21,83,1,53.692,98.942,93.948
21,83,2,3.128,5.551,11.614
21,83,3,48.546,89.811,74.845
21,83,4,58.837,99.1,94.344
21,83,5,5.826,5.611,12.362
21,84,1,57.71,98.65,97.579
21,84,2,3.099,5.114,10.736
21,84,3,52.613,90.238,79.921
21,84,4,62.807,98.966,98.017
21,84,5,5.37,5.184,11.002
21,85,1,64.697,98.96,85.022
21,85,2,2.454,3.713,5.559
21,85,3,60.661,92.854,75.879
21,85,4,68.733,99.041,94.165
21,85,5,3.793,3.752,6.538
21,86,1,53.031,98.489,91.554
21,86,2,3.135,5.635,11.814
21,86,3,47.875,89.221,72.122
21,86,4,58.187,98.761,92.234
21,86,5,5.911,5.721,12.904
21,87,1,58.752,98.576,95.876
21,87,2,3.093,5.013,10.574
21,87,3,53.665,90.33,78.483
21,87,4,63.838,98.816,96.3
21,87,5,5.264,5.085,11.029
21,88,1,54.401,99.04,98.709
21,88,2,3.128,5.477,11.384
21,88,3,49.257,90.031,79.983
21,88,4,59.545,99.36,99.09
21,88,5,5.749,5.53,11.533
21,89,1,55.745,99.098,100
21,89,2,3.124,5.339,10.94
21,89,3,50.605,90.316,82.005
21,89,4,60.884,99.299,100
21,89,5,5.605,5.388,10.94
21,90,1,60.149,98.746,72.585
21,90,2,2.758,4.438,5.328
21,90,3,55.613,91.446,63.822
21,90,4,64.685,98.914,81.349
21,90,5,4.585,4.494,7.34
21,91,1,58.169,98.401,78.989
21,91,2,3.098,5.075,10.781
21,91,3,53.073,90.053,61.256
21,91,4,63.265,98.689,96.722
21,91,5,5.326,5.157,13.649
21,92,1,58.51,99.047,100
21,92,2,3.112,5.066,10.027
21,92,3,53.391,90.714,83.507
21,92,4,63.628,99.339,100
21,92,5,5.319,5.115,10.027
21,93,1,53.057,98.873,87.582
21,93,2,3.121,5.606,11.901
21,93,3,47.922,89.653,68.007
21,93,4,58.191,99.158,88.614
21,93,5,5.883,5.67,13.588
21,94,1,62.517,98.599,74.232
21,94,2,3.066,4.67,10.006
21,94,3,57.475,90.918,57.773
21,94,4,67.56,98.742,90.691
21,94,5,4.904,4.736,13.48
21,95,1,67.179,98.891,94.444
21,95,2,3.114,4.42,9.252
21,95,3,62.057,91.622,79.227
21,95,4,72.301,99.56,96.294
21,95,5,4.635,4.469,9.796
21,96,1,58.552,98.473,83.598
21,96,2,3.076,5.003,10.753
21,96,3,53.493,90.244,65.912
21,96,4,63.612,98.945,85.336
21,96,5,5.254,5.08,12.863
21,97,1,58.954,98.416,88.744
21,97,2,3.086,4.986,10.598
21,97,3,53.877,90.214,71.311
21,97,4,64.03,98.932,90.279
21,97,5,5.235,5.066,11.942
21,98,1,55.615,98.743,94.624
21,98,2,3.114,5.335,11.17
21,98,3,50.492,89.968,76.251
21,98,4,60.737,99.055,95.314
21,98,5,5.6,5.403,11.805
21,99,1,56.88,98.52,82.089
21,99,2,3.089,5.173,10.994
21,99,3,51.799,90.011,64.006
21,99,4,61.962,98.724,82.839
21,99,5,5.431,5.251,13.393
21,100,1,52.047,98.755,100
21,100,2,3.17,5.808,11.168
21,100,3,46.834,89.202,81.63
21,100,4,57.261,99.036,100
21,100,5,6.09,5.881,11.168
21,101,1,53.068,98.819,100
21,101,2,3.15,5.658,11.579
21,101,3,47.886,89.512,80.954
21,101,4,58.249,99.228,100
21,101,5,5.936,5.726,11.579
21,102,1,67.551,98.557,84.782
21,102,2,3.096,4.369,9.272
21,102,3,62.459,91.372,69.532
21,102,4,72.644,98.78,85.547
21,102,5,4.583,4.432,10.936
21,103,1,59.848,98.382,87.242
21,103,2,3.083,4.907,10.437
21,103,3,54.777,90.311,70.075
21,103,4,64.92,98.734,88.308
21,103,5,5.152,4.987,11.963
21,104,1,60.892,97.17,69.732
21,104,2,2.57,4.109,6.568
21,104,3,56.664,90.412,58.928
21,104,4,65.12,97.395,80.536
21,104,5,4.221,4.228,9.42
21,105,1,53.493,98.795,89.393
21,105,2,3.121,5.558,11.671
21,105,3,48.36,89.652,70.196
21,105,4,58.626,99.145,90.541
21,105,5,5.834,5.626,13.056
21,106,1,60.661,98.862,84.219
21,106,2,2.187,3.514,6.3
21,106,3,57.064,93.083,73.856
21,106,4,64.259,98.983,94.581
21,106,5,3.606,3.554,7.481
21,107,1,55.838,99.386,100
21,107,2,2.716,4.726,7.254
21,107,3,51.371,91.612,88.068
21,107,4,60.305,99.551,100
21,107,5,4.863,4.755,7.254
21,108,1,60.911,98.416,66.873
21,108,2,3.054,4.774,10.355
21,108,3,55.887,90.565,49.841
21,108,4,65.934,98.625,83.906
21,108,5,5.014,4.85,15.484
21,109,1,58.621,99.091,94.942
21,109,2,3.112,5.057,10.534
21,109,3,53.502,90.774,77.615
21,109,4,63.739,99.249,95.333
21,109,5,5.308,5.103,11.095
21,110,1,65.105,98.078,85.567
21,110,2,2.377,3.624,2.914
21,110,3,61.196,92.118,80.774
21,110,4,69.014,98.224,90.36
21,110,5,3.65,3.695,3.406
21,111,1,55.321,99.007,100
21,111,2,3.125,5.382,6.283
21,111,3,50.18,90.154,89.666
21,111,4,60.462,99.178,100
21,111,5,5.65,5.436,6.283
21,112,1,53.852,99.066,95.5
21,112,2,3.134,5.544,11.494
21,112,3,48.697,89.947,76.594
21,112,4,59.006,99.296,96.039
21,112,5,5.819,5.597,12.036
21,113,1,52.437,99.498,98.745
21,113,2,3.175,5.772,11.817
21,113,3,47.215,90.004,79.308
21,113,4,57.66,99.713,99.114
21,113,5,6.055,5.801,11.967
21,114,1,59.14,96.307,51.091
21,114,2,0.728,1.256,1.439
21,114,3,57.943,94.241,48.724
21,114,4,60.337,98.374,53.458
21,114,5,1.231,1.304,2.816
21,115,1,62.826,98.355,78.233
21,115,2,3.067,4.65,9.964
21,115,3,57.781,90.707,61.843
21,115,4,67.871,98.483,94.622
21,115,5,4.882,4.727,12.737
21,116,1,57.745,99.258,93.244
21,116,2,2.686,4.542,6.895
21,116,3,53.327,91.787,81.902
21,116,4,62.164,99.396,93.686
21,116,5,4.652,4.576,7.395
21,117,1,65.783,98.941,74.089
21,117,2,3.111,4.509,9.52
21,117,3,60.666,91.523,58.43
21,117,4,70.901,99.119,89.748
21,117,5,4.729,4.558,12.849
21,118,1,63.917,98.383,80.537
21,118,2,3.068,4.572,9.788
21,118,3,58.87,90.863,64.437
21,118,4,68.964,98.556,96.638
21,118,5,4.8,4.647,12.154
21,119,1,65.493,96.974,54.516
21,119,2,2.122,2.959,5.404
21,119,3,62.003,92.107,45.627
21,119,4,68.983,97.071,63.405
21,119,5,3.239,3.051,9.913
21,120,1,56.718,98.163,93.739
21,120,2,3.128,5.258,11.081
21,120,3,51.573,89.515,75.513
21,120,4,61.863,98.573,94.54
21,120,5,5.515,5.356,11.821
21,121,1,58.554,98.728,100
21,121,2,3.099,5.041,9.676
21,121,3,53.456,90.437,84.084
21,121,4,63.651,99.334,100
21,121,5,5.293,5.106,9.676
21,122,1,59.589,98.123,82.096
21,122,2,3.075,4.914,10.554
21,122,3,54.531,90.04,64.736
21,122,4,64.646,98.421,99.456
21,122,5,5.16,5.008,12.856
21,123,1,52.443,98.957,98.603
21,123,2,3.145,5.716,11.882
21,123,3,47.27,89.555,79.058
21,123,4,57.617,99.327,99.044
21,123,5,5.998,5.776,12.051
21,124,1,65.558,98.38,86.383
21,124,2,3.088,4.488,9.515
21,124,3,60.48,90.998,70.733
21,124,4,70.637,98.601,87.055
21,124,5,4.71,4.562,11.014
21,125,1,59.995,99.515,60.932
21,125,2,2.489,4.38,4.701
21,125,3,55.901,92.311,53.199
21,125,4,64.088,99.663,68.666
21,125,5,4.148,4.402,7.716
21,126,1,57.611,98.047,100
21,126,2,3.121,5.164,6.969
21,126,3,52.478,89.552,88.537
21,126,4,62.745,98.447,100
21,126,5,5.418,5.267,6.969
21,127,1,50.704,98.953,100
21,127,2,3.204,6.028,12.203
21,127,3,45.434,89.037,79.928
21,127,4,55.974,99.323,100
21,127,5,6.319,6.092,12.203
21,128,1,59.181,98.764,58.096
21,128,2,3.055,4.915,10.856
21,128,3,54.155,90.679,40.239
21,128,4,64.206,99.015,75.953
21,128,5,5.163,4.977,18.687
21,129,1,62.173,98.322,86.501
21,129,2,3.076,4.711,10.026
21,129,3,57.115,90.572,70.01
21,129,4,67.232,98.567,87.233
21,129,5,4.947,4.792,11.59
21,130,1,56.785,98.556,91.859
21,130,2,3.118,5.232,10.983
21,130,3,51.657,89.951,73.795
21,130,4,61.913,98.987,92.981
21,130,5,5.491,5.308,11.956
21,131,1,81.705,99.113,98.241
21,131,2,3.447,4.058,7.98
21,131,3,76.035,92.438,85.114
21,131,4,87.376,99.583,98.966
21,131,5,4.219,4.094,8.123
21,132,1,63.914,98.288,61.876
21,132,2,2.237,3.322,6.393
21,132,3,60.234,92.824,51.361
21,132,4,67.594,98.364,72.391
21,132,5,3.501,3.38,10.332
21,133,1,59.01,99.809,100
21,133,2,3.159,5.103,8.792
21,133,3,53.814,91.416,85.539
21,133,4,64.206,99.977,99.999
21,133,5,5.353,5.112,8.792
21,134,1,63.022,98.34,78.945
21,134,2,3.06,4.624,9.954
21,134,3,57.988,90.734,62.572
21,134,4,68.055,98.54,95.318
21,134,5,4.856,4.702,12.609
21,135,1,66.161,99.624,100
21,135,2,3.483,5.054,7.552
21,135,3,60.431,91.311,87.577
21,135,4,71.89,99.929,99.999
21,135,5,5.265,5.073,7.552
21,136,1,57.513,99.621,55.421
21,136,2,1.846,3.384,6.178
21,136,3,54.476,94.055,45.258
21,136,4,60.55,99.739,65.584
21,136,5,3.21,3.397,11.148
21,137,1,62.19,98.345,76.309
21,137,2,3.063,4.69,10.134
21,137,3,57.152,90.631,59.64
21,137,4,67.228,98.632,92.978
21,137,5,4.925,4.769,13.28
21,138,1,64.344,99.184,94.555
21,138,2,2.656,4.01,6.345
21,138,3,59.975,92.587,84.119
21,138,4,68.712,99.364,95.052
21,138,5,4.128,4.043,6.71
21,139,1,56.176,98.72,92.423
21,139,2,3.112,5.277,11.07
21,139,3,51.058,90.04,74.214
21,139,4,61.294,99.121,93.496
21,139,5,5.539,5.345,11.978
21,140,1,63.122,97.98,64.784
21,140,2,2.246,3.645,6.169
21,140,3,59.427,91.984,54.637
21,140,4,66.818,98.067,74.93
21,140,5,3.559,3.72,9.522
21,141,1,53.704,99.414,93.759
21,141,2,3.142,5.575,11.517
21,141,3,48.535,90.244,74.815
21,141,4,58.872,99.677,94.776
21,141,5,5.851,5.608,12.283
21,142,1,68.399,97.028,86.858
21,142,2,2.591,3.702,5.783
21,142,3,64.137,90.939,77.346
21,142,4,72.661,97.247,96.37
21,142,5,3.788,3.815,6.658
21,143,1,62.779,98.228,72.934
21,143,2,3.057,4.636,10.024
21,143,3,57.751,90.602,56.445
21,143,4,67.806,98.392,89.422
21,143,5,4.869,4.72,13.744
21,144,1,80.311,98.484,79.488
21,144,2,3.305,3.947,8.002
21,144,3,74.875,91.992,66.327
21,144,4,85.748,98.678,92.65
21,144,5,4.115,4.008,10.067
21,145,1,55.51,99.283,96.144
21,145,2,2.674,4.686,7.377
21,145,3,51.112,91.575,84.009
21,145,4,59.908,99.457,96.575
21,145,5,4.816,4.72,7.673
21,146,1,71.069,99.631,100
21,146,2,3.389,4.574,7.522
21,146,3,65.495,92.107,87.627
21,146,4,76.644,99.908,100
21,146,5,4.769,4.591,7.522
21,147,1,63.509,99.181,100
21,147,2,3.17,4.763,9.384
21,147,3,58.294,91.347,84.564
21,147,4,68.723,99.417,100
21,147,5,4.992,4.802,9.384
21,148,1,57.342,98.024,70.855
21,148,2,3.081,5.119,11.084
21,148,3,52.274,89.604,52.623
21,148,4,62.41,98.338,89.087
21,148,5,5.373,5.222,15.644
21,149,1,62.629,99.178,71.487
21,149,2,2.565,4,6.262
21,149,3,58.409,92.598,61.187
21,149,4,66.849,99.296,81.788
21,149,5,4.096,4.033,8.76
21,150,1,55.616,99.386,100
21,150,2,3.131,5.363,10.474
21,150,3,50.465,90.564,82.771
21,150,4,60.766,99.602,100
21,150,5,5.631,5.397,10.474
21,151,1,63.685,98.758,86.213
21,151,2,3.086,4.617,9.783
21,151,3,58.608,91.164,70.12
21,151,4,68.761,99.009,87.112
21,151,5,4.846,4.675,11.348
21,152,1,59.089,97.638,84.659
21,152,2,2.673,4.41,7.057
21,152,3,54.693,90.383,73.051
21,152,4,63.485,97.956,96.267
21,152,5,4.523,4.517,8.336
21,153,1,63.356,98.328,84.63
21,153,2,1.891,3.379,4.712
21,153,3,60.246,92.77,76.879
21,153,4,66.466,98.52,92.381
21,153,5,2.984,3.436,5.568
21,154,1,65.556,99.241,83.65
21,154,2,2.456,3.67,5.498
21,154,3,61.516,93.204,74.606
21,154,4,69.596,99.311,92.693
21,154,5,3.747,3.698,6.573
21,155,1,58.868,98.638,84.862
21,155,2,3.077,4.976,10.721
21,155,3,53.808,90.453,67.228
21,155,4,63.929,98.947,85.979
21,155,5,5.226,5.045,12.633
21,156,1,62.287,98.878,61.955
21,156,2,2.186,3.661,4.548
21,156,3,58.691,92.857,54.475
21,156,4,65.883,98.921,69.435
21,156,5,3.51,3.702,7.34
21,157,1,56.33,99.144,86.428
21,157,2,3.11,5.259,11.023
21,157,3,51.215,90.493,68.298
21,157,4,61.446,99.332,87.24
21,157,5,5.521,5.304,12.753
21,158,1,55.973,98.581,88.711
21,158,2,3.105,5.284,11.151
21,158,3,50.866,89.889,70.369
21,158,4,61.08,98.902,89.688
21,158,5,5.547,5.36,12.57
21,159,1,69.448,99.861,100
21,159,2,3.022,4.254,7.725
21,159,3,64.476,92.864,87.294
21,159,4,74.419,99.949,100
21,159,5,4.352,4.26,7.725
21,160,1,55.176,99.343,92.594
21,160,2,3.119,5.384,11.215
21,160,3,50.046,90.486,74.147
21,160,4,60.307,99.619,93.679
21,160,5,5.653,5.42,12.112
21,161,1,63.335,98.599,64.979
21,161,2,2.581,3.97,6.371
21,161,3,59.089,92.069,54.499
21,161,4,67.58,98.779,75.459
21,161,5,4.076,4.026,9.805
21,162,1,58.083,99.365,99.231
21,162,2,2.765,4.615,7.356
21,162,3,53.535,91.773,87.132
21,162,4,62.63,99.619,99.516
21,162,5,4.76,4.645,7.413
21,163,1,64.447,98.382,92.649
21,163,2,3.082,4.556,6.243
21,163,3,59.378,90.889,82.379
21,163,4,69.517,98.593,93.114
21,163,5,4.782,4.631,6.739
21,164,1,65.213,98.596,83.715
21,164,2,2.516,3.603,3.975
21,164,3,61.075,92.67,77.177
21,164,4,69.352,98.691,90.253
21,164,5,3.858,3.655,4.748
21,165,1,69.983,99.499,100
21,165,2,3.241,4.428,8.342
21,165,3,64.652,92.215,86.279
21,165,4,75.314,99.82,100
21,165,5,4.631,4.451,8.342
21,166,1,57.172,98.615,93.557
21,166,2,3.117,5.195,10.905
21,166,3,52.044,90.07,75.62
21,166,4,62.299,98.9,94.207
21,166,5,5.452,5.268,11.656
21,167,1,52.972,98.986,100
21,167,2,3.155,5.678,7.052
21,167,3,47.782,89.646,88.401
21,167,4,58.161,99.225,100
21,167,5,5.956,5.736,7.052
21,168,1,66.76,98.744,96.363
21,168,2,3.113,4.445,9.308
21,168,3,61.64,91.432,81.053
21,168,4,71.88,99.021,96.857
21,168,5,4.663,4.502,9.659
21,169,1,58.61,98.647,80.442
21,169,2,3.074,4.995,10.654
21,169,3,53.553,90.432,62.917
21,169,4,63.668,98.829,97.966
21,169,5,5.246,5.063,13.245
21,170,1,58.924,98.579,78.528
21,170,2,3.069,4.96,10.613
21,170,3,53.876,90.42,61.07
21,170,4,63.973,98.782,95.985
21,170,5,5.209,5.031,13.515
21,171,1,67.559,98.845,87.852
21,171,2,2.711,3.889,6.368
21,171,3,63.1,92.448,77.378
21,171,4,72.017,99.191,98.326
21,171,5,4.012,3.934,7.248
21,172,1,57.164,98.619,83.277
21,172,2,3.084,5.138,10.908
21,172,3,52.091,90.168,65.335
21,172,4,62.237,98.789,83.894
21,172,5,5.395,5.21,13.098
21,173,1,58.704,98.104,83.499
21,173,2,3.156,5.129,10.727
21,173,3,53.513,89.668,65.854
21,173,4,63.896,98.479,84.687
21,173,5,5.376,5.228,12.847
21,174,1,67.809,95.478,68.792
21,174,2,1.289,2.332,6.128
21,174,3,65.689,91.642,58.712
21,174,4,69.93,99.313,78.872
21,174,5,1.901,2.442,8.908
21,175,1,59.446,97.882,84.336
21,175,2,3.084,4.942,10.595
21,175,3,54.373,89.752,66.909
21,175,4,64.518,98.164,85.142
21,175,5,5.188,5.049,12.563
21,176,1,55.597,98.352,79.15
21,176,2,3.089,5.293,11.328
21,176,3,50.516,89.645,60.517
21,176,4,60.679,98.658,97.784
21,176,5,5.557,5.382,14.312
21,177,1,60.889,99.908,80.699
21,177,2,2.539,4.075,6.147
21,177,3,56.712,93.206,70.587
21,177,4,65.065,99.937,90.81
21,177,5,4.17,4.079,7.618
21,178,1,53.335,99.222,100
21,178,2,3.143,5.614,11.621
21,178,3,48.166,89.988,80.885
21,178,4,58.504,99.389,100
21,178,5,5.892,5.658,11.621
21,179,1,59.27,98.425,81.49
21,179,2,3.072,4.936,10.55
21,179,3,54.216,90.306,64.137
21,179,4,64.324,98.593,98.843
21,179,5,5.184,5.015,12.946
21,180,1,61.65,98.411,74.244
21,180,2,3.057,4.72,10.174
21,180,3,56.622,90.647,57.509
21,180,4,66.678,98.556,90.978
21,180,5,4.958,4.797,13.703
21,181,1,63.919,98.423,79.527
21,181,2,3.063,4.563,9.795
21,181,3,58.881,90.917,63.415
21,181,4,68.957,98.744,95.638
21,181,5,4.792,4.636,12.317
21,182,1,65.218,98.356,88.459
21,182,2,3.083,4.504,9.586
21,182,3,60.147,90.947,72.691
21,182,4,70.289,98.734,89.54
21,182,5,4.727,4.579,10.837
21,183,1,68.731,99.638,96.825
21,183,2,1.098,1.591,2.354
21,183,3,66.926,97.022,92.952
21,183,4,70.537,99.727,97.11
21,183,5,1.597,1.596,2.431
21,184,1,54.03,98.993,98.941
21,184,2,3.139,5.536,11.479
21,184,3,48.868,89.887,80.059
21,184,4,59.193,99.283,99.241
21,184,5,5.809,5.592,11.602
21,185,1,57.609,98.781,82.618
21,185,2,3.081,5.093,10.827
21,185,3,52.541,90.404,64.809
21,185,4,62.677,99.033,83.646
21,185,5,5.348,5.155,13.105
21,186,1,54.789,95.779,76.04
21,186,2,1.918,2.179,8.371
21,186,3,51.633,92.196,62.271
21,186,4,57.944,99.363,89.809
21,186,5,3.501,2.275,11.009
21,187,1,55.759,98.902,100
21,187,2,3.12,5.33,11.036
21,187,3,50.627,90.136,81.847
21,187,4,60.89,99.231,100
21,187,5,5.595,5.389,11.036
21,188,1,56.814,98.572,96.474
21,188,2,3.109,5.214,10.942
21,188,3,51.7,89.995,78.476
21,188,4,61.929,98.778,96.809
21,188,5,5.473,5.29,11.342
21,189,1,62.508,98.354,78.371
21,189,2,3.067,4.672,10.025
21,189,3,57.464,90.67,61.882
21,189,4,67.552,98.552,94.861
21,189,5,4.906,4.75,12.791
21,190,1,53.208,99.329,100
21,190,2,3.198,5.732,10.426
21,190,3,47.949,89.901,82.851
21,190,4,58.468,99.741,100
21,190,5,6.01,5.77,10.426
21,191,1,61.079,99.015,97.437
21,191,2,3.134,4.89,10.13
21,191,3,55.924,90.971,80.774
21,191,4,66.233,99.234,97.806
21,191,5,5.13,4.939,10.397
21,192,1,55.692,98.648,91.54
21,192,2,3.105,5.31,11.176
21,192,3,50.585,89.914,73.158
21,192,4,60.798,98.982,92.442
21,192,5,5.575,5.383,12.209
21,193,1,58.942,98.758,95.326
21,193,2,3.091,4.993,10.524
21,193,3,53.858,90.546,78.015
21,193,4,64.025,99.065,95.959
21,193,5,5.243,5.056,11.04
21,194,1,60.362,98.358,75.984
21,194,2,1.671,2.048,6.691
21,194,3,57.613,94.989,64.979
21,194,4,63.11,98.536,86.989
21,194,5,2.769,2.083,8.805
21,195,1,55.2,98.672,100
21,195,2,3.143,5.429,11.264
21,195,3,50.029,89.743,81.472
21,195,4,60.37,98.851,100
21,195,5,5.695,5.502,11.264
21,196,1,52.427,98.994,100
21,196,2,3.2,5.822,11.527
21,196,3,47.164,89.417,81.04
21,196,4,57.691,99.492,100
21,196,5,6.103,5.881,11.527
21,197,1,59.645,98.54,85.631
21,197,2,0.236,0.575,4.751
21,197,3,59.256,97.594,77.816
21,197,4,60.034,99.485,93.445
21,197,5,0.396,0.584,5.548
21,198,1,60.047,98.834,100
21,198,2,3.1,4.918,10.431
21,198,3,54.947,90.745,82.843
21,198,4,65.146,99.397,100
21,198,5,5.163,4.976,10.431
21,199,1,61.921,99.193,88.758
21,199,2,2.559,4.033,6.136
21,199,3,57.712,92.56,78.665
21,199,4,66.129,99.295,98.851
21,199,5,4.132,4.065,6.913
21,200,1,54.439,98.812,93.692
21,200,2,3.128,5.475,11.449
21,200,3,49.293,89.806,74.86
21,200,4,59.584,99.214,94.715
21,200,5,5.746,5.541,12.219
21,201,1,54.918,98.507,93.885
21,201,2,3.134,5.44,11.349
21,201,3,49.762,89.559,75.218
21,201,4,60.073,98.976,94.918
21,201,5,5.707,5.523,12.088
21,202,1,58.571,98.555,93.845
21,202,2,3.093,5.029,10.603
21,202,3,53.484,90.283,76.405
21,202,4,63.658,98.801,94.377
21,202,5,5.28,5.103,11.298
21,203,1,60.4,98.434,97.355
21,203,2,3.103,4.895,10.29
21,203,3,55.296,90.383,80.428
21,203,4,65.504,98.768,97.802
21,203,5,5.138,4.973,10.57
21,204,1,58.988,98.297,83.168
21,204,2,3.087,4.984,10.628
21,204,3,53.911,90.098,65.686
21,204,4,64.065,98.628,84.284
21,204,5,5.233,5.071,12.779
21,205,1,66.283,98.805,91.005
21,205,2,2.587,3.807,5.928
21,205,3,62.027,92.543,81.254
21,205,4,70.539,98.958,91.443
21,205,5,3.904,3.853,6.514
21,206,1,53.806,98.842,100
21,206,2,3.138,5.557,11.338
21,206,3,48.644,89.701,81.351
21,206,4,58.967,99.203,100
21,206,5,5.832,5.622,11.338
21,207,1,59.25,98.437,80.843
21,207,2,3.083,4.957,10.548
21,207,3,54.178,90.284,63.493
21,207,4,64.321,98.562,98.192
21,207,5,5.204,5.035,13.047
21,208,1,64.334,98.819,85.402
21,208,2,2.456,3.737,5.581
21,208,3,60.294,92.673,76.222
21,208,4,68.375,98.904,94.583
21,208,5,3.818,3.781,6.535
21,209,1,57.03,98.447,91.182
21,209,2,3.116,5.207,10.922
21,209,3,51.904,89.881,73.216
21,209,4,62.156,98.752,91.954
21,209,5,5.465,5.29,11.979
21,210,1,57.951,98.8,87.409
21,210,2,3.085,5.068,10.724
21,210,3,52.877,90.464,69.769
21,210,4,63.025,99.118,88.538
21,210,5,5.323,5.13,12.269
21,211,1,62.108,98.542,76.485
21,211,2,3.091,4.742,10.086
21,211,3,57.023,90.742,59.894
21,211,4,67.193,98.752,93.075
21,211,5,4.977,4.813,13.188
21,212,1,60.337,98.736,100
21,212,2,3.11,4.91,5.783
21,212,3,55.222,90.66,90.488
21,212,4,65.452,98.919,100
21,212,5,5.154,4.973,5.783
21,213,1,56.337,99.06,92.629
21,213,2,2.689,4.644,7.288
21,213,3,51.914,91.421,80.642
21,213,4,60.76,99.266,93.248
21,213,5,4.773,4.688,7.868
21,214,1,66.004,98.217,81.189
21,214,2,3.079,4.445,9.478
21,214,3,60.94,90.907,65.599
21,214,4,71.069,98.433,96.78
21,214,5,4.665,4.525,11.674
21,215,1,60.016,98.327,96.091
21,215,2,3.091,4.906,10.35
21,215,3,54.932,90.257,79.066
21,215,4,65.101,98.732,96.74
21,215,5,5.151,4.99,10.771
21,216,1,52.357,99.201,100
21,216,2,3.16,5.753,10.788
21,216,3,47.159,89.738,82.255
21,216,4,57.555,99.569,100
21,216,5,6.036,5.799,10.788
21,217,1,56.431,98.871,100
21,217,2,3.118,5.264,10.42
21,217,3,51.302,90.212,82.86
21,217,4,61.56,99.055,100
21,217,5,5.526,5.324,10.42
22,0,1,57.745,97.516,43.129
22,0,2,0.663,0.24,1.17
22,0,3,56.653,97.122,41.204
22,0,4,58.836,97.91,45.054
22,0,5,1.149,0.246,2.713
22,1,1,52.836,98.544,71.869
22,1,2,2.378,4.181,6.202
22,1,3,48.924,91.668,61.668
22,1,4,56.748,98.662,82.07
22,1,5,4.502,4.242,8.63
22,2,1,50.514,96.681,88.968
22,2,2,2.215,4.701,7.095
22,2,3,46.871,88.949,77.298
22,2,4,54.157,96.968,89.507
22,2,5,4.384,4.862,7.974
22,3,1,47.87,99.059,78.401
22,3,2,2.525,5.355,0.526
22,3,3,43.717,90.25,77.536
22,3,4,52.023,99.264,79.266
22,3,5,5.274,5.406,0.671
22,4,1,53.902,98.199,60.275
22,4,2,2.074,4.084,4.507
22,4,3,50.492,91.481,52.861
22,4,4,57.313,98.325,67.689
22,4,5,3.847,4.159,7.478
22,5,1,58.342,97.404,50.796
22,5,2,1.961,3.562,5.227
22,5,3,55.116,91.545,42.199
22,5,4,61.567,97.554,59.393
22,5,5,3.361,3.657,10.289
22,6,1,58.136,97.312,43.511
22,6,2,1.589,2.738,4.541
22,6,3,55.523,92.808,36.043
22,6,4,60.75,97.394,50.98
22,6,5,2.733,2.814,10.435
22,7,1,55.655,99.418,52.24
22,7,2,2.038,3.589,0.582
22,7,3,52.302,93.514,51.283
22,7,4,59.007,99.502,53.198
22,7,5,3.662,3.61,1.114
22,8,1,47.666,95.801,77.695
22,8,2,2.496,4.745,6.623
22,8,3,43.56,87.997,66.801
22,8,4,51.773,96.085,88.588
22,8,5,5.237,4.952,8.524
22,9,1,55.299,98.366,73.528
22,9,2,2.968,5.105,10.71
22,9,3,50.416,89.969,55.912
22,9,4,60.181,98.55,91.144
22,9,5,5.367,5.19,14.566
22,10,1,47.795,98.862,90.914
22,10,2,3.002,5.982,12.289
22,10,3,42.857,89.022,70.701
22,10,4,52.733,99.055,91.493
22,10,5,6.281,6.051,13.517
22,11,1,61.926,96.942,44.876
22,11,2,1.752,2.665,5.45
22,11,3,59.045,92.558,35.911
22,11,4,64.808,97.025,53.841
22,11,5,2.829,2.749,12.145
22,12,1,62.65,98.299,43.919
22,12,2,0.97,1.959,5.517
22,12,3,61.055,95.077,34.844
22,12,4,64.246,98.406,52.994
22,12,5,1.548,1.993,12.562
22,13,1,47.461,98.942,75.886
22,13,2,2.393,4.919,5.08
22,13,3,43.524,90.851,67.53
22,13,4,51.397,99.129,84.242
22,13,5,5.043,4.971,6.695
22,14,1,58.191,97.132,33.602
22,14,2,0.821,1.442,1.637
22,14,3,56.841,94.76,30.908
22,14,4,59.541,99.504,36.295
22,14,5,1.41,1.485,4.873
22,15,1,53.177,98.711,84.511
22,15,2,2.995,5.361,11.069
22,15,3,48.251,89.893,66.305
22,15,4,58.103,99.003,85.611
22,15,5,5.632,5.431,13.097
22,16,1,56.62,98.716,41.924
22,16,2,1.514,2.69,2.72
22,16,3,54.129,94.291,37.449
22,16,4,59.111,98.765,46.398
22,16,5,2.674,2.725,6.488
22,17,1,61.52,97.277,59.359
22,17,2,1.45,1.983,3.939
22,17,3,59.135,94.014,52.88
22,17,4,63.906,97.416,65.838
22,17,5,2.358,2.039,6.636
22,18,1,53.102,98.506,77.413
22,18,2,2.979,5.339,6.997
22,18,3,48.201,89.725,65.904
22,18,4,58.003,98.686,88.922
22,18,5,5.611,5.42,9.038
23,0,1,65.488,97.469,46.844
23,0,2,0.723,0.268,1.048
23,0,3,64.299,97.029,45.119
23,0,4,66.677,97.91,48.568
23,0,5,1.104,0.275,2.238
23,1,1,69.493,99.2,50.781
23,1,2,1.822,2.293,4.279
23,1,3,66.496,95.428,43.742
23,1,4,72.49,99.263,57.82
23,1,5,2.622,2.312,8.427
23,2,1,58.082,97.964,72.258
23,2,2,2.459,4.052,6.029
23,2,3,54.037,91.298,62.342
23,2,4,62.127,98.082,82.175
23,2,5,4.234,4.137,8.343
23,3,1,65.662,98.327,42.637
23,3,2,2.59,3.795,6.767
23,3,3,61.401,92.085,31.506
23,3,4,69.922,98.512,53.768
23,3,5,3.945,3.86,15.872
23,4,1,62.4,97.322,52.14
23,4,2,1.483,2.362,3.428
23,4,3,59.961,93.436,46.502
23,4,4,64.839,97.398,57.778
23,4,5,2.376,2.427,6.574
23,5,1,65.024,96.798,39.335
23,5,2,0.783,1.207,1.416
23,5,3,63.737,94.813,37.005
23,5,4,66.311,98.783,41.665
23,5,5,1.204,1.247,3.601
23,6,1,52.672,100,78.169
23,6,2,1.699,3.676,2.004
23,6,3,49.877,93.954,74.872
23,6,4,55.467,100,81.466
23,6,5,3.226,3.676,2.564
23,7,1,63.187,100,80.833
23,7,2,2.591,3.673,1.939
23,7,3,58.925,93.958,77.644
23,7,4,67.449,100,84.022
23,7,5,4.101,3.673,2.399
23,8,1,71.308,97.766,49.036
23,8,2,1.456,2.024,3.017
23,8,3,68.913,94.437,44.075
23,8,4,73.703,97.822,53.998
23,8,5,2.042,2.07,6.152
23,9,1,63.736,99.09,48.709
23,9,2,2.337,3.576,8.352
23,9,3,59.892,93.207,34.971
23,9,4,67.581,99.188,62.446
23,9,5,3.667,3.609,17.146
23,10,1,69.248,100,67.175
23,10,2,1.457,1.073,5.324
23,10,3,66.85,98.234,58.417
23,10,4,71.645,100,75.932
23,10,5,2.105,1.073,7.926
23,11,1,64.121,97.857,46.699
23,11,2,3.013,4.469,9.526
23,11,3,59.165,90.507,31.031
23,11,4,69.077,98.051,62.367
23,11,5,4.699,4.566,20.398
24,0,1,59.998,97.995,53.271
24,0,2,0.654,0.205,1.198
24,0,3,58.923,97.658,51.3
24,0,4,61.074,98.333,55.241
24,0,5,1.089,0.209,2.249
24,1,1,53.69,98.566,80.758
24,1,2,2.994,5.306,10.876
24,1,3,48.765,89.838,62.868
24,1,4,58.615,98.781,98.648
24,1,5,5.577,5.384,13.468
24,2,1,51.012,98.796,91.182
24,2,2,2.991,5.581,11.502
24,2,3,46.092,89.617,72.263
24,2,4,55.932,99.092,92.047
24,2,5,5.864,5.649,12.614
24,3,1,57.424,98.228,94.727
24,3,2,2.419,4.249,5.692
24,3,3,53.445,91.24,85.365
24,3,4,61.403,98.379,94.994
24,3,5,4.213,4.325,6.009
24,4,1,53.706,98.392,82.448
24,4,2,2.656,4.781,7.598
24,4,3,49.337,90.528,69.951
24,4,4,58.074,98.836,94.945
24,4,5,4.945,4.859,9.215
24,5,1,57.769,98.67,72.802
24,5,2,2.999,4.94,10.06
24,5,3,52.835,90.545,56.254
24,5,4,62.702,98.868,89.35
24,5,5,5.192,5.006,13.819
24,6,1,54.583,99.527,68.145
24,6,2,2.624,4.653,7.06
24,6,3,50.266,91.873,56.533
24,6,4,58.9,99.683,79.757
24,6,5,4.808,4.675,10.36
24,7,1,62.312,97.568,61.764
24,7,2,1.965,2.984,3.119
24,7,3,59.079,92.66,56.633
24,7,4,65.544,97.825,66.895
24,7,5,3.154,3.059,5.051
24,8,1,60.012,98.018,70.486
24,8,2,2.906,4.655,9.739
24,8,3,55.233,90.361,54.467
24,8,4,64.792,98.236,86.505
24,8,5,4.842,4.749,13.817
24,9,1,56.973,98.5,56.568
24,9,2,3.023,5.051,10.254
24,9,3,52,90.192,39.702
24,9,4,61.946,98.881,73.435
24,9,5,5.307,5.128,18.127
24,10,1,55.257,99.269,76.616
24,10,2,2.8,4.861,8.65
24,10,3,50.651,91.273,62.388
24,10,4,59.862,99.388,90.843
24,10,5,5.067,4.897,11.29
24,11,1,63.19,99.268,65.122
24,11,2,1.699,2.654,4.049
24,11,3,60.395,94.903,58.462
24,11,4,65.984,99.357,71.782
24,11,5,2.689,2.674,6.217
24,12,1,61.553,99.844,76.411
24,12,2,2.022,2.722,5.143
24,12,3,58.227,95.368,67.951
24,12,4,64.878,99.901,84.871
24,12,5,3.284,2.726,6.731
24,13,1,60.957,99,54.537
24,13,2,1.658,2.684,5.547
24,13,3,58.229,94.586,45.412
24,13,4,63.685,99.054,63.661
24,13,5,2.721,2.711,10.172
24,14,1,52.316,98.786,89.47
24,14,2,2.991,5.441,11.259
24,14,3,47.396,89.835,70.95
24,14,4,57.237,98.998,90.132
24,14,5,5.718,5.508,12.584
24,15,1,58.259,98.42,65.073
24,15,2,2.992,4.885,9.967
24,15,3,53.337,90.384,48.678
24,15,4,63.181,98.619,81.468
24,15,5,5.136,4.964,15.317
24,16,1,55.114,98.559,65.047
24,16,2,1.384,2.162,3.74
24,16,3,52.837,95.003,58.895
24,16,4,57.392,98.703,71.198
24,16,5,2.512,2.193,5.749
24,17,1,48.59,100,75.996
24,17,2,2.54,5.235,6.874
24,17,3,44.413,91.39,64.689
24,17,4,52.768,100,87.303
24,17,5,5.227,5.235,9.045
24,18,1,54.39,99.015,86.756
24,18,2,2.561,4.596,7.022
24,18,3,50.178,91.455,75.206
24,18,4,58.601,99.205,98.306
24,18,5,4.708,4.642,8.094
24,19,1,48.177,99.026,100
24,19,2,3.025,5.983,12.14
24,19,3,43.201,89.185,80.031
24,19,4,53.153,99.333,100
24,19,5,6.28,6.042,12.14
24,20,1,62.593,97.765,47.736
24,20,2,2.572,3.732,0.877
24,20,3,58.363,91.626,46.293
24,20,4,66.824,97.874,49.179
24,20,5,4.109,3.817,1.837
24,21,1,54.466,97.362,62.195
24,21,2,2.661,4.815,4.878
24,21,3,50.089,89.442,54.171
24,21,4,58.842,97.53,70.22
24,21,5,4.885,4.945,7.844
24,22,1,54.125,98.605,76.123
24,22,2,2.992,5.259,10.754
24,22,3,49.203,89.955,58.435
24,22,4,59.046,98.815,93.812
24,22,5,5.528,5.334,14.127
24,23,1,52.745,99.03,83.118
24,23,2,2.998,5.409,11.039
24,23,3,47.815,90.133,64.96
24,23,4,57.676,99.22,83.969
24,23,5,5.683,5.462,13.281
24,24,1,58.259,98.188,72.003
24,24,2,2.509,4.163,5.523
24,24,3,54.132,91.341,62.918
24,24,4,62.386,98.291,81.088
24,24,5,4.307,4.24,7.671
24,25,1,54.623,99.082,81.602
24,25,2,2.503,4.463,6.704
24,25,3,50.506,91.741,70.575
24,25,4,58.74,99.217,92.63
24,25,5,4.582,4.504,8.216
24,26,1,53.747,98.823,85.661
24,26,2,2.991,5.295,10.894
24,26,3,48.827,90.112,67.741
24,26,4,58.666,99.086,86.659
24,26,5,5.565,5.359,12.718
24,27,1,56.218,98.756,72.541
24,27,2,3.011,5.097,6.906
24,27,3,51.266,90.372,61.182
24,27,4,61.17,99.008,83.9
24,27,5,5.356,5.161,9.52
24,28,1,63.101,97.486,34.974
24,28,2,0.898,1.467,2.53
24,28,3,61.624,95.073,30.813
24,28,4,64.578,99.899,39.134
24,28,5,1.423,1.505,7.233
24,29,1,51.967,98.925,91.15
24,29,2,2.553,4.787,7.278
24,29,3,47.768,91.052,79.178
24,29,4,56.166,99.108,91.704
24,29,5,4.912,4.839,7.985
24,30,1,47.036,99.289,87.817
24,30,2,3.061,6.205,12.399
24,30,3,42.001,89.082,67.423
24,30,4,52.071,99.557,89.108
24,30,5,6.508,6.25,14.119
24,31,1,52.131,99.213,90.208
24,31,2,2.578,4.824,7.458
24,31,3,47.89,91.279,77.94
24,31,4,56.372,99.409,90.961
24,31,5,4.946,4.862,8.268
24,32,1,56.52,98.63,86.782
24,32,2,2.441,4.209,6.393
24,32,3,52.505,91.708,76.266
24,32,4,60.534,98.773,97.298
24,32,5,4.319,4.267,7.367
24,33,1,50.343,98.965,87.082
24,33,2,3,5.673,11.655
24,33,3,45.408,89.635,67.91
24,33,4,55.277,99.203,87.992
24,33,5,5.959,5.732,13.384
24,34,1,58.541,98.511,78.206
24,34,2,2.783,4.52,8.319
24,34,3,53.963,91.076,64.523
24,34,4,63.119,98.74,91.89
24,34,5,4.754,4.589,10.637
24,35,1,62.763,97.299,35.249
24,35,2,1.318,2.131,2.126
24,35,3,60.594,93.794,31.753
24,35,4,64.931,97.366,38.745
24,35,5,2.1,2.19,6.03
24,36,1,62.127,98.479,71.82
24,36,2,2.507,3.927,5.918
24,36,3,58.003,92.019,62.086
24,36,4,66.251,98.644,81.554
24,36,5,4.036,3.988,8.24
24,37,1,53.164,99.194,81.24
24,37,2,1.415,2.775,2.829
24,37,3,50.837,94.629,76.587
24,37,4,55.491,99.268,85.893
24,37,5,2.661,2.798,3.482
24,38,1,52.559,98.85,79.518
24,38,2,3.009,5.449,11.151
24,38,3,47.611,89.888,61.176
24,38,4,57.508,99.063,97.86
24,38,5,5.724,5.512,14.023
24,39,1,54.446,98.727,81.653
24,39,2,2.987,5.219,10.788
24,39,3,49.533,90.142,63.908
24,39,4,59.359,98.958,99.397
24,39,5,5.486,5.286,13.212
24,40,1,59.77,97.417,51.523
24,40,2,2.072,3.759,0.524
24,40,3,56.361,91.233,50.661
24,40,4,63.178,97.614,52.385
24,40,5,3.467,3.859,1.017
24,41,1,67.158,90.435,88.442
24,41,2,1.8,3.402,7.208
24,41,3,64.198,84.84,76.586
24,41,4,70.119,96.031,89.047
24,41,5,2.68,3.762,8.15
24,42,1,60.581,98.962,79.406
24,42,2,2.558,4.1,6.335
24,42,3,56.373,92.218,68.985
24,42,4,64.788,99.158,89.827
24,42,5,4.222,4.143,7.979
24,43,1,53.642,99.305,92.726
24,43,2,3.002,5.329,10.889
24,43,3,48.704,90.538,74.814
24,43,4,58.581,99.515,93.48
24,43,5,5.597,5.367,11.744
24,44,1,57.926,98.747,70.024
24,44,2,3.005,4.937,10.069
24,44,3,52.983,90.627,53.462
24,44,4,62.869,99.041,86.587
24,44,5,5.188,4.999,14.38
24,45,1,57.134,98.528,75.306
24,45,2,2.989,4.976,10.204
24,45,3,52.218,90.343,58.522
24,45,4,62.051,98.762,92.089
24,45,5,5.231,5.05,13.55
24,46,1,57.548,98.597,72.948
24,46,2,2.531,4.274,6.575
24,46,3,53.384,91.568,62.133
24,46,4,61.711,98.807,83.763
24,46,5,4.399,4.334,9.013
24,47,1,52.121,98.889,80.888
24,47,2,3.007,5.491,11.225
24,47,3,47.175,89.857,62.424
24,47,4,57.066,99.147,99.352
24,47,5,5.769,5.553,13.878
24,48,1,59.309,98.302,62.569
24,48,2,2.997,4.807,9.859
24,48,3,54.379,90.395,46.353
24,48,4,64.239,98.699,78.786
24,48,5,5.054,4.89,15.757
24,49,1,55.743,98.526,82.677
24,49,2,2.983,5.089,10.517
24,49,3,50.837,90.155,65.378
24,49,4,60.649,98.681,99.977
24,49,5,5.351,5.166,12.721
24,50,1,60.766,98.017,48.133
24,50,2,1.983,3.433,2.714
24,50,3,57.504,92.37,43.669
24,50,4,64.028,98.165,52.596
24,50,5,3.264,3.502,5.638
24,51,1,54.92,98.316,61.824
24,51,2,2.273,4.102,4.57
24,51,3,51.181,91.569,54.308
24,51,4,58.658,98.564,69.34
24,51,5,4.139,4.172,7.391
24,52,1,52.607,99.005,85.763
24,52,2,3,5.428,11.107
24,52,3,47.672,90.076,67.493
24,52,4,57.542,99.236,86.712
24,52,5,5.703,5.483,12.951
24,53,1,55.663,98.618,73.404
24,53,2,2.988,5.107,10.467
24,53,3,50.748,90.218,56.186
24,53,4,60.579,98.776,90.621
24,53,5,5.369,5.178,14.26
24,54,1,55.105,99.097,80.363
24,54,2,2.461,4.365,6.43
24,54,3,51.056,91.917,69.786
24,54,4,59.154,99.203,90.939
24,54,5,4.467,4.405,8.001
24,55,1,58.265,97.927,53.455
24,55,2,2.516,4.2,6.32
24,55,3,54.125,91.019,43.06
24,55,4,62.404,98.138,63.851
24,55,5,4.319,4.289,11.823
24,56,1,59.594,98.41,70.798
24,56,2,2.988,4.768,9.761
24,56,3,54.68,90.566,54.743
24,56,4,64.509,98.637,86.853
24,56,5,5.014,4.845,13.786
24,57,1,57.628,99.336,85.609
24,57,2,2.516,4.25,6.377
24,57,3,53.489,92.345,75.119
24,57,4,61.767,99.45,96.098
24,57,5,4.366,4.279,7.449
24,58,1,55.105,100,63.339
24,58,2,2.071,4.086,8.535
24,58,3,51.699,93.278,49.3
24,58,4,58.512,100,77.379
24,58,5,3.759,4.086,13.475
25,0,1,61.807,97.991,46.767
25,0,2,0.709,0.248,1.099
25,0,3,60.64,97.584,44.96
25,0,4,62.974,98.399,48.574
25,0,5,1.148,0.253,2.349
25,1,1,61.76,98.143,44.898
25,1,2,1.592,2.579,3.324
25,1,3,59.141,93.9,39.431
25,1,4,64.379,98.189,50.365
25,1,5,2.578,2.628,7.403
25,2,1,57.354,99.55,65.81
25,2,2,1.734,2.987,0.552
25,2,3,54.502,94.637,64.901
25,2,4,60.205,99.622,66.718
25,2,5,3.023,3.001,0.839
25,3,1,56.035,99.369,77.439
25,3,2,3.071,5.225,10.769
25,3,3,50.983,90.776,59.726
25,3,4,61.087,99.485,95.152
25,3,5,5.481,5.258,13.906
25,4,1,60.677,97.995,80.685
25,4,2,2.525,4.032,6.377
25,4,3,56.524,91.363,70.195
25,4,4,64.83,98.202,91.175
25,4,5,4.161,4.115,7.904
25,5,1,59.448,99.107,71.399
25,5,2,3.047,4.885,10.155
25,5,3,54.436,91.072,54.696
25,5,4,64.461,99.274,88.102
25,5,5,5.126,4.929,14.223
25,6,1,63.619,97.842,40.368
25,6,2,0.75,1.202,1.63
25,6,3,62.386,95.866,37.686
25,6,4,64.852,99.819,43.049
25,6,5,1.178,1.228,4.038
25,7,1,61.237,97.63,71.849
25,7,2,1.584,0.361,8.232
25,7,3,58.631,97.035,58.31
25,7,4,63.843,98.224,85.389
25,7,5,2.587,0.37,11.457
25,8,1,62.222,98.841,48.894
25,8,2,2.643,4.233,4.459
25,8,3,57.875,91.879,41.56
25,8,4,66.57,98.947,56.228
25,8,5,4.248,4.282,9.119
25,9,1,52.481,98.415,46.673
25,9,2,0.41,1.59,0.513
25,9,3,51.807,95.799,45.83
25,9,4,53.155,98.544,47.517
25,9,5,0.781,1.616,1.099
25,10,1,65.512,91.477,67.463
25,10,2,1.446,3.471,7.528
25,10,3,63.133,85.768,55.08
25,10,4,67.891,97.185,79.846
25,10,5,2.208,3.794,11.159
25,11,1,57.147,98.886,57.771
25,11,2,1.987,3.471,2.717
25,11,3,53.879,93.177,53.301
25,11,4,60.415,98.933,62.241
25,11,5,3.476,3.51,4.704
25,12,1,62.612,98.351,39.06
25,12,2,1.41,2.271,2.74
25,12,3,60.292,94.616,34.553
25,12,4,64.931,98.393,43.568
25,12,5,2.253,2.309,7.016
25,13,1,55.575,98.408,68.223
25,13,2,1.872,2.71,5.113
25,13,3,52.496,93.95,59.813
25,13,4,58.654,98.558,76.633
25,13,5,3.368,2.754,7.494
25,14,1,62.784,98.017,65.463
25,14,2,2.316,3.665,6.563
25,14,3,58.974,91.988,54.667
25,14,4,66.594,98.158,76.259
25,14,5,3.689,3.739,10.026
25,15,1,61.167,98.071,49.815
25,15,2,2.419,3.739,2.137
25,15,3,57.188,91.92,46.299
25,15,4,65.145,98.185,53.33
25,15,5,3.954,3.813,4.29
25,16,1,61.822,98.867,68.439
25,16,2,2.488,3.788,3.843
25,16,3,57.729,92.636,62.117
25,16,4,65.915,99.036,74.761
25,16,5,4.025,3.832,5.616
25,17,1,55.175,98.985,71.159
25,17,2,3.046,5.261,10.996
25,17,3,50.164,90.331,53.072
25,17,4,60.186,99.073,89.246
25,17,5,5.521,5.315,15.453
25,18,1,65.225,98.275,39.773
25,18,2,2.218,3.328,3.135
25,18,3,61.577,92.8,34.617
25,18,4,68.873,98.352,44.929
25,18,5,3.401,3.387,7.882
26,0,1,62.054,97.138,41.708
26,0,2,0.649,0.299,1.001
26,0,3,60.987,96.646,40.061
26,0,4,63.122,97.629,43.355
26,0,5,1.046,0.307,2.4
26,1,1,58.975,98.477,65.95
26,1,2,3.024,4.871,9.908
26,1,3,54.001,90.465,49.654
26,1,4,63.948,98.972,82.247
26,1,5,5.127,4.946,15.023
26,2,1,69.385,96.089,42.069
26,2,2,1.885,2.614,2.193
26,2,3,66.284,91.789,38.461
26,2,4,72.487,96.234,45.677
26,2,5,2.717,2.721,5.214
26,3,1,56.752,98.873,83.485
26,3,2,2.515,4.306,6.534
26,3,3,52.615,91.791,72.738
26,3,4,60.888,99.029,94.232
26,3,5,4.431,4.355,7.826
26,4,1,63.207,97.71,60.424
26,4,2,2.636,4.05,6.19
26,4,3,58.871,91.048,50.243
26,4,4,67.542,98.057,70.606
26,4,5,4.17,4.145,10.244
26,5,1,55.043,98.384,71.654
26,5,2,3.035,5.239,10.762
26,5,3,50.051,89.767,53.952
26,5,4,60.035,99.11,89.355
26,5,5,5.514,5.325,15.019
26,6,1,57.106,98.666,65.001
26,6,2,3.069,5.112,10.255
26,6,3,52.057,90.257,48.134
26,6,4,62.155,99.112,81.869
26,6,5,5.375,5.181,15.776
26,7,1,57.031,98.575,81.464
26,7,2,3.024,5.039,10.474
26,7,3,52.057,90.287,64.236
26,7,4,62.006,99.391,98.691
26,7,5,5.303,5.112,12.857
26,8,1,56.814,98.76,90.017
26,8,2,3.058,5.121,10.675
26,8,3,51.783,90.337,72.458
26,8,4,61.844,99.398,92.218
26,8,5,5.383,5.186,11.859
26,9,1,53.717,99.218,92.384
26,9,2,3.082,5.465,11.297
26,9,3,48.648,90.229,73.802
26,9,4,58.786,99.739,94.59
26,9,5,5.737,5.508,12.228
26,10,1,60.042,98.373,88.068
26,10,2,3,4.744,9.932
26,10,3,55.108,90.57,71.732
26,10,4,64.976,99.073,90.278
26,10,5,4.996,4.822,11.277
26,11,1,55.008,98.616,85.713
26,11,2,3.017,5.212,10.827
26,11,3,50.045,90.042,67.904
26,11,4,59.971,99.213,87.978
26,11,5,5.485,5.286,12.632
26,12,1,59.621,97.956,56.057
26,12,2,3.019,4.806,9.762
26,12,3,54.655,90.052,40.001
26,12,4,64.587,98.17,72.114
26,12,5,5.064,4.906,17.414
26,13,1,60.227,98.262,60.359
26,13,2,3.011,4.746,9.77
26,13,3,55.275,90.457,44.289
26,13,4,65.179,98.88,76.43
26,13,5,4.999,4.829,16.187
26,14,1,57.666,98.361,70.458
26,14,2,3.047,5.021,10.261
26,14,3,52.655,90.103,53.58
26,14,4,62.677,98.834,87.336
26,14,5,5.283,5.104,14.564
26,15,1,56.516,99.473,76.676
26,15,2,3.06,5.156,10.439
26,15,3,51.483,90.991,59.506
26,15,4,61.549,99.821,93.846
26,15,5,5.414,5.184,13.614
26,16,1,58.942,98.088,67.946
26,16,2,3,4.829,9.942
26,16,3,54.008,90.145,51.592
26,16,4,63.876,98.516,84.299
26,16,5,5.089,4.923,14.633
26,17,1,62.877,96.515,41.573
26,17,2,2.537,4.01,5.692
26,17,3,58.704,89.92,32.209
26,17,4,67.049,96.659,50.936
26,17,5,4.034,4.154,13.693
26,18,1,60.794,97.583,38.069
26,18,2,1.338,2.252,2.558
26,18,3,58.593,93.878,33.862
26,18,4,62.995,97.637,42.277
26,18,5,2.201,2.308,6.719
26,19,1,58.721,97.092,32.602
26,19,2,2.524,4.172,6.087
26,19,3,54.57,90.23,22.589
26,19,4,62.872,97.296,42.615
26,19,5,4.298,4.297,18.672
26,20,1,62.285,97.97,71.366
26,20,2,3.017,4.597,9.532
26,20,3,57.323,90.408,55.687
26,20,4,67.247,98.408,87.045
26,20,5,4.844,4.693,13.357
26,21,1,60.673,98.888,57.134
26,21,2,3.22,5.064,10.007
26,21,3,55.376,90.558,40.674
26,21,4,65.969,99.347,73.595
26,21,5,5.307,5.121,17.515
26,22,1,64.133,98.092,78.623
26,22,2,3.103,4.602,9.449
26,22,3,59.029,90.522,63.08
26,22,4,69.236,98.939,94.166
26,22,5,4.838,4.692,12.018
26,23,1,57.136,98.309,61.187
26,23,2,3.02,5.018,10.253
26,23,3,52.169,90.055,44.322
26,23,4,62.102,98.68,78.052
26,23,5,5.285,5.105,16.757
26,24,1,54.917,98.869,84.89
26,24,2,3.03,5.246,10.852
26,24,3,49.934,90.24,67.04
26,24,4,59.901,99.543,88.135
26,24,5,5.517,5.306,12.784
26,25,1,62.721,99.032,47.412
26,25,2,2.346,3.413,5.623
26,25,3,58.863,93.419,38.163
26,25,4,66.58,99.129,56.662
26,25,5,3.74,3.446,11.86
26,26,1,58.652,98.7,56.747
26,26,2,2.444,4.057,5.851
26,26,3,54.632,92.026,47.122
26,26,4,62.672,98.807,66.372
26,26,5,4.167,4.111,10.311
26,27,1,61.838,97.976,61.805
26,27,2,3.017,4.63,9.47
26,27,3,56.876,90.36,46.229
26,27,4,66.8,98.313,77.381
26,27,5,4.879,4.726,15.322
26,28,1,58.064,98.045,75.437
26,28,2,3.047,4.985,10.307
26,28,3,53.052,89.845,58.484
26,28,4,63.077,98.886,92.39
26,28,5,5.248,5.085,13.663
26,29,1,62.302,98.099,49.311
26,29,2,1.757,2.674,5.329
26,29,3,59.412,93.7,40.546
26,29,4,65.192,98.178,58.076
26,29,5,2.82,2.726,10.807
26,30,1,62.908,96.844,32.81
26,30,2,0.753,1.2,1.388
26,30,3,61.67,94.87,30.527
26,30,4,64.146,98.817,35.093
26,30,5,1.197,1.239,4.23
26,31,1,58.297,98.145,82.005
26,31,2,3.001,4.886,10.257
26,31,3,53.361,90.109,65.134
26,31,4,63.234,98.908,98.877
26,31,5,5.148,4.978,12.508
26,32,1,60.674,99.009,75.213
26,32,2,3.071,4.819,9.784
26,32,3,55.622,91.082,59.12
26,32,4,65.725,99.565,91.307
26,32,5,5.062,4.867,13.009
26,33,1,58.499,98.531,58.009
26,33,2,2.306,3.907,5.853
26,33,3,54.707,92.105,48.38
26,33,4,62.292,98.632,67.637
26,33,5,3.941,3.965,10.091
26,34,1,52.305,100,71.595
26,34,2,3.099,5.64,11.334
26,34,3,47.207,90.723,52.952
26,34,4,57.402,100,90.238
26,34,5,5.925,5.64,15.831
26,35,1,59.533,98.253,56.406
26,35,2,3.011,4.801,9.772
26,35,3,54.581,90.357,40.334
26,35,4,64.486,98.523,72.479
26,35,5,5.057,4.886,17.323
26,36,1,60.389,97.735,51.521
26,36,2,3.01,4.727,9.635
26,36,3,55.438,89.959,35.673
26,36,4,65.34,97.926,67.369
26,36,5,4.984,4.837,18.701
26,37,1,66.897,99.149,79.37
26,37,2,2.832,4.101,6.411
26,37,3,62.24,92.404,68.826
26,37,4,71.555,99.597,89.915
26,37,5,4.233,4.136,8.077
26,38,1,60.918,97.849,70.17
26,38,2,2.997,4.666,9.654
26,38,3,55.988,90.174,54.292
26,38,4,65.848,98.284,86.049
26,38,5,4.92,4.769,13.757
26,39,1,61.308,97.728,62.065
26,39,2,2.65,4.181,6.533
26,39,3,56.949,90.851,51.318
26,39,4,65.666,98.172,72.811
26,39,5,4.322,4.279,10.527
26,40,1,58.499,98.868,85.842
26,40,2,3.077,5.007,10.288
26,40,3,53.438,90.633,68.92
26,40,4,63.56,99.382,88.026
26,40,5,5.259,5.064,11.984
26,41,1,63.49,97.918,43.303
26,41,2,3.028,4.527,9.144
26,41,3,58.509,90.471,28.262
26,41,4,68.471,98.187,58.345
26,41,5,4.77,4.624,21.117
26,42,1,59.015,97.76,44.632
26,42,2,2.546,4.185,6.565
26,42,3,54.828,90.876,33.834
26,42,4,63.203,97.846,55.43
26,42,5,4.314,4.281,14.709
26,43,1,62.77,95.788,35.17
26,43,2,2.121,3.228,4.215
26,43,3,59.282,90.478,28.238
26,43,4,66.259,95.881,42.102
26,43,5,3.379,3.37,11.983
26,44,1,53.321,100,86.404
26,44,2,3.09,5.526,11.05
26,44,3,48.239,90.91,68.229
26,44,4,58.404,99.999,90.636
26,44,5,5.795,5.526,12.788
26,45,1,59.034,98.704,74.38
26,45,2,3.093,4.988,10.098
26,45,3,53.946,90.5,57.771
26,45,4,64.122,99.164,90.989
26,45,5,5.24,5.053,13.576
26,46,1,56.948,97.649,84.886
26,46,2,3.016,5.024,10.552
26,46,3,51.987,89.385,67.53
26,46,4,61.909,98.874,88.674
26,46,5,5.296,5.145,12.43
26,47,1,62.332,97.809,61.42
26,47,2,3.02,4.598,9.42
26,47,3,57.364,90.247,45.926
26,47,4,67.3,98.148,76.915
26,47,5,4.845,4.701,15.337
26,48,1,65.072,98.096,53.489
26,48,2,3.024,4.413,8.923
26,48,3,60.098,90.838,38.811
26,48,4,70.046,98.221,68.166
26,48,5,4.647,4.498,16.683
26,49,1,57.228,98.793,74.45
26,49,2,3.054,5.076,10.228
26,49,3,52.204,90.443,57.627
26,49,4,62.252,99.204,91.273
26,49,5,5.337,5.139,13.738
26,50,1,56.045,99.157,72.776
26,50,2,3.124,5.313,10.624
26,50,3,50.905,90.418,55.301
26,50,4,61.184,99.588,90.252
26,50,5,5.575,5.358,14.599
26,51,1,55.722,98.861,69.867
26,51,2,3.03,5.169,10.461
26,51,3,50.739,90.359,52.66
26,51,4,60.705,99.194,87.074
26,51,5,5.437,5.228,14.973
26,52,1,56.49,98.717,69.133
26,52,2,3.034,5.105,10.374
26,52,3,51.5,90.32,52.07
26,52,4,61.48,99.052,86.197
26,52,5,5.37,5.171,15.006
26,53,1,58.509,98.871,82.892
26,53,2,3.032,4.928,10.245
26,53,3,53.522,90.766,66.041
26,53,4,63.495,99.686,99.744
26,53,5,5.181,4.984,12.359
26,54,1,64.741,98.384,61.341
26,54,2,3.077,4.52,9.165
26,54,3,59.68,90.949,46.267
26,54,4,69.802,99.325,76.416
26,54,5,4.753,4.595,14.94
26,55,1,64.248,95.618,44.316
26,55,2,1.76,3.221,4.917
26,55,3,61.354,90.32,36.228
26,55,4,67.143,95.725,52.405
26,55,5,2.739,3.369,11.096
26,56,1,66.75,97.927,73.175
26,56,2,2.586,3.745,5.89
26,56,3,62.496,91.768,63.487
26,56,4,71.004,98.235,82.863
26,56,5,3.874,3.824,8.049
26,57,1,56.001,98.919,82.635
26,57,2,3.142,5.348,10.782
26,57,3,50.833,90.124,64.9
26,57,4,61.169,99.424,85.106
26,57,5,5.61,5.406,13.048
26,58,1,58.132,97.911,70.637
26,58,2,2.992,4.882,6.561
26,58,3,53.211,89.881,59.845
26,58,4,63.054,98.172,81.429
26,58,5,5.147,4.986,9.288
26,59,1,64.109,98.332,60.435
26,59,2,3.07,4.553,9.156
26,59,3,59.06,90.843,45.374
26,59,4,69.158,98.93,75.495
26,59,5,4.788,4.63,15.15
26,60,1,59.489,98.475,69.765
26,60,2,3.061,4.893,9.931
26,60,3,54.454,90.427,53.43
26,60,4,64.524,99.026,86.099
26,60,5,5.146,4.968,14.234
26,61,1,58.764,98.975,67.013
26,61,2,3.225,5.239,10.064
26,61,3,53.458,90.357,50.458
26,61,4,64.069,99.476,83.568
26,61,5,5.489,5.294,15.019
26,62,1,59.158,98.833,70.346
26,62,2,3.104,4.997,9.972
26,62,3,54.052,90.614,53.943
26,62,4,64.264,99.414,86.748
26,62,5,5.247,5.056,14.176
26,63,1,55.972,98.8,75.846
26,63,2,3.092,5.258,10.634
26,63,3,50.887,90.151,58.354
26,63,4,61.057,99.383,93.337
26,63,5,5.523,5.322,14.021
26,64,1,62.282,98.678,64.464
26,64,2,3.09,4.722,9.486
26,64,3,57.199,90.911,48.861
26,64,4,67.364,99.255,80.067
26,64,5,4.961,4.785,14.715
26,65,1,54.318,98.486,76.539
26,65,2,3.038,5.315,10.939
26,65,3,49.321,89.743,58.546
26,65,4,59.315,99.124,94.533
26,65,5,5.593,5.397,14.292
26,66,1,56.793,98.271,66.511
26,66,2,3.054,5.11,6.932
26,66,3,51.77,89.866,55.109
26,66,4,61.817,98.582,77.914
26,66,5,5.377,5.2,10.423
26,67,1,56.825,98.578,72.701
26,67,2,3.05,5.104,10.478
26,67,3,51.807,90.183,55.467
26,67,4,61.842,99.191,89.935
26,67,5,5.368,5.177,14.412
26,68,1,57.146,98.584,74.895
26,68,2,3.209,5.356,7.504
26,68,3,51.867,89.775,62.552
26,68,4,62.424,99.253,87.238
26,68,5,5.616,5.433,10.019
26,69,1,57.541,98.583,62.21
26,69,2,3.015,4.977,10.133
26,69,3,52.582,90.397,45.542
26,69,4,62.5,98.959,78.878
26,69,5,5.24,5.049,16.289
26,70,1,61.659,98.419,59.769
26,70,2,3.01,4.636,9.427
26,70,3,56.707,90.794,44.264
26,70,4,66.61,98.665,75.274
26,70,5,4.882,4.71,15.772
26,71,1,59.132,97.796,56.829
26,71,2,2.517,4.118,6.301
26,71,3,54.991,91.023,46.465
26,71,4,63.273,98.029,67.193
26,71,5,4.257,4.211,11.087
26,72,1,61.086,98.049,67.689
26,72,2,3.006,4.671,9.578
26,72,3,56.141,90.367,51.935
26,72,4,66.031,98.312,83.443
26,72,5,4.922,4.764,14.15
27,0,1,58.706,96.171,62.118
27,0,2,0.728,0.359,0.928
27,0,3,57.509,95.58,60.592
27,0,4,59.904,96.762,63.644
27,0,5,1.24,0.374,1.494
27,1,1,59.304,98.627,75.286
27,1,2,2.767,4.418,6.204
27,1,3,54.753,91.36,65.082
27,1,4,63.854,98.742,85.49
27,1,5,4.665,4.479,8.24
27,2,1,56.863,97.199,62.339
27,2,2,2.14,3.645,5.631
27,2,3,53.343,91.204,53.077
27,2,4,60.384,97.284,71.602
27,2,5,3.764,3.75,9.033
27,3,1,59.81,97.691,73.661
27,3,2,2.703,4.38,8.229
27,3,3,55.364,90.486,60.125
27,3,4,64.256,97.803,87.197
27,3,5,4.519,4.484,11.172
27,4,1,61.638,95.666,49.599
27,4,2,0.828,1.355,2.132
27,4,3,60.275,93.438,46.092
27,4,4,63,97.895,53.105
27,4,5,1.344,1.416,4.298
27,5,1,57.46,95.725,69.386
27,5,2,1.498,2.571,3.66
27,5,3,54.996,91.495,63.366
27,5,4,59.924,99.955,75.406
27,5,5,2.607,2.686,5.275
27,6,1,58.66,97.378,73.371
27,6,2,2.043,3.282,3.987
27,6,3,55.299,91.981,66.813
27,6,4,62.02,97.485,79.93
27,6,5,3.483,3.37,5.434
27,7,1,64.472,95.236,73.061
27,7,2,1.542,3.134,4.726
27,7,3,61.935,90.081,65.287
27,7,4,67.01,95.512,80.835
27,7,5,2.392,3.291,6.469
27,8,1,54.97,96.737,68.897
27,8,2,1.495,2.966,5.566
27,8,3,52.512,91.859,59.742
27,8,4,57.429,96.843,78.052
27,8,5,2.719,3.066,8.079
27,9,1,57.455,96.376,64.212
27,9,2,1.497,3.223,2.797
27,9,3,54.994,91.074,59.612
27,9,4,59.917,96.608,68.811
27,9,5,2.605,3.345,4.355
27,10,1,55.499,97.811,59.455
27,10,2,2.243,4.04,5.664
27,10,3,51.809,91.166,50.139
27,10,4,59.189,97.932,68.771
27,10,5,4.042,4.13,9.526
27,11,1,58.615,96.469,76.998
27,11,2,1.011,1.055,0.34
27,11,3,56.952,94.734,76.439
27,11,4,60.277,98.204,77.557
27,11,5,1.724,1.093,0.442
27,12,1,55.939,92.517,70.186
27,12,2,1.246,1.541,3.732
27,12,3,53.89,89.983,64.047
27,12,4,57.988,95.051,76.325
27,12,5,2.227,1.665,5.318
27,13,1,60.575,95.457,63.662
27,13,2,1.782,3.098,4.081
27,13,3,57.644,90.361,56.95
27,13,4,63.506,95.588,70.374
27,13,5,2.941,3.246,6.41
27,14,1,55.885,96.709,43.466
27,14,2,0.947,2.711,0.058
27,14,3,54.327,92.25,43.371
27,14,4,57.443,96.852,43.561
27,14,5,1.695,2.803,0.133
27,15,1,51.017,99.724,78.571
27,15,2,2.128,4.081,4.215
27,15,3,47.517,93.012,71.638
27,15,4,54.518,99.781,85.504
27,15,5,4.172,4.092,5.365
27,16,1,56.406,94.724,77.959
27,16,2,1.134,0.054,2.956
27,16,3,54.541,94.635,73.097
27,16,4,58.271,94.812,82.82
27,16,5,2.01,0.057,3.791
27,17,1,62.122,97.685,79.777
27,17,2,2.464,3.716,6.209
27,17,3,58.069,91.574,69.565
27,17,4,66.175,97.827,89.99
27,17,5,3.966,3.804,7.783
28,0,1,59.653,97.232,44.12
28,0,2,0.554,0.232,1.127
28,0,3,58.742,96.85,42.267
28,0,4,60.563,97.613,45.973
28,0,5,0.928,0.239,2.553
28,1,1,56.667,98.899,72.076
28,1,2,2.99,5.021,10.449
28,1,3,51.749,90.641,54.889
28,1,4,61.585,99.138,89.262
28,1,5,5.276,5.077,14.497
28,2,1,55.64,98.453,66.846
28,2,2,2.814,4.856,9.419
28,2,3,51.011,90.465,51.353
28,2,4,60.268,98.628,82.34
28,2,5,5.057,4.933,14.091
28,3,1,61.495,95.735,46.919
28,3,2,1.151,1.8,3.083
28,3,3,59.602,92.774,41.847
28,3,4,63.387,98.696,51.99
28,3,5,1.871,1.88,6.571
28,4,1,53.437,99.272,77.654
28,4,2,2.577,4.68,7.407
28,4,3,49.198,91.575,65.47
28,4,4,57.676,99.475,89.838
28,4,5,4.823,4.714,9.539
28,5,1,54.926,99.078,83.126
28,5,2,3.051,5.294,10.799
28,5,3,49.907,90.37,65.364
28,5,4,59.944,99.388,84.646
28,5,5,5.555,5.343,12.991
28,6,1,58.529,99.174,99.761
28,6,2,2.647,4.395,6.826
28,6,3,54.175,91.946,88.532
28,6,4,62.883,99.405,99.872
28,6,5,4.523,4.431,6.843
28,7,1,62.213,98.604,56.796
28,7,2,3.03,4.638,9.613
28,7,3,57.229,90.975,40.984
28,7,4,67.197,98.804,72.609
28,7,5,4.87,4.704,16.926
28,8,1,57.03,98.594,76.988
28,8,2,3.038,5.074,10.427
28,8,3,52.032,90.247,59.837
28,8,4,62.027,99.004,94.138
28,8,5,5.328,5.147,13.544
28,9,1,52.95,96.991,41.577
28,9,2,1.294,2.429,2.651
28,9,3,50.821,92.995,37.216
28,9,4,55.079,97.084,45.938
28,9,5,2.445,2.505,6.377
28,10,1,54.834,98.887,87.173
28,10,2,3.008,5.222,10.87
28,10,3,49.887,90.298,69.293
28,10,4,59.781,99.393,89.231
28,10,5,5.485,5.28,12.47
28,11,1,56.958,98.634,77.476
28,11,2,2.606,4.44,7.007
28,11,3,52.672,91.33,65.95
28,11,4,61.244,98.918,89.002
28,11,5,4.575,4.502,9.045
28,12,1,58.515,98.381,68.044
28,12,2,2.971,4.829,10.121
28,12,3,53.628,90.438,51.396
28,12,4,63.403,98.529,84.692
28,12,5,5.078,4.908,14.875
28,13,1,55.139,98.947,78.95
28,13,2,2.495,4.395,1.061
28,13,3,51.034,91.719,77.204
28,13,4,59.243,99.141,80.696
28,13,5,4.526,4.441,1.344
28,14,1,68.566,98.398,62.687
28,14,2,3.234,4.51,9.167
28,14,3,63.246,90.979,47.609
28,14,4,73.885,98.791,77.766
28,14,5,4.717,4.584,14.624
28,15,1,64.016,99.162,72.26
28,15,2,1.188,0.926,5.992
28,15,3,62.061,97.638,62.404
28,15,4,65.971,99.318,82.116
28,15,5,1.857,0.934,8.292
28,16,1,52.432,99.265,78.123
28,16,2,2.582,4.969,4.912
28,16,3,48.185,91.091,70.043
28,16,4,56.679,99.417,86.202
28,16,5,4.925,5.006,6.287
28,17,1,57.593,99.115,57.247
28,17,2,2.782,4.546,0.535
28,17,3,53.016,91.637,56.367
28,17,4,62.17,99.285,58.127
28,17,5,4.831,4.587,0.934
28,18,1,57.652,98.582,65.363
28,18,2,2.982,4.92,10.311
28,18,3,52.748,90.49,48.402
28,18,4,62.556,98.91,82.324
28,18,5,5.172,4.99,15.776
28,19,1,52.614,99.121,90.337
28,19,2,3.035,5.495,7.312
28,19,3,47.622,90.083,78.31
28,19,4,57.605,99.3,90.972
28,19,5,5.768,5.543,8.094
28,20,1,48.368,99.289,100
28,20,2,3.071,6.054,11.47
28,20,3,43.317,89.331,81.133
28,20,4,53.419,99.656,100
28,20,5,6.349,6.097,11.47
28,21,1,54.612,97.02,66.086
28,21,2,2.263,3.477,0.275
28,21,3,50.89,91.301,65.633
28,21,4,58.334,97.148,66.539
28,21,5,4.143,3.584,0.417
28,22,1,62.64,95.484,41.177
28,22,2,1.518,2.293,3.328
28,22,3,60.144,91.712,35.703
28,22,4,65.137,99.255,46.651
28,22,5,2.423,2.401,8.082
28,23,1,52.604,98.654,80.806
28,23,2,3.008,5.443,11.312
28,23,3,47.657,89.701,62.199
28,23,4,57.552,99.049,99.413
28,23,5,5.718,5.517,13.999
28,24,1,61.462,98.146,74.475
28,24,2,3.068,4.757,9.75
28,24,3,56.416,90.322,58.438
28,24,4,66.509,98.499,90.511
28,24,5,4.992,4.846,13.091
28,25,1,63.22,98.709,52.992
28,25,2,2.826,4.301,6.387
28,25,3,58.571,91.635,42.485
28,25,4,67.87,98.859,63.498
28,25,5,4.471,4.357,12.053
28,26,1,56.544,99.349,91.745
28,26,2,3.04,5.123,10.428
28,26,3,51.544,90.923,74.592
28,26,4,61.544,99.624,92.894
28,26,5,5.376,5.156,11.366
28,27,1,62.032,98.692,33.168
28,27,2,1.7,2.668,3.061
28,27,3,59.236,94.304,28.133
28,27,4,64.829,98.733,38.204
28,27,5,2.741,2.703,9.23
28,28,1,59.808,98.923,76.303
28,28,2,3.011,4.793,9.887
28,28,3,54.856,91.04,60.04
28,28,4,64.76,99.277,92.566
28,28,5,5.034,4.845,12.958
28,29,1,56,98.928,68.215
28,29,2,3.01,5.117,10.542
28,29,3,51.049,90.511,50.875
28,29,4,60.951,99.133,85.556
28,29,5,5.375,5.172,15.454
28,30,1,54.872,99.324,72.801
28,30,2,2.571,4.558,7.032
28,30,3,50.643,91.828,61.234
28,30,4,59.1,99.484,84.368
28,30,5,4.685,4.589,9.66
28,31,1,54.494,99.049,88.389
28,31,2,3.002,5.245,10.827
28,31,3,49.556,90.422,70.58
28,31,4,59.433,99.491,90.25
28,31,5,5.51,5.295,12.25
28,32,1,60.606,97.736,35.215
28,32,2,0.853,1.373,1.314
28,32,3,59.204,95.478,33.053
28,32,4,62.008,99.994,37.376
28,32,5,1.407,1.405,3.732
28,33,1,59.963,98.748,41.585
28,33,2,1.872,3.248,3.932
28,33,3,56.885,93.406,35.119
28,33,4,63.042,98.821,48.052
28,33,5,3.121,3.289,9.454
28,34,1,52.277,99.091,86.939
28,34,2,3.068,5.594,11.371
28,34,3,47.232,89.89,68.236
28,34,4,57.323,99.338,87.973
28,34,5,5.868,5.645,13.079
28,35,1,57.774,98.579,64.88
28,35,2,2.975,4.898,10.257
28,35,3,52.88,90.522,48.009
28,35,4,62.668,98.704,81.752
28,35,5,5.15,4.969,15.809
28,36,1,58.119,98.63,87.886
28,36,2,3.021,4.95,10.294
28,36,3,53.149,90.489,70.954
28,36,4,63.089,99.345,90.502
28,36,5,5.199,5.018,11.713
28,37,1,54.596,99.318,65.129
28,37,2,2.508,4.471,6.863
28,37,3,50.47,91.963,53.839
28,37,4,58.722,99.442,76.418
28,37,5,4.594,4.502,10.538
28,38,1,57.116,95.626,41.965
28,38,2,1.137,1.987,2.033
28,38,3,55.247,92.357,38.622
28,38,4,58.986,98.894,45.309
28,38,5,1.99,2.078,4.844
28,39,1,58.409,98.758,68.132
28,39,2,2.516,4.2,6.397
28,39,3,54.271,91.849,57.61
28,39,4,62.548,98.915,78.654
28,39,5,4.307,4.253,9.389
28,40,1,67.902,99.983,53.072
28,40,2,0.229,0.337,5.26
28,40,3,67.525,99.428,44.419
28,40,4,68.279,99.992,61.725
28,40,5,0.337,0.337,9.912
28,41,1,58.885,97.533,43.74
28,41,2,1.563,2.699,4.108
28,41,3,56.313,93.093,36.983
28,41,4,61.456,97.596,50.498
28,41,5,2.655,2.768,9.393
28,42,1,52.633,98.026,79.493
28,42,2,2.644,4.882,7.761
28,42,3,48.284,89.996,66.728
28,42,4,56.982,98.468,92.258
28,42,5,5.023,4.98,9.763
28,43,1,48.628,89.828,76.52
28,43,2,0.896,0.097,10.314
28,43,3,47.154,89.669,59.554
28,43,4,50.102,89.986,93.485
28,43,5,1.843,0.107,13.479
29,0,1,60.76,96.754,70.213
29,0,2,0.594,0.314,0.901
29,0,3,59.782,96.237,68.731
29,0,4,61.738,97.27,71.696
29,0,5,0.978,0.324,1.284
29,1,1,59.4,96.197,65.469
29,1,2,2.235,3.813,6.44
29,1,3,55.725,89.925,54.876
29,1,4,63.076,96.607,76.063
29,1,5,3.762,3.964,9.837
29,2,1,61.833,95.263,61.414
29,2,2,1.947,3.441,5.896
29,2,3,58.63,89.603,51.716
29,2,4,65.035,95.648,71.112
29,2,5,3.148,3.613,9.601
29,3,1,55.486,97.395,71.994
29,3,2,2.988,5.101,10.966
29,3,3,50.571,89.005,53.958
29,3,4,60.401,97.84,90.031
29,3,5,5.385,5.237,15.231
29,4,1,57.711,96.155,85.103
29,4,2,2.368,4.114,4.694
29,4,3,53.816,89.389,77.382
29,4,4,61.605,96.499,92.823
29,4,5,4.103,4.278,5.516
29,5,1,60.925,95.324,59.622
29,5,2,1.689,2.696,3.431
29,5,3,58.146,90.889,53.978
29,5,4,63.703,99.758,65.266
29,5,5,2.773,2.828,5.755
29,6,1,62.022,95.992,74.955
29,6,2,2.274,3.421,5.305
29,6,3,58.281,90.365,66.23
29,6,4,65.763,96.196,83.68
29,6,5,3.667,3.564,7.077
29,7,1,61.368,96.968,82.478
29,7,2,2.212,4.137,7.06
29,7,3,57.73,90.163,70.865
29,7,4,65.007,97.272,94.09
29,7,5,3.605,4.266,8.56
29,8,1,61.038,94.119,82.188
29,8,2,1.914,2.459,3.486
29,8,3,57.89,90.073,76.454
29,8,4,64.186,98.164,87.922
29,8,5,3.136,2.613,4.242
29,9,1,59.095,97.082,69.878
29,9,2,2.982,4.775,7.009
29,9,3,54.19,89.228,58.35
29,9,4,64,97.575,81.406
29,9,5,5.046,4.919,10.03
29,10,1,61.518,98.373,70.662
29,10,2,2.604,4.086,7.508
29,10,3,57.235,91.652,58.312
29,10,4,65.802,98.481,83.011
29,10,5,4.233,4.154,10.625
29,11,1,57.626,96.408,81.321
29,11,2,2.59,4.324,7.266
29,11,3,53.366,89.297,69.37
29,11,4,61.885,97.028,93.273
29,11,5,4.494,4.485,8.935
29,12,1,51.386,99.286,83.571
29,12,2,0.865,2.694,0.066
29,12,3,49.964,94.855,83.463
29,12,4,52.808,99.486,83.679
29,12,5,1.683,2.713,0.079
29,13,1,60.469,96.851,67.409
29,13,2,2.085,3.073,5.854
29,13,3,57.04,91.796,57.78
29,13,4,63.898,96.984,77.038
29,13,5,3.448,3.173,8.684
29,14,1,59.417,97.805,64.354
29,14,2,2.964,4.726,6.616
29,14,3,54.541,90.031,53.471
29,14,4,64.293,98.078,75.237
29,14,5,4.989,4.832,10.281
29,15,1,58.457,95.291,69.502
29,15,2,1.876,2.63,6.413
29,15,3,55.371,90.965,58.954
29,15,4,61.544,99.617,80.05
29,15,5,3.21,2.76,9.226
29,16,1,61.773,97.984,80.041
29,16,2,2.985,4.582,9.727
29,16,3,56.863,90.448,64.042
29,16,4,66.683,98.336,96.04
29,16,5,4.833,4.676,12.152
29,17,1,63.216,97.999,87.68
29,17,2,2.659,4.04,5.745
29,17,3,58.843,91.353,78.231
29,17,4,67.589,98.288,97.129
29,17,5,4.206,4.123,6.552
29,18,1,62.904,96.474,65.269
29,18,2,2.094,3.371,5.507
29,18,3,59.459,90.93,56.21
29,18,4,66.349,96.688,74.327
29,18,5,3.329,3.494,8.437
29,19,1,68.372,98.263,71.1
29,19,2,2.022,2.892,6.843
29,19,3,65.045,93.507,59.844
29,19,4,71.698,98.45,82.356
29,19,5,2.958,2.943,9.625
29,20,1,60.021,97.466,81.114
29,20,2,2.721,4.24,7.819
29,20,3,55.546,90.492,68.253
29,20,4,64.497,97.834,93.976
29,20,5,4.534,4.35,9.64
29,21,1,53.065,95.395,82.204
29,21,2,0.287,0.91,1.921
29,21,3,52.593,93.898,79.044
29,21,4,53.537,96.893,85.364
29,21,5,0.541,0.954,2.337
29,22,1,66.163,98.491,50.598
29,22,2,1.666,2.378,5.773
29,22,3,63.423,94.58,41.102
29,22,4,68.904,98.807,60.093
29,22,5,2.518,2.414,11.409
29,23,1,62.541,96.875,72.228
29,23,2,1.693,2.995,4.004
29,23,3,59.756,91.948,65.642
29,23,4,65.326,97.119,78.813
29,23,5,2.708,3.092,5.543
29,24,1,56.467,94.887,68.554
29,24,2,1.247,2.407,4.17
29,24,3,54.416,90.928,61.695
29,24,4,58.517,98.846,75.414
29,24,5,2.208,2.537,6.083
29,25,1,68.461,97.68,84.563
29,25,2,1.356,1.881,2.815
29,25,3,66.231,94.586,79.934
29,25,4,70.691,97.797,89.193
29,25,5,1.98,1.926,3.328
29,26,1,58.981,95.12,70.668
29,26,2,2.043,2.695,8.802
29,26,3,55.62,90.687,56.19
29,26,4,62.342,99.553,85.146
29,26,5,3.464,2.833,12.456
29,27,1,55,99.114,67.82
29,27,2,1.87,3.472,1.745
29,27,3,51.924,93.403,64.949
29,27,4,58.076,99.302,70.691
29,27,5,3.4,3.503,2.574
29,28,1,61.161,96.732,70.439
29,28,2,2.054,3.283,4.084
29,28,3,57.782,91.333,63.722
29,28,4,64.541,96.993,77.156
29,28,5,3.359,3.394,5.797
29,29,1,55.242,97.332,68.588
29,29,2,2.989,5.125,10.999
29,29,3,50.325,88.903,50.496
29,29,4,60.159,97.662,86.68
29,29,5,5.411,5.266,16.037
29,30,1,60.108,97.861,83.985
29,30,2,2.976,4.692,10.026
29,30,3,55.212,90.143,67.493
29,30,4,65.003,98.132,84.763
29,30,5,4.951,4.795,11.938
29,31,1,61.474,96.069,64.735
29,31,2,2.086,3.298,5.898
29,31,3,58.043,90.644,55.034
29,31,4,64.905,96.311,74.437
29,31,5,3.393,3.433,9.111
29,32,1,60.348,97.102,78.341
29,32,2,2.816,4.359,7.631
29,32,3,55.716,89.932,65.789
29,32,4,64.98,97.428,90.892
29,32,5,4.666,4.489,9.741
29,33,1,61.942,96.466,58.149
29,33,2,1.773,2.859,3.833
29,33,3,59.026,91.763,51.844
29,33,4,64.859,96.598,64.453
29,33,5,2.863,2.964,6.592
29,34,1,55.984,98.62,73.653
29,34,2,1.692,2.913,3.012
29,34,3,53.2,93.827,68.7
29,34,4,58.768,98.752,78.607
29,34,5,3.023,2.954,4.089
29,35,1,61.086,98.584,80.949
29,35,2,2.203,3.524,5.254
29,35,3,57.462,92.789,72.306
29,35,4,64.71,98.905,89.591
29,35,5,3.607,3.574,6.491
29,36,1,59.768,97.4,68.685
29,36,2,1.464,2.445,4.658
29,36,3,57.36,93.379,61.023
29,36,4,62.176,97.641,76.346
29,36,5,2.449,2.51,6.782
29,37,1,57.861,97.808,83.766
29,37,2,2.582,4.313,6.968
29,37,3,53.614,90.713,72.304
29,37,4,62.109,98.163,95.228
29,37,5,4.463,4.41,8.319
29,38,1,60.371,96.367,63.658
29,38,2,2.531,4.182,7.213
29,38,3,56.208,89.489,51.794
29,38,4,64.534,96.689,75.521
29,38,5,4.192,4.34,11.33
29,39,1,61.99,95.504,63.936
29,39,2,2.572,3.861,5.762
29,39,3,57.759,89.153,54.458
29,39,4,66.221,95.808,73.414
29,39,5,4.15,4.043,9.012
29,40,1,52.234,95.042,77.291
29,40,2,2.136,3.97,6.239
29,40,3,48.722,88.511,67.028
29,40,4,55.747,95.563,87.553
29,40,5,4.088,4.177,8.072
29,41,1,61.084,96.497,64.702
29,41,2,1.797,2.864,5.311
29,41,3,58.127,91.786,55.966
29,41,4,64.04,96.731,73.438
29,41,5,2.942,2.968,8.209
29,42,1,60.842,93.805,60.068
29,42,2,2.039,2.323,3.835
29,42,3,57.489,89.983,53.76
29,42,4,64.196,97.626,66.376
29,42,5,3.351,2.477,6.384
29,43,1,56.188,95.689,61.291
29,43,2,1.814,3.171,5.351
29,43,3,53.203,90.472,52.49
29,43,4,59.172,95.927,70.093
29,43,5,3.229,3.314,8.73
29,44,1,60.565,97.701,64.532
29,44,2,1.874,2.994,3.865
29,44,3,57.482,92.776,58.175
29,44,4,63.648,97.862,70.889
29,44,5,3.094,3.064,5.989
29,45,1,61.614,97.866,86.592
29,45,2,2.986,4.593,9.777
29,45,3,56.703,90.311,70.511
29,45,4,66.526,98.273,87.679
29,45,5,4.846,4.694,11.291
29,46,1,60.94,97.789,89.736
29,46,2,2.983,4.639,9.873
29,46,3,56.034,90.159,73.498
29,46,4,65.847,98.255,90.806
29,46,5,4.895,4.743,11.002
29,47,1,62.29,97.807,88.405
29,47,2,2.984,4.539,9.683
29,47,3,57.382,90.34,72.479
29,47,4,67.197,98.336,89.718
29,47,5,4.79,4.641,10.953
29,48,1,62.464,97.311,63.61
29,48,2,2.992,4.535,9.896
29,48,3,57.543,89.852,47.332
29,48,4,67.384,98.117,79.889
29,48,5,4.789,4.66,15.558
29,49,1,62.659,97.397,75.988
29,49,2,2.899,4.396,8.449
29,49,3,57.891,90.166,62.091
29,49,4,67.427,97.842,89.885
29,49,5,4.626,4.513,11.119
29,50,1,57.579,98.191,71.891
29,50,2,2.341,4.056,6.818
29,50,3,53.729,91.519,60.676
29,50,4,61.429,98.472,83.106
29,50,5,4.065,4.131,9.484
29,51,1,52.274,96.768,74.177
29,51,2,2.041,3.116,8.231
29,51,3,48.917,91.643,60.639
29,51,4,55.631,97.413,87.716
29,51,5,3.905,3.22,11.096
29,52,1,60.277,97.766,88.934
29,52,2,2.977,4.679,9.994
29,52,3,55.38,90.07,72.496
29,52,4,65.173,98.176,89.9
29,52,5,4.938,4.786,11.237
29,53,1,68.034,97.712,76.033
29,53,2,2.808,3.905,5.393
29,53,3,63.415,91.288,67.163
29,53,4,72.652,98.07,84.904
29,53,5,4.127,3.997,7.092
29,54,1,59.003,95.967,66.124
29,54,2,1.917,3.03,3.68
29,54,3,55.851,90.983,60.071
29,54,4,62.156,96.556,72.177
29,54,5,3.248,3.157,5.565
29,55,1,58.05,98.132,90.38
29,55,2,2.977,4.863,10.298
29,55,3,53.153,90.134,73.442
29,55,4,62.947,98.649,91.655
29,55,5,5.128,4.955,11.394
29,56,1,57.802,98.902,72.828
29,56,2,2.557,4.273,6.935
29,56,3,53.597,91.873,61.421
29,56,4,62.007,99.156,84.235
29,56,5,4.423,4.321,9.522
29,57,1,60.211,98.269,84.986
29,57,2,2.985,4.704,9.939
29,57,3,55.3,90.532,68.638
29,57,4,65.121,98.677,86.29
29,57,5,4.958,4.787,11.695
29,58,1,61.183,97.406,88.504
29,58,2,2.692,3.702,5.079
29,58,3,56.755,91.316,80.149
29,58,4,65.611,97.768,96.858
29,58,5,4.4,3.801,5.739
29,59,1,67.883,97.57,86.656
29,59,2,2.309,3.311,5.545
29,59,3,64.086,92.124,77.534
29,59,4,71.681,97.946,95.777
29,59,5,3.401,3.393,6.399
29,60,1,66.02,95.215,65.713
29,60,2,1.571,3.406,8.367
29,60,3,63.435,89.613,51.95
29,60,4,68.604,95.849,79.475
29,60,5,2.38,3.577,12.733
30,0,1,54.764,97.583,68.446
30,0,2,0.759,0.319,1.196
30,0,3,53.516,97.058,66.479
30,0,4,56.013,98.108,70.414
30,0,5,1.386,0.327,1.748
30,1,1,59.218,97.761,74.27
30,1,2,2.921,4.674,10.022
30,1,3,54.414,90.074,57.785
30,1,4,64.023,98.111,90.756
30,1,5,4.933,4.781,13.495
30,2,1,65.678,97.821,92.127
30,2,2,2.981,4.307,9.104
30,2,3,60.774,90.736,77.151
30,2,4,70.582,98.351,93.201
30,2,5,4.54,4.403,9.882
30,3,1,55.841,98.919,65.154
30,3,2,2.327,4.07,6.108
30,3,3,52.013,92.224,55.106
30,3,4,59.669,99.007,75.201
30,3,5,4.167,4.115,9.375
30,4,1,49.408,99.202,49.121
30,4,2,2.369,4.67,7.26
30,4,3,45.511,91.52,37.179
30,4,4,53.305,99.308,61.063
30,4,5,4.795,4.708,14.78
30,5,1,54.936,97.991,83.917
30,5,2,2.931,5.06,10.767
30,5,3,50.114,89.668,66.207
30,5,4,59.758,98.431,85.264
30,5,5,5.336,5.164,12.831
30,6,1,56.262,98.807,72.75
30,6,2,2.46,4.245,6.682
30,6,3,52.216,91.825,61.76
30,6,4,60.308,98.98,83.741
30,6,5,4.372,4.296,9.184
30,7,1,57.474,99.866,88.073
30,7,2,0.597,1.037,4.44
30,7,3,56.492,98.16,80.769
30,7,4,58.456,99.944,95.376
30,7,5,1.039,1.038,5.042
30,8,1,53.328,98.086,91.845
30,8,2,2.928,5.207,11.029
30,8,3,48.513,89.522,73.705
30,8,4,58.144,98.426,92.584
30,8,5,5.49,5.309,12.008
30,9,1,53.363,97.858,69.687
30,9,2,2.919,5.185,11.084
30,9,3,48.562,89.329,51.456
30,9,4,58.165,98.067,87.917
30,9,5,5.47,5.299,15.905
30,10,1,57.127,98.888,87.059
30,10,2,2.373,4.051,6.102
30,10,3,53.223,92.224,77.022
30,10,4,61.03,98.991,97.095
30,10,5,4.154,4.097,7.009
30,11,1,53.397,99.066,63.104
30,11,2,2.331,4.247,6.54
30,11,3,49.564,92.081,52.347
30,11,4,57.231,99.162,73.862
30,11,5,4.365,4.287,10.364
30,12,1,51.593,97.679,77.638
30,12,2,2.936,5.394,11.466
30,12,3,46.764,88.807,58.777
30,12,4,56.422,98.081,96.499
30,12,5,5.69,5.522,14.769
30,13,1,55.337,97.875,54.345
30,13,2,2.916,4.994,6.785
30,13,3,50.541,89.66,43.184
30,13,4,60.134,98.085,65.506
30,13,5,5.269,5.103,12.486
30,14,1,56.471,97.156,84.379
30,14,2,1.988,3.828,0.259
30,14,3,53.201,90.859,83.953
30,14,4,59.741,97.342,84.804
30,14,5,3.521,3.941,0.307
30,15,1,53.325,97.618,75.889
30,15,2,2.928,5.203,11.09
30,15,3,48.509,89.059,57.647
30,15,4,58.142,97.82,94.131
30,15,5,5.491,5.33,14.614
30,16,1,61.602,98.085,56.605
30,16,2,2.469,3.889,6.074
30,16,3,57.541,91.689,46.614
30,16,4,65.662,98.268,66.597
30,16,5,4.007,3.965,10.731
30,17,1,52.658,97.931,75.764
30,17,2,2.926,5.268,11.22
30,17,3,47.845,89.265,57.309
30,17,4,57.47,98.408,94.219
30,17,5,5.556,5.38,14.809
30,18,1,53.034,98.42,100
30,18,2,2.95,5.282,10.115
30,18,3,48.181,89.731,83.362
30,18,4,57.887,99.058,100
30,18,5,5.563,5.367,10.115
30,19,1,53.027,98.414,98.812
30,19,2,2.973,5.326,11
30,19,3,48.137,89.653,80.719
30,19,4,57.918,98.793,99.137
30,19,5,5.607,5.412,11.132
30,20,1,54.587,97.921,91.359
30,20,2,2.939,5.106,10.82
30,20,3,49.753,89.523,73.561
30,20,4,59.421,98.252,92.066
30,20,5,5.384,5.214,11.843
30,21,1,55.556,97.569,68.273
30,21,2,2.911,4.963,10.687
30,21,3,50.768,89.406,50.694
30,21,4,60.345,97.811,85.851
30,21,5,5.24,5.086,15.653
30,22,1,58.325,97.335,63.277
30,22,2,2.908,4.718,6.564
30,22,3,53.543,89.575,52.48
30,22,4,63.108,97.595,74.074
30,22,5,4.985,4.847,10.373
30,23,1,53.628,97.78,81.442
30,23,2,2.919,5.158,11.009
30,23,3,48.826,89.295,63.334
30,23,4,58.429,97.949,99.55
30,23,5,5.443,5.276,13.517
30,24,1,58.067,97.696,83.362
30,24,2,2.927,4.776,10.224
30,24,3,53.253,89.84,66.545
30,24,4,62.882,97.976,84.152
30,24,5,5.041,4.889,12.264
30,25,1,54.386,98.024,94.378
30,25,2,2.925,5.1,10.878
30,25,3,49.575,89.636,76.484
30,25,4,59.198,98.247,94.765
30,25,5,5.379,5.203,11.526
30,26,1,58.498,98.347,69.063
30,26,2,2.44,4.05,6.383
30,26,3,54.484,91.686,58.564
30,26,4,62.511,98.531,79.562
30,26,5,4.171,4.118,9.242
30,27,1,48.964,98.352,95.858
30,27,2,2.949,5.719,11.901
30,27,3,44.114,88.945,76.283
30,27,4,53.815,98.606,96.275
30,27,5,6.023,5.815,12.415
30,28,1,49.584,97.964,42.082
30,28,2,1.544,2.976,3.291
30,28,3,47.044,93.068,36.669
30,28,4,52.124,98.057,47.495
30,28,5,3.114,3.038,7.82
30,29,1,54.797,98.173,93.907
30,29,2,2.939,5.089,10.776
30,29,3,49.962,89.802,76.182
30,29,4,59.632,98.466,94.465
30,29,5,5.364,5.184,11.475
30,30,1,57.564,98.793,61.604
30,30,2,2.405,4.073,6.266
30,30,3,53.608,92.094,51.298
30,30,4,61.52,98.918,71.91
30,30,5,4.178,4.122,10.171
30,31,1,54.532,97.516,80.843
30,31,2,2.926,5.084,10.868
30,31,3,49.718,89.154,62.967
30,31,4,59.345,97.798,98.719
30,31,5,5.366,5.213,13.443
30,32,1,51.479,99.448,88.708
30,32,2,2.393,4.529,6.807
30,32,3,47.543,91.998,77.512
30,32,4,55.416,99.53,99.904
30,32,5,4.649,4.554,7.673
30,33,1,51.563,99.112,80.925
30,33,2,2.469,4.651,7.188
30,33,3,47.502,91.462,69.102
30,33,4,55.624,99.26,92.748
30,33,5,4.788,4.692,8.882
30,34,1,50.125,99.25,80.238
30,34,2,2.479,4.801,11.556
30,34,3,46.048,91.353,61.229
30,34,4,54.202,99.381,99.246
30,34,5,4.945,4.837,14.402
30,35,1,53.779,98.598,90.07
30,35,2,2.937,5.186,10.842
30,35,3,48.948,90.068,72.235
30,35,4,58.61,98.864,90.822
30,35,5,5.461,5.259,12.038
30,36,1,59.825,97.713,81.482
30,36,2,2.92,4.623,9.913
30,36,3,55.022,90.109,65.176
30,36,4,64.627,98.05,97.787
30,36,5,4.88,4.731,12.166
30,37,1,55.148,98.326,96.563
30,37,2,2.923,5.029,10.595
30,37,3,50.339,90.055,79.135
30,37,4,59.957,98.668,97.07
30,37,5,5.301,5.114,10.973
30,38,1,57.267,97.483,63.476
30,38,2,2.906,4.803,10.376
30,38,3,52.488,89.582,46.408
30,38,4,62.046,97.605,80.543
30,38,5,5.074,4.927,16.347
30,39,1,57.405,95.741,52.826
30,39,2,0.738,1.289,1.48
30,39,3,56.191,93.621,50.392
30,39,4,58.62,97.861,55.259
30,39,5,1.286,1.346,2.801
30,40,1,47.247,98.838,50.745
30,40,2,2.433,4.975,1.342
30,40,3,43.246,90.656,48.537
30,40,4,51.248,98.957,52.952
30,40,5,5.149,5.033,2.645
30,41,1,57.707,97.608,93.096
30,41,2,2.925,4.8,10.274
30,41,3,52.897,89.712,76.196
30,41,4,62.518,98.295,94.346
30,41,5,5.068,4.918,11.036
30,42,1,53.74,98.348,89.941
30,42,2,2.929,5.171,10.907
30,42,3,48.922,89.843,72.001
30,42,4,58.557,98.738,90.977
30,42,5,5.45,5.258,12.127
30,43,1,57.532,97.752,83.265
30,43,2,2.924,4.815,10.298
30,43,3,52.723,89.832,66.327
30,43,4,62.341,98.005,83.986
30,43,5,5.082,4.926,12.368
30,44,1,55.273,98.41,68.753
30,44,2,1.876,3.513,4.705
30,44,3,52.187,92.631,61.013
30,44,4,58.358,98.477,76.492
30,44,5,3.394,3.57,6.844
30,45,1,54.033,98.377,78.419
30,45,2,1.736,3.828,5.132
30,45,3,51.177,92.08,69.977
30,45,4,56.888,98.507,86.861
30,45,5,3.213,3.892,6.545
30,46,1,55.82,97.464,84.446
30,46,2,2.921,4.956,10.597
30,46,3,51.015,89.313,67.017
30,46,4,60.625,97.764,85.222
30,46,5,5.233,5.085,12.548
30,47,1,58.065,97.921,81.151
30,47,2,2.92,4.766,10.187
30,47,3,53.262,90.081,64.396
30,47,4,62.868,98.069,97.907
30,47,5,5.029,4.867,12.553
30,48,1,58.756,92.947,68.001
30,48,2,2.087,3.474,3.96
30,48,3,55.323,87.232,61.486
30,48,4,62.189,98.662,74.515
30,48,5,3.552,3.738,5.824
30,49,1,54.969,97.483,67.908
30,49,2,2.909,5.011,10.8
30,49,3,50.184,89.24,50.143
30,49,4,59.754,97.738,85.673
30,49,5,5.292,5.141,15.905
30,50,1,51.232,98.334,92.454
30,50,2,2.928,5.424,11.39
30,50,3,46.415,89.412,73.719
30,50,4,56.048,98.587,93.016
30,50,5,5.716,5.516,12.319
30,51,1,55.364,99.032,76.666
30,51,2,2.44,4.28,0.357
30,51,3,51.35,91.991,76.079
30,51,4,59.379,99.187,77.253
30,51,5,4.408,4.322,0.466
30,52,1,55.617,97.581,68.791
30,52,2,2.908,4.951,10.71
30,52,3,50.834,89.437,51.174
30,52,4,60.4,97.92,86.408
30,52,5,5.229,5.074,15.57
30,53,1,48.582,99.881,60.552
30,53,2,1.246,2.546,2.504
30,53,3,46.533,95.693,56.433
30,53,4,50.631,99.927,64.67
30,53,5,2.564,2.549,4.135
30,54,1,52.03,97.924,79.832
30,54,2,2.935,5.349,11.338
30,54,3,47.203,89.125,61.183
30,54,4,56.858,98.241,98.481
30,54,5,5.641,5.463,14.202
30,55,1,48.984,98.165,86.611
30,55,2,2.946,5.709,11.938
30,55,3,44.138,88.775,66.975
30,55,4,53.829,98.456,87.441
30,55,5,6.014,5.816,13.783
30,56,1,47.992,98.601,99.314
30,56,2,2.957,5.854,12.125
30,56,3,43.129,88.972,79.37
30,56,4,52.855,98.959,99.553
30,56,5,6.161,5.937,12.209
30,57,1,56.427,98.021,89.76
30,57,2,2.922,4.908,10.439
30,57,3,51.622,89.948,72.589
30,57,4,61.233,98.311,90.45
30,57,5,5.178,5.008,11.63
30,58,1,48.159,98.35,85.411
30,58,2,2.954,5.827,12.147
30,58,3,43.3,88.766,65.432
30,58,4,53.019,98.492,85.847
30,58,5,6.134,5.924,14.221
30,59,1,57.277,96.824,70.094
30,59,2,2.932,4.842,10.415
30,59,3,52.455,88.86,52.962
30,59,4,62.1,97.105,87.226
30,59,5,5.119,5.001,14.859
30,60,1,55.087,97.68,84.669
30,60,2,2.919,5.02,10.697
30,60,3,50.285,89.423,67.074
30,60,4,59.888,97.967,85.442
30,60,5,5.299,5.139,12.634
30,61,1,55.312,97.864,55.465
30,61,2,2.891,4.951,6.295
30,61,3,50.557,89.72,45.111
30,61,4,60.067,97.994,65.82
30,61,5,5.227,5.059,11.35
30,62,1,59.034,97.559,82.424
30,62,2,2.919,4.682,10.033
30,62,3,54.233,89.858,65.921
30,62,4,63.835,97.816,98.926
30,62,5,4.944,4.799,12.172
30,63,1,49.545,98.348,91.156
30,63,2,2.954,5.663,11.793
30,63,3,44.685,89.033,71.758
30,63,4,54.404,98.62,91.818
30,63,5,5.963,5.758,12.937
30,64,1,51.962,98.236,94.218
30,64,2,2.931,5.353,11.261
30,64,3,47.141,89.432,75.695
30,64,4,56.784,98.724,95.163
30,64,5,5.641,5.449,11.952
30,65,1,58.825,96.277,67.51
30,65,2,1.815,3.573,5.617
30,65,3,55.84,90.401,58.272
30,65,4,61.81,96.433,76.748
30,65,5,3.085,3.711,8.32
30,66,1,52.643,98.4,82.903
30,66,2,2.914,5.252,11.104
30,66,3,47.85,89.761,64.638
30,66,4,57.436,98.591,83.556
30,66,5,5.536,5.338,13.394
30,67,1,56.427,98.343,94.875
30,67,2,2.942,4.947,10.417
30,67,3,51.589,90.205,77.741
30,67,4,61.266,98.581,95.31
30,67,5,5.213,5.031,10.979
30,68,1,54.134,98.609,55.437
30,68,2,2.323,4.193,6.425
30,68,3,50.313,91.712,44.87
30,68,4,57.955,98.72,66.005
30,68,5,4.291,4.252,11.589
30,69,1,52.593,97.93,78.77
30,69,2,2.938,5.298,11.163
30,69,3,47.761,89.217,60.408
30,69,4,57.425,98.153,97.132
30,69,5,5.586,5.409,14.172
30,70,1,55.031,98.006,100
30,70,2,2.928,5.045,6.806
30,70,3,50.214,89.707,88.805
30,70,4,59.848,98.261,100
30,70,5,5.322,5.148,6.806
30,71,1,58.74,98.775,70
30,71,2,2.358,3.905,5.983
30,71,3,54.861,92.352,60.159
30,71,4,62.619,98.882,79.841
30,71,5,4.015,3.953,8.547
30,72,1,53.227,99.375,83.21
30,72,2,2.475,4.512,7.009
30,72,3,49.156,91.954,71.681
30,72,4,57.299,99.504,94.739
30,72,5,4.65,4.54,8.424
30,73,1,52.394,97.963,72.666
30,73,2,2.909,5.264,11.253
30,73,3,47.609,89.305,54.158
30,73,4,57.18,98.138,91.175
30,73,5,5.553,5.373,15.485
30,74,1,56.235,96.645,63.723
30,74,2,2.937,4.94,10.742
30,74,3,51.404,88.52,46.053
30,74,4,61.066,97.143,81.393
30,74,5,5.223,5.111,16.858
30,75,1,50.435,98.284,86.225
30,75,2,2.935,5.524,11.594
30,75,3,45.607,89.199,67.155
30,75,4,55.263,98.532,86.965
30,75,5,5.82,5.62,13.446
30,76,1,48.817,98.525,97.723
30,76,2,2.948,5.737,11.936
30,76,3,43.968,89.089,78.091
30,76,4,53.667,98.794,98.066
30,76,5,6.039,5.823,12.214
30,77,1,57.677,97.635,70.926
30,77,2,2.907,4.772,10.261
30,77,3,52.896,89.785,54.048
30,77,4,62.459,97.812,87.803
30,77,5,5.04,4.888,14.467
30,78,1,51.424,98.297,91.718
30,78,2,2.948,5.442,11.404
30,78,3,46.575,89.346,72.96
30,78,4,56.273,98.578,92.367
30,78,5,5.732,5.536,12.434
30,79,1,56.936,97.633,90.217
30,79,2,2.923,4.863,10.428
30,79,3,52.128,89.635,73.065
30,79,4,61.743,97.976,90.946
30,79,5,5.133,4.98,11.559
30,80,1,56.567,97.837,78.199
30,80,2,2.915,4.883,10.441
30,80,3,51.773,89.806,61.025
30,80,4,61.361,98.072,95.372
30,80,5,5.153,4.99,13.351
30,81,1,57.895,96.252,73.49
30,81,2,2.969,4.849,10.365
30,81,3,53.012,88.276,56.441
30,81,4,62.779,96.531,90.539
30,81,5,5.128,5.038,14.104
30,82,1,57.631,97.386,67.37
30,82,2,2.908,4.775,10.317
30,82,3,52.849,89.531,50.4
30,82,4,62.414,97.687,84.34
30,82,5,5.045,4.903,15.314
30,83,1,51.369,98.964,89.865
30,83,2,2.258,4.285,4.569
30,83,3,47.655,91.916,82.349
30,83,4,55.084,99.076,97.38
30,83,5,4.396,4.33,5.084
30,84,1,52.574,97.683,77.967
30,84,2,2.932,5.285,11.313
30,84,3,47.752,88.99,59.359
30,84,4,57.397,98.152,96.576
30,84,5,5.576,5.411,14.51
30,85,1,56.738,97.087,60.207
30,85,2,2.355,4.303,8.555
30,85,3,52.863,90.009,46.136
30,85,4,60.612,97.238,74.278
30,85,5,4.152,4.432,14.209
30,86,1,56.213,97.573,53.365
30,86,2,2.9,4.885,6.514
30,86,3,51.443,89.538,42.651
30,86,4,60.984,97.756,64.079
30,86,5,5.159,5.007,12.206
30,87,1,57.538,97.478,51.241
30,87,2,2.057,3.543,5.798
30,87,3,54.155,91.651,41.704
30,87,4,60.921,97.532,60.777
30,87,5,3.574,3.635,11.315
30,88,1,60.339,97.79,85.01
30,88,2,2.948,4.631,9.824
30,88,3,55.49,90.172,68.851
30,88,4,65.187,98.235,86.25
30,88,5,4.885,4.736,11.557
30,89,1,56.196,97.539,75.181
30,89,2,2.924,4.929,10.528
30,89,3,51.386,89.432,57.864
30,89,4,61.006,97.728,92.498
30,89,5,5.204,5.053,14.004
30,90,1,53.507,97.654,75.479
30,90,2,2.915,5.162,11.074
30,90,3,48.711,89.163,57.263
30,90,4,58.302,97.997,93.695
30,90,5,5.449,5.286,14.672
30,91,1,54.563,97.964,77.471
30,91,2,2.909,5.053,10.781
30,91,3,49.778,89.652,59.738
30,91,4,59.348,98.173,95.205
30,91,5,5.331,5.158,13.916
30,92,1,58.482,97.496,74.586
30,92,2,2.911,4.713,10.146
30,92,3,53.693,89.744,57.898
30,92,4,63.271,97.685,91.273
30,92,5,4.978,4.834,13.603
30,93,1,55.387,97.306,76.503
30,93,2,2.919,4.99,10.727
30,93,3,50.585,89.099,58.859
30,93,4,60.189,97.608,94.147
30,93,5,5.27,5.128,14.021
30,94,1,55.464,97.91,78.417
30,94,2,2.61,4.371,5.342
30,94,3,51.171,90.72,69.63
30,94,4,59.757,98.089,87.204
30,94,5,4.706,4.465,6.812
30,95,1,54.231,98.249,87.543
30,95,2,2.93,5.126,10.828
30,95,3,49.411,89.817,69.733
30,95,4,59.05,98.505,88.261
30,95,5,5.403,5.217,12.368
30,96,1,53.286,98.19,100
30,96,2,2.955,5.264,9.519
30,96,3,48.424,89.532,84.342
30,96,4,58.147,98.901,100
30,96,5,5.546,5.361,9.519
30,97,1,53.45,97.995,66.569
30,97,2,2.932,5.203,11.091
30,97,3,48.627,89.437,48.327
30,97,4,58.273,98.234,84.811
30,97,5,5.486,5.309,16.66
30,98,1,57.698,98.336,91.319
30,98,2,2.932,4.822,10.232
30,98,3,52.875,90.405,74.489
30,98,4,62.521,98.84,92.579
30,98,5,5.082,4.903,11.204
30,99,1,58.404,97.777,84.623
30,99,2,2.922,4.741,10.136
30,99,3,53.597,89.979,67.95
30,99,4,63.21,98.042,85.349
30,99,5,5.004,4.849,11.978
30,100,1,53.938,97.275,74.027
30,100,2,2.928,5.14,11.026
30,100,3,49.122,88.82,55.89
30,100,4,58.753,97.53,92.164
30,100,5,5.428,5.284,14.895
30,101,1,55.435,97.082,71.964
30,101,2,2.927,4.997,6.654
30,101,3,50.62,88.862,61.019
30,101,4,60.249,97.299,82.909
30,101,5,5.28,5.148,9.246
30,102,1,55.73,99.137,69.621
30,102,2,2.349,4.069,4.259
30,102,3,51.867,92.445,62.616
30,102,4,59.593,99.205,76.627
30,102,5,4.215,4.104,6.118
30,103,1,52.34,99.51,89.016
30,103,2,2.553,4.745,7.327
30,103,3,48.14,91.706,76.964
30,103,4,56.54,99.657,89.796
30,103,5,4.878,4.768,8.232
30,104,1,54.422,98.11,83.579
30,104,2,2.45,4.678,6.372
30,104,3,50.392,90.415,73.098
30,104,4,58.452,98.366,94.06
30,104,5,4.502,4.768,7.624
30,105,1,57.259,96.503,57.583
30,105,2,2.937,4.85,10.52
30,105,3,52.428,88.525,40.279
30,105,4,62.091,96.647,74.887
30,105,5,5.13,5.026,18.269
30,106,1,60.684,97.988,89.316
30,106,2,2.926,4.571,9.72
30,106,3,55.87,90.469,73.328
30,106,4,65.497,98.445,90.446
30,106,5,4.822,4.665,10.883
30,107,1,55.892,98.189,93.632
30,107,2,2.937,4.985,10.585
30,107,3,51.061,89.989,76.221
30,107,4,60.723,98.756,94.784
30,107,5,5.255,5.077,11.305
30,108,1,55.059,98.106,70.946
30,108,2,2.095,3.753,8.565
30,108,3,51.612,91.932,56.858
30,108,4,58.505,98.193,85.034
30,108,5,3.805,3.826,12.073
30,109,1,52.776,98.945,64.79
30,109,2,2.341,4.325,6.563
30,109,3,48.925,91.831,53.995
30,109,4,56.627,99.044,75.585
30,109,5,4.436,4.371,10.129
30,110,1,54.864,98.174,98.044
30,110,2,2.939,5.082,10.719
30,110,3,50.03,89.815,80.412
30,110,4,59.698,98.48,98.364
30,110,5,5.357,5.176,10.933
30,111,1,55.438,97.56,74.421
30,111,2,2.912,4.974,10.667
30,111,3,50.649,89.378,56.876
30,111,4,60.228,97.851,91.966
30,111,5,5.252,5.099,14.333
30,112,1,59.089,97.72,74.8
30,112,2,2.912,4.668,10.014
30,112,3,54.299,90.041,58.329
30,112,4,63.88,97.95,91.271
30,112,5,4.929,4.777,13.387
30,113,1,55.599,97.781,83.552
30,113,2,2.914,4.965,10.63
30,113,3,50.806,89.614,66.068
30,113,4,60.392,98.285,85.04
30,113,5,5.241,5.078,12.722
30,114,1,52.078,97.976,78.093
30,114,2,2.931,5.337,11.318
30,114,3,47.258,89.197,59.476
30,114,4,56.899,98.308,96.71
30,114,5,5.627,5.447,14.493
30,115,1,53.017,95.282,28.096
30,115,2,2.742,4.736,1.88
30,115,3,48.506,87.492,25.004
30,115,4,57.527,95.562,31.189
30,115,5,5.173,4.97,6.692
30,116,1,58.936,97.258,74.788
30,116,2,2.923,4.695,10.077
30,116,3,54.128,89.536,58.213
30,116,4,63.744,97.553,91.363
30,116,5,4.96,4.827,13.474
30,117,1,49.651,99.144,81.046
30,117,2,2.439,4.775,7.451
30,117,3,45.638,91.289,68.791
30,117,4,53.663,99.292,93.302
30,117,5,4.913,4.816,9.193
30,118,1,54.552,92.312,40.724
30,118,2,2.315,3.826,4.682
30,118,3,50.744,86.02,33.023
30,118,4,58.36,98.605,48.426
30,118,5,4.244,4.144,11.497
30,119,1,55.508,98.086,86.895
30,119,2,2.926,4.999,10.587
30,119,3,50.695,89.864,69.481
30,119,4,60.321,98.503,88.069
30,119,5,5.272,5.096,12.184
30,120,1,59.019,98.057,84.14
30,120,2,2.925,4.698,9.972
30,120,3,54.208,90.329,67.738
30,120,4,63.83,98.368,85.081
30,120,5,4.956,4.791,11.851
30,121,1,54.788,97.971,74.901
30,121,2,2.933,5.076,10.81
30,121,3,49.964,89.622,57.12
30,121,4,59.611,98.195,92.681
30,121,5,5.353,5.181,14.432
30,122,1,58.564,97.755,88.907
30,122,2,2.919,4.722,10.063
30,122,3,53.763,89.988,72.355
30,122,4,63.365,98.017,89.513
30,122,5,4.984,4.83,11.319
30,123,1,51.338,97.448,73.674
30,123,2,2.045,3.91,3.426
30,123,3,47.975,91.017,68.039
30,123,4,54.702,97.58,79.309
30,123,5,3.983,4.012,4.65
30,124,1,51.278,97.168,59.721
30,124,2,2.674,4.889,2.816
30,124,3,46.879,89.127,55.089
30,124,4,55.677,97.275,64.354
30,124,5,5.216,5.032,4.716
30,125,1,57.544,97.485,65.947
30,125,2,2.904,4.777,10.326
30,125,3,52.767,89.627,48.962
30,125,4,62.321,97.697,82.933
30,125,5,5.047,4.901,15.659
30,126,1,50.566,98.562,60.083
30,126,2,2.427,4.67,7.225
30,126,3,46.574,90.879,48.199
30,126,4,54.557,98.722,71.968
30,126,5,4.799,4.739,12.025
30,127,1,54.685,99.014,82.813
30,127,2,2.655,4.699,6.797
30,127,3,50.318,91.284,71.634
30,127,4,59.051,99.168,93.993
30,127,5,4.854,4.746,8.207
30,128,1,62.248,98.19,71.748
30,128,2,1.081,2.624,4.78
30,128,3,60.471,93.874,63.886
30,128,4,64.026,98.305,79.61
30,128,5,1.736,2.673,6.662
30,129,1,51.872,98.455,71.285
30,129,2,2.922,5.347,7.33
30,129,3,47.066,89.66,59.229
30,129,4,56.678,98.682,83.341
30,129,5,5.633,5.431,10.282
30,130,1,54.2,98.319,72.553
30,130,2,2.908,5.09,6.693
30,130,3,49.416,89.947,61.544
30,130,4,58.983,98.48,83.562
30,130,5,5.366,5.177,9.225
30,131,1,53.925,97.696,57.596
30,131,2,2.716,4.826,8.679
30,131,3,49.457,89.757,43.32
30,131,4,58.393,97.78,71.871
30,131,5,5.037,4.94,15.069
30,132,1,59.988,97.921,76.036
30,132,2,2.918,4.61,9.867
30,132,3,55.188,90.339,59.807
30,132,4,64.788,98.162,92.265
30,132,5,4.864,4.708,12.976
30,133,1,54.794,95.894,62.653
30,133,2,2.259,3.983,7.319
30,133,3,51.078,89.343,50.615
30,133,4,58.511,96.102,74.691
30,133,5,4.123,4.153,11.681
30,134,1,51.106,98.405,70.508
30,134,2,2.475,4.705,7.304
30,134,3,47.035,90.665,58.494
30,134,4,55.177,98.605,82.522
30,134,5,4.842,4.782,10.359
30,135,1,61.649,92.022,47.471
30,135,2,2.169,3.904,2.456
30,135,3,58.081,85.6,43.431
30,135,4,65.217,98.445,51.51
30,135,5,3.518,4.243,5.174
30,136,1,58.486,97.508,73.641
30,136,2,2.914,4.718,10.174
30,136,3,53.692,89.747,56.906
30,136,4,63.28,97.907,90.375
30,136,5,4.983,4.839,13.815
30,137,1,55.771,97.821,92.782
30,137,2,2.935,4.988,10.602
30,137,3,50.943,89.616,75.343
30,137,4,60.598,98.265,93.635
30,137,5,5.262,5.099,11.427
30,138,1,53.601,97.532,66.928
30,138,2,2.926,5.172,11.05
30,138,3,48.787,89.024,48.753
30,138,4,58.414,97.717,85.103
30,138,5,5.459,5.303,16.51
30,139,1,51.722,97.732,84.267
30,139,2,2.943,5.394,11.41
30,139,3,46.882,88.859,65.499
30,139,4,56.562,98.18,85.529
30,139,5,5.689,5.52,13.541
30,140,1,57.259,96.988,94.065
30,140,2,2.953,4.882,10.474
30,140,3,52.402,88.958,76.837
30,140,4,62.116,97.696,95.105
30,140,5,5.157,5.034,11.135
30,141,1,52.55,98.828,91.441
30,141,2,2.237,4.17,5.994
30,141,3,48.87,91.968,81.583
30,141,4,56.23,98.896,91.628
30,141,5,4.258,4.22,6.554
30,142,1,54.004,97.548,85.608
30,142,2,2.442,4.386,6.817
30,142,3,49.988,90.334,74.395
30,142,4,58.021,97.761,96.821
30,142,5,4.522,4.496,7.963
30,143,1,51.948,97.632,78.355
30,143,2,2.927,5.339,11.356
30,143,3,47.134,88.85,59.675
30,143,4,56.762,97.793,97.035
30,143,5,5.634,5.469,14.494
30,144,1,56.247,98.321,89.606
30,144,2,2.452,4.246,6.509
30,144,3,52.214,91.337,78.9
30,144,4,60.28,98.495,90.056
30,144,5,4.359,4.318,7.264
30,145,1,56.676,96.922,75.187
30,145,2,2.931,4.894,10.511
30,145,3,51.854,88.872,57.898
30,145,4,61.497,97.244,92.476
30,145,5,5.172,5.049,13.98
30,146,1,57.166,97.6,84.889
30,146,2,2.925,4.846,10.402
30,146,3,52.356,89.629,67.779
30,146,4,61.977,98.166,86.428
30,146,5,5.116,4.965,12.254
30,147,1,57.064,97.793,94.501
30,147,2,2.938,4.881,10.365
30,147,3,52.231,89.765,77.453
30,147,4,61.897,98.031,94.887
30,147,5,5.149,4.991,10.968
30,148,1,55.821,97.738,74.208
30,148,2,2.909,4.937,10.58
30,148,3,51.036,89.617,56.806
30,148,4,60.607,97.95,91.61
30,148,5,5.212,5.051,14.257
30,149,1,50.249,99.517,79.694
30,149,2,2.437,4.722,7.224
30,149,3,46.241,91.75,67.811
30,149,4,54.257,99.613,91.576
30,149,5,4.849,4.745,9.065
30,150,1,56.121,98.942,86.573
30,150,2,2.578,4.459,6.89
30,150,3,51.881,91.608,75.24
30,150,4,60.36,99.157,97.906
30,150,5,4.593,4.507,7.958
30,151,1,51.345,98.069,79.901
30,151,2,2.951,5.455,11.501
30,151,3,46.491,89.097,60.984
30,151,4,56.199,98.294,98.817
30,151,5,5.748,5.562,14.394
30,152,1,53.672,98.175,78.379
30,152,2,2.952,5.221,11.017
30,152,3,48.816,89.588,60.259
30,152,4,58.528,98.467,96.5
30,152,5,5.5,5.318,14.056
30,153,1,48.33,99.229,94.204
30,153,2,2.628,5.285,8.191
30,153,3,44.008,90.536,80.731
30,153,4,52.653,99.489,94.999
30,153,5,5.437,5.326,8.695
30,154,1,50.43,97.986,89.305
30,154,2,2.967,5.584,11.683
30,154,3,45.55,88.801,70.088
30,154,4,55.31,98.298,90.06
30,154,5,5.883,5.699,13.082
30,155,1,50.217,97.731,84.288
30,155,2,2.295,4.445,11.753
30,155,3,46.443,90.419,64.956
30,155,4,53.992,97.857,84.628
30,155,5,4.57,4.549,13.944
30,156,1,58.682,97.942,91.028
30,156,2,2.952,4.771,10.101
30,156,3,53.826,90.094,74.414
30,156,4,63.538,98.373,91.984
30,156,5,5.031,4.871,11.096
30,157,1,54.831,98.895,81.557
30,157,2,2.49,4.393,6.848
30,157,3,50.735,91.669,70.292
30,157,4,58.927,99.069,92.821
30,157,5,4.541,4.442,8.397
30,158,1,54.245,99.061,84.991
30,158,2,2.446,4.353,6.807
30,158,3,50.221,91.9,73.795
30,158,4,58.268,99.206,96.187
30,158,5,4.509,4.395,8.009
30,159,1,55.687,98.307,93.663
30,159,2,2.958,5.044,10.597
30,159,3,50.821,90.011,76.233
30,159,4,60.553,98.503,94.054
30,159,5,5.312,5.131,11.314
30,160,1,55.529,99.096,83.306
30,160,2,2.444,3.988,0.979
30,160,3,51.51,92.537,81.695
30,160,4,59.548,99.167,84.916
30,160,5,4.401,4.024,1.175
30,161,1,51.482,98.272,81.007
30,161,2,2.924,5.39,11.382
30,161,3,46.672,89.407,62.284
30,161,4,56.293,98.45,99.729
30,161,5,5.68,5.484,14.051
30,162,1,56.524,97.372,89.32
30,162,2,2.933,4.914,10.517
30,162,3,51.7,89.289,72.021
30,162,4,61.349,97.837,90.31
30,162,5,5.189,5.047,11.775
30,163,1,51.336,99.296,88.564
30,163,2,2.568,4.831,7.791
30,163,3,47.111,91.349,75.748
30,163,4,55.561,99.559,89.793
30,163,5,5.003,4.866,8.798
30,164,1,57.422,97.139,83.394
30,164,2,2.478,4.17,6.703
30,164,3,53.345,90.279,72.368
30,164,4,61.499,97.442,94.419
30,164,5,4.316,4.293,8.038
30,165,1,56.585,97.792,85.136
30,165,2,2.935,4.917,10.449
30,165,3,51.757,89.704,67.948
30,165,4,61.413,98.162,86.152
30,165,5,5.188,5.028,12.273
30,166,1,55.813,97.63,80.056
30,166,2,2.937,4.988,10.668
30,166,3,50.981,89.426,62.509
30,166,4,60.645,97.996,97.604
30,166,5,5.263,5.109,13.326
30,167,1,53.609,98.069,81.853
30,167,2,2.918,5.162,10.951
30,167,3,48.809,89.579,63.841
30,167,4,58.409,98.346,99.866
30,167,5,5.444,5.263,13.379
30,168,1,56.719,97.897,86.201
30,168,2,2.925,4.888,10.415
30,168,3,51.908,89.857,69.07
30,168,4,61.53,98.175,86.948
30,168,5,5.157,4.993,12.082
30,169,1,53.213,98.034,79.931
30,169,2,2.915,5.194,11.052
30,169,3,48.418,89.49,61.752
30,169,4,58.008,98.26,98.111
30,169,5,5.478,5.298,13.827
30,170,1,52.52,98.371,92.115
30,170,2,2.932,5.298,11.151
30,170,3,47.698,89.657,73.774
30,170,4,57.342,98.68,92.835
30,170,5,5.582,5.385,12.106
30,171,1,54.153,97.893,86.818
30,171,2,2.584,4.618,7.472
30,171,3,49.903,90.298,74.527
30,171,4,58.403,98.355,99.109
30,171,5,4.771,4.717,8.607
30,172,1,55.246,97.735,81.26
30,172,2,2.915,5,10.678
30,172,3,50.451,89.511,63.696
30,172,4,60.042,97.992,98.824
30,172,5,5.277,5.116,13.14
30,173,1,54.582,97.792,73.739
30,173,2,2.907,5.047,10.832
30,173,3,49.8,89.491,55.922
30,173,4,59.364,97.951,91.557
30,173,5,5.327,5.161,14.69
30,174,1,47.424,99.766,76.995
30,174,2,1.554,3.529,8.444
30,174,3,44.868,93.962,63.107
30,174,4,49.98,99.805,90.884
30,174,5,3.276,3.537,10.966
30,175,1,54.662,98.623,79.032
30,175,2,2.675,4.719,1.9
30,175,3,50.262,90.861,75.907
30,175,4,59.063,98.718,82.157
30,175,5,4.894,4.785,2.404
30,176,1,60.271,97.886,84.021
30,176,2,2.934,4.614,9.877
30,176,3,55.445,90.296,67.775
30,176,4,65.096,98.357,85.423
30,176,5,4.868,4.714,11.756
30,177,1,58.39,96.898,76.923
30,177,2,2.532,4.195,6.83
30,177,3,54.225,89.998,65.689
30,177,4,62.554,97.297,88.156
30,177,5,4.336,4.329,8.879
30,178,1,55.939,97.895,74.416
30,178,2,2.935,4.975,6.939
30,178,3,51.111,89.712,63.002
30,178,4,60.767,98.185,85.829
30,178,5,5.247,5.082,9.324
30,179,1,59.308,97.726,78.131
30,179,2,2.916,4.657,9.981
30,179,3,54.512,90.066,61.714
30,179,4,64.105,98.236,94.549
30,179,5,4.917,4.766,12.775
30,180,1,51.079,98.336,96.153
30,180,2,2.933,5.449,11.432
30,180,3,46.255,89.373,77.35
30,180,4,55.903,98.641,96.633
30,180,5,5.742,5.541,11.889
30,181,1,61.242,100,100
30,181,2,2.215,2.957,0.736
30,181,3,57.598,95.137,98.789
30,181,4,64.886,100,100
30,181,5,3.617,2.957,0.736
30,182,1,57.616,96.864,73.052
30,182,2,2.933,4.817,10.392
30,182,3,52.791,88.941,55.959
30,182,4,62.441,97.166,90.146
30,182,5,5.091,4.973,14.225
30,183,1,54.698,97.653,89.95
30,183,2,1.724,2.851,2.644
30,183,3,51.861,92.963,85.6
30,183,4,57.534,97.806,94.299
30,183,5,3.153,2.92,2.94
30,184,1,53.582,97.826,93.259
30,184,2,2.945,5.213,11.014
30,184,3,48.738,89.252,75.143
30,184,4,58.427,98.235,94.013
30,184,5,5.497,5.328,11.81
30,185,1,59.279,97.514,80.439
30,185,2,2.92,4.665,10.054
30,185,3,54.476,89.841,63.901
30,185,4,64.082,97.999,96.976
30,185,5,4.926,4.784,12.499
30,186,1,57.555,97.729,79.536
30,186,2,2.913,4.794,10.26
30,186,3,52.764,89.844,62.659
30,186,4,62.346,98.131,96.412
30,186,5,5.061,4.905,12.9
30,187,1,56.223,98.022,89.703
30,187,2,2.929,4.94,10.517
30,187,3,51.405,89.896,72.404
30,187,4,61.041,98.45,90.748
30,187,5,5.21,5.04,11.724
30,188,1,56.771,97.388,78.991
30,188,2,2.92,4.87,10.447
30,188,3,51.967,89.377,61.807
30,188,4,61.574,97.679,96.174
30,188,5,5.144,5.001,13.225
30,189,1,53.909,98.898,62.057
30,189,2,2.607,4.703,8.099
30,189,3,49.621,91.162,48.735
30,189,4,58.198,98.963,75.378
30,189,5,4.836,4.755,13.051
30,190,1,54.753,98.801,93.392
30,190,2,2.978,5.171,10.682
30,190,3,49.855,90.295,75.822
30,190,4,59.652,99.268,94.63
30,190,5,5.439,5.234,11.437
30,191,1,58.481,96.793,71.675
30,191,2,2.474,4.097,6.399
30,191,3,54.411,90.054,61.149
30,191,4,62.55,97.03,82.201
30,191,5,4.23,4.233,8.928
30,192,1,54.881,97.936,79.295
30,192,2,2.92,5.043,10.725
30,192,3,50.079,89.641,61.654
30,192,4,59.684,98.175,96.936
30,192,5,5.32,5.149,13.525
30,193,1,53.722,96.31,49.463
30,193,2,0.828,1.5,1.76
30,193,3,52.36,93.844,46.569
30,193,4,55.085,98.777,52.357
30,193,5,1.542,1.557,3.557
30,194,1,60.244,98.027,76.907
30,194,2,2.925,4.603,9.871
30,194,3,55.432,90.455,60.671
30,194,4,65.055,98.328,93.143
30,194,5,4.856,4.696,12.835
30,195,1,43.442,100,82.288
30,195,2,0.315,2.357,1.537
30,195,3,42.924,96.124,79.76
30,195,4,43.959,100,84.815
30,195,5,0.724,2.357,1.867
30,196,1,53.192,97.576,72.369
30,196,2,2.92,5.2,11.107
30,196,3,48.389,89.023,54.1
30,196,4,57.994,97.856,90.639
30,196,5,5.489,5.329,15.348
30,197,1,51.243,98.358,90.552
30,197,2,2.937,5.44,11.409
30,197,3,46.412,89.41,71.786
30,197,4,56.073,98.65,91.293
30,197,5,5.731,5.53,12.599
30,198,1,50.127,98.166,100
30,198,2,2.945,5.576,11.535
30,198,3,45.283,88.994,81.027
30,198,4,54.972,98.568,100
30,198,5,5.876,5.68,11.535
30,199,1,59.439,97.685,85.795
30,199,2,2.931,4.673,9.964
30,199,3,54.617,89.999,69.406
30,199,4,64.261,98.009,86.639
30,199,5,4.932,4.783,11.614
30,200,1,55.166,97.334,78.603
30,200,2,2.935,5.04,10.782
30,200,3,50.338,89.044,60.869
30,200,4,59.995,97.676,96.337
30,200,5,5.321,5.178,13.716
30,201,1,52.518,98.723,89.034
30,201,2,2.423,4.5,6.799
30,201,3,48.533,91.321,77.85
30,201,4,56.504,98.857,89.443
30,201,5,4.614,4.558,7.637
30,202,1,51.595,98.339,95.525
30,202,2,2.934,5.397,11.329
30,202,3,46.769,89.461,76.891
30,202,4,56.42,98.611,95.989
30,202,5,5.686,5.488,11.859
30,203,1,51.487,98.156,94.811
30,203,2,2.931,5.401,11.36
30,203,3,46.665,89.272,76.126
30,203,4,56.309,98.438,95.302
30,203,5,5.693,5.503,11.982
30,204,1,54.94,97.418,70.013
30,204,2,2.917,5.027,10.792
30,204,3,50.142,89.149,52.263
30,204,4,59.738,97.602,87.764
30,204,5,5.309,5.16,15.414
30,205,1,55.942,98.125,64.169
30,205,2,2.901,4.915,10.606
30,205,3,51.171,90.04,46.724
30,205,4,60.713,98.357,81.614
30,205,5,5.185,5.009,16.528
30,206,1,56.027,97.251,63.502
30,206,2,2.913,4.922,10.631
30,206,3,51.234,89.155,46.016
30,206,4,60.819,97.48,80.988
30,206,5,5.2,5.061,16.741
30,207,1,56.771,97.598,66.509
30,207,2,2.907,4.849,10.457
30,207,3,51.99,89.623,49.308
30,207,4,61.552,97.773,83.709
30,207,5,5.12,4.968,15.723
30,208,1,52.754,97.534,67.153
30,208,2,2.93,5.262,11.226
30,208,3,47.935,88.878,48.689
30,208,4,57.573,97.78,85.618
30,208,5,5.554,5.395,16.717
30,209,1,52.629,99.002,86.641
30,209,2,2.495,4.598,7.249
30,209,3,48.525,91.44,74.718
30,209,4,56.732,99.199,98.565
30,209,5,4.74,4.644,8.367
30,210,1,55.12,98.314,85.657
30,210,2,2.926,5.036,10.686
30,210,3,50.308,90.031,68.08
30,210,4,59.932,98.5,86.224
30,210,5,5.308,5.122,12.475
30,211,1,55.186,97.658,69.776
30,211,2,2.909,4.993,10.721
30,211,3,50.401,89.446,52.141
30,211,4,59.971,97.866,87.411
30,211,5,5.271,5.112,15.365
30,212,1,51.673,98.167,95.329
30,212,2,2.931,5.382,11.37
30,212,3,46.852,89.315,76.627
30,212,4,56.495,98.464,95.819
30,212,5,5.673,5.482,11.927
31,0,1,65.354,98.053,61.035
31,0,2,0.627,0.185,0.951
31,0,3,64.323,97.749,59.47
31,0,4,66.384,98.358,62.6
31,0,5,0.959,0.189,1.559
31,1,1,59.643,98.328,72.719
31,1,2,3.064,4.896,10.094
31,1,3,54.603,90.275,56.116
31,1,4,64.683,98.679,89.322
31,1,5,5.138,4.979,13.881
31,2,1,63.036,98.054,58.896
31,2,2,3.054,4.617,9.588
31,2,3,58.012,90.46,43.125
31,2,4,68.059,98.291,74.668
31,2,5,4.845,4.709,16.28
31,3,1,73.959,99.368,90.049
31,3,2,1.844,2.202,3.058
31,3,3,70.925,95.745,85.02
31,3,4,76.993,99.511,95.078
31,3,5,2.494,2.216,3.395
31,4,1,63.179,98.646,58.621
31,4,2,2.712,4.176,6.446
31,4,3,58.719,91.777,48.019
31,4,4,67.639,98.952,69.223
31,4,5,4.292,4.233,10.995
31,5,1,64.714,98.37,81.756
31,5,2,3.053,4.496,9.392
31,5,3,59.692,90.974,66.308
31,5,4,69.736,98.9,97.204
31,5,5,4.718,4.571,11.487
31,6,1,63.295,98.73,80.013
31,6,2,3.056,4.601,9.503
31,6,3,58.268,91.163,64.382
31,6,4,68.323,98.982,95.644
31,6,5,4.829,4.66,11.877
31,7,1,65.614,98.27,73.375
31,7,2,3.052,4.434,9.16
31,7,3,60.593,90.978,58.307
31,7,4,70.635,98.589,88.442
31,7,5,4.652,4.512,12.484
31,8,1,59.02,98.917,93.762
31,8,2,3.055,4.931,10.21
31,8,3,53.995,90.806,76.969
31,8,4,64.045,99.262,94.672
31,8,5,5.176,4.985,10.889
31,9,1,59.448,98.546,96.333
31,9,2,3.043,4.876,7.007
31,9,3,54.443,90.526,84.808
31,9,4,64.454,98.922,96.962
31,9,5,5.119,4.948,7.274
31,10,1,72.768,98.327,100
31,10,2,2.791,3.735,5.895
31,10,3,68.177,92.184,90.304
31,10,4,77.36,98.82,100
31,10,5,3.836,3.798,5.895
31,11,1,74.623,98.71,86.103
31,11,2,2.651,3.455,5.417
31,11,3,70.263,93.026,77.194
31,11,4,78.983,98.959,95.013
31,11,5,3.552,3.5,6.291
31,12,1,62.556,99.106,96.86
31,12,2,2.725,4.235,6.701
31,12,3,58.074,92.139,85.838
31,12,4,67.037,99.414,97.489
31,12,5,4.355,4.273,6.918
31,13,1,61.863,97.704,61.044
31,13,2,3.059,4.714,9.847
31,13,3,56.831,89.95,44.846
31,13,4,66.896,97.963,77.241
31,13,5,4.945,4.825,16.132
31,14,1,64.158,98.496,89.189
31,14,2,3.043,4.518,9.399
31,14,3,59.153,91.065,73.729
31,14,4,69.162,99.07,90.943
31,14,5,4.742,4.587,10.539
31,15,1,65.14,98.806,76.152
31,15,2,2.684,3.995,6.285
31,15,3,60.726,92.234,65.815
31,15,4,69.554,99.106,86.49
31,15,5,4.12,4.044,8.253
31,16,1,80.088,98.892,95.465
31,16,2,3.322,3.981,7.795
31,16,3,74.624,92.343,82.644
31,16,4,85.552,99.239,96.228
31,16,5,4.148,4.026,8.165
31,17,1,58.657,98.643,96.178
31,17,2,3.045,4.945,10.323
31,17,3,53.648,90.509,79.199
31,17,4,63.666,99.015,96.841
31,17,5,5.192,5.013,10.733
31,18,1,63.587,98.322,81.813
31,18,2,2.711,4.129,6.604
31,18,3,59.128,91.531,70.95
31,18,4,68.045,98.78,92.676
31,18,5,4.263,4.199,8.072
31,19,1,61.555,99.008,85.248
31,19,2,2.485,3.92,5.086
31,19,3,57.468,92.561,76.883
31,19,4,65.642,99.129,93.614
31,19,5,4.036,3.959,5.966
31,20,1,65.056,98.329,72.856
31,20,2,3.054,4.473,9.222
31,20,3,60.033,90.971,57.687
31,20,4,70.08,98.723,88.025
31,20,5,4.694,4.549,12.658
31,21,1,61.003,98.837,88.433
31,21,2,3.054,4.769,9.856
31,21,3,55.98,90.992,72.221
31,21,4,66.027,99.089,89.29
31,21,5,5.006,4.825,11.145
31,22,1,69.787,98.87,100
31,22,2,3.107,4.25,8.696
31,22,3,64.676,91.879,85.696
31,22,4,74.898,99.196,100
31,22,5,4.453,4.299,8.696
31,23,1,65.893,98.473,72.78
31,23,2,3.064,4.433,9.105
31,23,3,60.853,91.182,57.804
31,23,4,70.934,98.832,87.757
31,23,5,4.65,4.501,12.51
31,24,1,84.376,98.419,99.096
31,24,2,2.989,3.468,5.179
31,24,3,79.459,92.714,90.577
31,24,4,89.293,98.817,99.388
31,24,5,3.543,3.524,5.226
31,25,1,68.664,98.819,88.514
31,25,2,3.091,4.295,8.796
31,25,3,63.579,91.754,74.046
31,25,4,73.749,99.109,89.496
31,25,5,4.502,4.347,9.937
31,26,1,60.953,98.458,74.123
31,26,2,3.055,4.775,9.867
31,26,3,55.929,90.605,57.892
31,26,4,65.978,98.879,90.353
31,26,5,5.011,4.849,13.312
31,27,1,62.438,98.509,70.607
31,27,2,3.061,4.671,9.648
31,27,3,57.403,90.826,54.737
31,27,4,67.472,98.791,86.477
31,27,5,4.902,4.742,13.665
31,28,1,72.524,98.619,69.059
31,28,2,3.145,4.143,5.827
31,28,3,67.351,91.804,59.474
31,28,4,77.697,99.031,78.644
31,28,5,4.336,4.201,8.438
31,29,1,69.171,95.909,78.997
31,29,2,1.027,2.471,0.849
31,29,3,67.481,91.844,77.601
31,29,4,70.86,99.974,80.393
31,29,5,1.485,2.577,1.074
31,30,1,67.588,98.999,94.4
31,30,2,2.704,3.892,6.175
31,30,3,63.141,92.598,84.243
31,30,4,72.035,99.312,95.212
31,30,5,4,3.931,6.541
31,31,1,59.507,98.843,91.325
31,31,2,3.061,4.9,10.115
31,31,3,54.473,90.783,74.687
31,31,4,64.542,99.25,92.577
31,31,5,5.143,4.958,11.076
31,32,1,68.028,97.917,91.937
31,32,2,2.581,3.686,5.79
31,32,3,63.783,91.854,82.414
31,32,4,72.273,98.16,92.434
31,32,5,3.794,3.764,6.297
31,33,1,64.58,98.511,73.119
31,33,2,3.051,4.502,9.294
31,33,3,59.561,91.106,57.832
31,33,4,69.599,98.695,88.407
31,33,5,4.725,4.57,12.711
31,34,1,60.43,98.446,84.01
31,34,2,3.037,4.786,10.009
31,34,3,55.434,90.574,67.546
31,34,4,65.425,98.782,85.175
31,34,5,5.026,4.862,11.914
31,35,1,64.099,98.669,74.699
31,35,2,2.656,4.033,6.342
31,35,3,59.731,92.036,64.267
31,35,4,68.468,98.969,85.13
31,35,5,4.143,4.087,8.49
31,36,1,64.651,98.313,85.241
31,36,2,3.048,4.492,9.341
31,36,3,59.639,90.925,69.877
31,36,4,69.664,98.62,86.21
31,36,5,4.714,4.569,10.958
31,37,1,68.363,98.464,83.669
31,37,2,3.079,4.296,8.811
31,37,3,63.298,91.398,69.176
31,37,4,73.427,98.809,98.162
31,37,5,4.504,4.363,10.531
31,38,1,68.601,98.734,58.565
31,38,2,2.516,3.577,5.358
31,38,3,64.462,92.85,49.752
31,38,4,72.741,98.864,67.378
31,38,5,3.668,3.623,9.149
31,39,1,66.378,98.294,73.698
31,39,2,3.056,4.389,9.056
31,39,3,61.351,91.076,58.802
31,39,4,71.406,98.702,88.594
31,39,5,4.604,4.465,12.288
31,40,1,65.679,98.582,70.073
31,40,2,3.059,4.439,9.113
31,40,3,60.648,91.28,55.083
31,40,4,70.711,98.736,85.063
31,40,5,4.657,4.503,13.005
31,41,1,68.795,97.385,55.064
31,41,2,2.014,2.971,4.623
31,41,3,65.482,92.498,47.46
31,41,4,72.108,97.481,62.668
31,41,5,2.928,3.051,8.395
31,42,1,58.766,98.84,89.581
31,42,2,3.043,4.931,10.222
31,42,3,53.761,90.729,72.768
31,42,4,63.771,99.155,90.615
31,42,5,5.178,4.989,11.411
31,43,1,68.884,98.646,86.449
31,43,2,3.095,4.287,8.735
31,43,3,63.794,91.595,72.081
31,43,4,73.975,99.047,87.861
31,43,5,4.493,4.345,10.104
31,44,1,63.357,98.453,76.533
31,44,2,3.047,4.582,9.462
31,44,3,58.345,90.917,60.969
31,44,4,68.369,98.763,92.098
31,44,5,4.809,4.654,12.364
31,45,1,67.396,98.396,72.168
31,45,2,2.711,3.9,6.24
31,45,3,62.936,91.981,61.904
31,45,4,71.855,98.873,82.433
31,45,5,4.023,3.964,8.647
31,46,1,72.537,98.57,94.123
31,46,2,3.148,4.148,8.463
31,46,3,67.359,91.746,80.202
31,46,4,77.715,98.973,95.004
31,46,5,4.34,4.208,8.992
31,47,1,70.727,98.585,90.033
31,47,2,3.108,4.195,8.61
31,47,3,65.616,91.686,75.871
31,47,4,75.839,98.895,90.914
31,47,5,4.394,4.255,9.563
31,48,1,64.391,98.117,67.464
31,48,2,2.291,2.991,6.231
31,48,3,60.622,93.197,57.214
31,48,4,68.16,98.313,77.714
31,48,5,3.558,3.048,9.237
31,49,1,83.573,99.118,100
31,49,2,3.458,3.983,7.509
31,49,3,77.884,92.567,87.649
31,49,4,89.261,99.397,100
31,49,5,4.138,4.019,7.509
31,50,1,64.571,97.689,47.349
31,50,2,0.855,1.343,1.436
31,50,3,63.164,95.48,44.987
31,50,4,65.978,99.898,49.711
31,50,5,1.325,1.375,3.033
31,51,1,62.138,98.816,66.793
31,51,2,2.738,4.288,6.705
31,51,3,57.634,91.764,55.765
31,51,4,66.642,99.184,77.821
31,51,5,4.407,4.339,10.038
31,52,1,61.904,98.432,67.402
31,52,2,3.042,4.681,9.655
31,52,3,56.9,90.733,51.52
31,52,4,66.908,98.577,83.284
31,52,5,4.914,4.755,14.325
31,53,1,64.813,98.375,74.031
31,53,2,3.046,4.478,9.291
31,53,3,59.802,91.009,58.749
31,53,4,69.823,98.61,89.313
31,53,5,4.7,4.552,12.55
31,54,1,60.235,98.293,83.137
31,54,2,3.032,4.794,10.021
31,54,3,55.247,90.408,66.654
31,54,4,65.222,98.787,99.621
31,54,5,5.034,4.877,12.054
31,55,1,66.817,99.596,77.248
31,55,2,1.657,1.845,2.94
31,55,3,64.092,96.561,72.412
31,55,4,69.542,99.741,82.083
31,55,5,2.479,1.853,3.806
31,56,1,62.921,98.591,82.107
31,56,2,3.041,4.604,9.557
31,56,3,57.919,91.019,66.388
31,56,4,67.923,98.74,97.826
31,56,5,4.833,4.669,11.639
31,57,1,60.594,98.698,82.225
31,57,2,3.043,4.784,9.936
31,57,3,55.588,90.83,65.881
31,57,4,65.6,98.977,98.569
31,57,5,5.023,4.847,12.084
31,58,1,60.042,98.388,92.077
31,58,2,2.551,4.136,10.097
31,58,3,55.847,91.584,75.469
31,58,4,64.237,98.574,92.505
31,58,5,4.248,4.204,10.966
31,59,1,67.818,97.424,66.193
31,59,2,2.116,3.108,3.627
31,59,3,64.338,92.312,60.228
31,59,4,71.298,97.56,72.158
31,59,5,3.12,3.19,5.479
31,60,1,65.679,99.07,100
31,60,2,3.103,4.507,8.959
31,60,3,60.576,91.656,85.264
31,60,4,70.783,99.588,100
31,60,5,4.724,4.549,8.959
31,61,1,66.157,98.503,61.805
31,61,2,3.083,4.444,9.128
31,61,3,61.086,91.194,46.791
31,61,4,71.229,98.894,76.819
31,61,5,4.66,4.511,14.769
31,62,1,65.422,98.55,81.732
31,62,2,3.067,4.469,9.181
31,62,3,60.377,91.199,66.631
31,62,4,70.468,98.905,96.833
31,62,5,4.689,4.535,11.233
31,63,1,63.427,98.309,74.105
31,63,2,3.046,4.576,9.496
31,63,3,58.416,90.783,58.485
31,63,4,68.437,98.677,89.725
31,63,5,4.803,4.654,12.815
31,64,1,59.527,98.874,87.489
31,64,2,3.042,4.866,10.106
31,64,3,54.524,90.87,70.866
31,64,4,64.53,99.372,89.463
31,64,5,5.11,4.921,11.551
31,65,1,67.018,98.319,64.039
31,65,2,3.084,4.389,9.001
31,65,3,61.945,91.099,49.234
31,65,4,72.092,98.862,78.845
31,65,5,4.602,4.464,14.056
31,66,1,63.846,99.532,81.532
31,66,2,1.728,2.673,2.463
31,66,3,61.003,95.135,77.48
31,66,4,66.688,99.731,85.583
31,66,5,2.707,2.686,3.021
31,67,1,62.675,98.237,88.499
31,67,2,3.05,4.637,6.423
31,67,3,57.658,90.61,77.935
31,67,4,67.691,98.524,99.064
31,67,5,4.866,4.72,7.257
31,68,1,60.886,98.744,81.417
31,68,2,3.081,4.823,9.933
31,68,3,55.818,90.811,65.079
31,68,4,65.954,99.14,97.755
31,68,5,5.06,4.885,12.2
31,69,1,63.392,98.655,89.587
31,69,2,3.049,4.583,9.49
31,69,3,58.376,91.116,73.977
31,69,4,68.408,98.921,90.376
31,69,5,4.81,4.646,10.593
31,70,1,61.129,98.635,82.169
31,70,2,3.047,4.748,9.868
31,70,3,56.118,90.826,65.938
31,70,4,66.14,99.02,98.4
31,70,5,4.984,4.813,12.009
31,71,1,61.974,99.054,86.985
31,71,2,3.077,4.732,9.673
31,71,3,56.913,91.271,71.073
31,71,4,67.035,99.479,88.875
31,71,5,4.965,4.777,11.121
31,72,1,59.896,98.853,86.598
31,72,2,3.083,4.906,10.027
31,72,3,54.826,90.784,70.105
31,72,4,64.967,99.325,88.489
31,72,5,5.147,4.963,11.579
31,73,1,83.156,99.066,100
31,73,2,3.426,3.964,7.496
31,73,3,77.52,92.547,87.671
31,73,4,88.792,99.319,100
31,73,5,4.121,4.001,7.496
31,74,1,60.774,98.351,85.954
31,74,2,3.051,4.782,9.964
31,74,3,55.756,90.485,69.564
31,74,4,65.792,98.781,87.328
31,74,5,5.02,4.862,11.592
31,75,1,78.557,98.787,95.843
31,75,2,3.296,4.025,7.978
31,75,3,73.136,92.167,82.719
31,75,4,83.978,99.046,96.346
31,75,5,4.196,4.074,8.324
31,76,1,64.825,98.25,72.709
31,76,2,2.584,3.861,5.992
31,76,3,60.575,91.899,62.853
31,76,4,69.075,98.466,82.564
31,76,5,3.986,3.93,8.241
31,77,1,67.107,98.614,94.18
31,77,2,3.076,4.372,9.025
31,77,3,62.047,91.423,79.335
31,77,4,72.167,99.055,95.166
31,77,5,4.584,4.433,9.583
31,78,1,62.088,98.633,86.78
31,78,2,3.052,4.683,9.722
31,78,3,57.069,90.931,70.789
31,78,4,67.108,99.023,88.119
31,78,5,4.915,4.748,11.203
31,79,1,67.47,98.773,70.103
31,79,2,1.989,2.865,4.086
31,79,3,64.198,94.061,63.382
31,79,4,70.741,98.888,76.824
31,79,5,2.948,2.9,5.829
31,80,1,75.82,98.459,87.092
31,80,2,3.174,4.004,8.112
31,80,3,70.599,91.873,73.749
31,80,4,81.04,98.696,87.813
31,80,5,4.186,4.067,9.314
31,81,1,66.248,98.756,95.106
31,81,2,3.066,4.412,9.145
31,81,3,61.204,91.499,80.065
31,81,4,71.291,99.147,95.947
31,81,5,4.628,4.468,9.615
31,82,1,60.184,98.538,82.752
31,82,2,3.06,4.845,10.025
31,82,3,55.15,90.569,66.262
31,82,4,65.217,98.953,99.242
31,82,5,5.085,4.917,12.115
31,83,1,71.13,98.93,69.323
31,83,2,3.157,4.241,8.518
31,83,3,65.937,91.954,55.312
31,83,4,76.323,99.354,83.333
31,83,5,4.438,4.287,12.287
31,84,1,59.858,99.242,68.716
31,84,2,2.684,4.359,6.745
31,84,3,55.444,92.071,57.621
31,84,4,64.273,99.459,79.811
31,84,5,4.484,4.393,9.816
31,85,1,70.496,97.996,87.63
31,85,2,1.752,2.898,6.085
31,85,3,67.614,93.229,77.621
31,85,4,73.379,98.231,97.64
31,85,5,2.486,2.957,6.944
31,86,1,63.685,98.774,91.851
31,86,2,3.08,4.612,9.482
31,86,3,58.618,91.189,76.255
31,86,4,68.751,99.236,93.2
31,86,5,4.837,4.669,10.323
31,87,1,63.382,98.575,74.472
31,87,2,3.049,4.582,9.444
31,87,3,58.367,91.038,58.938
31,87,4,68.397,98.919,90.005
31,87,5,4.81,4.649,12.681
31,88,1,57.839,99.981,100
31,88,2,2.76,4.629,9.938
31,88,3,53.299,92.366,83.653
31,88,4,62.379,99.999,100
31,88,5,4.772,4.63,9.938
31,89,1,67.577,99.299,78.057
31,89,2,2.401,3.153,4.271
31,89,3,63.628,94.112,71.031
31,89,4,71.525,99.388,85.083
31,89,5,3.552,3.175,5.472
31,90,1,61.341,98.078,69.841
31,90,2,3.063,4.759,9.883
31,90,3,56.303,90.25,53.584
31,90,4,66.379,98.426,86.098
31,90,5,4.993,4.852,14.151
31,91,1,67.565,98.669,81.019
31,91,2,2.614,3.767,5.851
31,91,3,63.266,92.472,71.394
31,91,4,71.864,98.888,90.643
31,91,5,3.868,3.818,7.222
31,92,1,64.265,98.845,94.028
31,92,2,3.056,4.531,9.388
31,92,3,59.239,91.393,78.586
31,92,4,69.291,99.11,94.671
31,92,5,4.755,4.584,9.984
31,93,1,64.358,97.376,57.057
31,93,2,1.592,3.014,6.275
31,93,3,61.74,92.419,46.735
31,93,4,66.976,97.635,67.378
31,93,5,2.473,3.095,10.998
31,94,1,66.384,98.673,85.954
31,94,2,3.057,4.389,9.072
31,94,3,61.355,91.454,71.033
31,94,4,71.412,99.002,87.123
31,94,5,4.605,4.448,10.554
31,95,1,63.813,98.559,52.055
31,95,2,2.66,4.038,6.404
31,95,3,59.438,91.917,41.521
31,95,4,68.189,98.884,62.588
31,95,5,4.168,4.097,12.302
31,96,1,63.16,98.189,71.092
31,96,2,2.202,3.296,4.191
31,96,3,59.537,92.767,64.199
31,96,4,66.783,98.298,77.986
31,96,5,3.487,3.357,5.895
31,97,1,62.144,99.066,93.998
31,97,2,3.067,4.703,9.701
31,97,3,57.099,91.329,78.041
31,97,4,67.189,99.388,94.907
31,97,5,4.935,4.748,10.321
31,98,1,66.128,98.667,86.26
31,98,2,3.056,4.405,9.104
31,98,3,61.101,91.422,71.285
31,98,4,71.155,98.872,86.955
31,98,5,4.622,4.464,10.555
31,99,1,67.862,98.547,89.891
31,99,2,3.066,4.308,8.899
31,99,3,62.819,91.461,75.253
31,99,4,72.906,98.927,90.982
31,99,5,4.518,4.372,9.9
31,100,1,62.037,98.216,71.907
31,100,2,3.051,4.686,9.755
31,100,3,57.018,90.508,55.861
31,100,4,67.056,98.655,87.952
31,100,5,4.919,4.771,13.566
31,101,1,68.278,98.27,46.527
31,101,2,2.615,3.712,3.796
31,101,3,63.977,92.164,40.282
31,101,4,72.579,98.379,52.771
31,101,5,3.83,3.778,8.159
31,102,1,68.143,98.552,63.294
31,102,2,1.916,2.622,4.249
31,102,3,64.992,94.239,56.304
31,102,4,71.294,98.643,70.283
31,102,5,2.811,2.661,6.713
31,103,1,63.369,98.654,79.54
31,103,2,3.056,4.595,9.45
31,103,3,58.343,91.097,63.996
31,103,4,68.395,99.059,95.084
31,103,5,4.822,4.657,11.881
31,104,1,64.175,100,86.457
31,104,2,2.307,2.916,7.114
31,104,3,60.38,95.204,74.756
31,104,4,67.97,100,98.158
31,104,5,3.595,2.916,8.228
31,105,1,63.544,98.261,77.988
31,105,2,3.035,4.55,9.487
31,105,3,58.552,90.778,62.384
31,105,4,68.537,98.728,93.592
31,105,5,4.777,4.63,12.164
31,106,1,60.058,98.721,81.801
31,106,2,3.055,4.846,10.091
31,106,3,55.033,90.749,65.203
31,106,4,65.084,99.196,98.399
31,106,5,5.087,4.909,12.336
32,0,1,55.183,96.631,60.34
32,0,2,0.769,0.354,1.196
32,0,3,53.918,96.049,58.373
32,0,4,56.448,97.212,62.306
32,0,5,1.393,0.366,1.981
32,1,1,54.285,98.75,77.895
32,1,2,2.565,4.574,7.367
32,1,3,50.067,91.227,65.777
32,1,4,58.504,99.071,90.012
32,1,5,4.725,4.631,9.457
32,2,1,53.314,100,83.149
32,2,2,2.254,3.557,1.117
32,2,3,49.607,94.148,81.311
32,2,4,57.022,100,84.986
32,2,5,4.228,3.557,1.344
32,3,1,51.615,99.086,91.965
32,3,2,2.968,5.464,11.264
32,3,3,46.733,90.098,73.437
32,3,4,56.497,99.494,93.388
32,3,5,5.75,5.514,12.248
32,4,1,57.053,98.773,85.992
32,4,2,2.939,4.886,10.287
32,4,3,52.219,90.737,69.071
32,4,4,61.886,99.139,87.371
32,4,5,5.151,4.947,11.963
32,5,1,63.106,97.285,57.453
32,5,2,2.228,3.139,3.626
32,5,3,59.441,92.123,51.488
32,5,4,66.77,97.468,63.418
32,5,5,3.531,3.226,6.312
32,6,1,54.778,98.119,78.169
32,6,2,2.914,5.034,10.754
32,6,3,49.984,89.839,60.48
32,6,4,59.572,98.479,95.858
32,6,5,5.32,5.131,13.758
32,7,1,55.453,96.31,48.699
32,7,2,2.561,4.451,7.256
32,7,3,51.241,88.988,36.764
32,7,4,59.665,96.729,60.634
32,7,5,4.618,4.622,14.9
32,8,1,55.364,98.018,75.133
32,8,2,2.913,4.977,10.689
32,8,3,50.573,89.832,57.552
32,8,4,60.155,98.315,92.715
32,8,5,5.261,5.077,14.226
32,9,1,48.431,99.442,67.534
32,9,2,2.517,5.062,8.063
32,9,3,44.291,91.115,54.27
32,9,4,52.571,99.617,80.797
32,9,5,5.197,5.091,11.94
32,10,1,54.266,94.304,51.109
32,10,2,1.493,2.34,4.343
32,10,3,51.811,90.456,43.966
32,10,4,56.722,98.153,58.253
32,10,5,2.751,2.481,8.497
32,11,1,55.679,98.562,81.7
32,11,2,2.94,5.007,10.632
32,11,3,50.842,90.326,64.212
32,11,4,60.515,99.01,99.187
32,11,5,5.281,5.08,13.013
32,12,1,47.709,98.215,73.556
32,12,2,2.529,5.125,8.359
32,12,3,43.55,89.786,59.807
32,12,4,51.869,98.596,87.305
32,12,5,5.301,5.218,11.364
32,13,1,56.045,97.671,65.546
32,13,2,2.903,4.894,10.657
32,13,3,51.27,89.622,48.016
32,13,4,60.82,98.114,83.075
32,13,5,5.18,5.01,16.259
32,14,1,49.246,99.603,83.7
32,14,2,2.569,5.225,8.741
32,14,3,45.02,91.009,69.322
32,14,4,53.472,99.708,98.079
32,14,5,5.217,5.246,10.444
32,15,1,50.066,99.162,100
32,15,2,3.01,5.719,11.615
32,15,3,45.114,89.754,80.894
32,15,4,55.018,99.606,100
32,15,5,6.013,5.768,11.615
32,16,1,52.553,95.935,72.598
32,16,2,1.837,3.396,5.445
32,16,3,49.532,90.349,63.641
32,16,4,55.573,96.274,81.555
32,16,5,3.495,3.54,7.501
32,17,1,58.458,95.579,40.004
32,17,2,0.935,1.598,2.763
32,17,3,56.92,92.95,35.459
32,17,4,59.995,98.208,44.55
32,17,5,1.599,1.672,6.908
32,18,1,51.583,98.414,80.957
32,18,2,2.939,5.399,11.39
32,18,3,46.749,89.533,62.222
32,18,4,56.416,98.843,99.691
32,18,5,5.697,5.486,14.069
32,19,1,56.596,98.348,68.456
32,19,2,2.911,4.871,10.446
32,19,3,51.807,90.335,51.274
32,19,4,61.385,98.543,85.637
32,19,5,5.144,4.953,15.259
32,20,1,57.062,97.598,66.373
32,20,2,2.565,4.203,7.876
32,20,3,52.843,90.685,53.419
32,20,4,61.28,97.75,79.328
32,20,5,4.495,4.306,11.866
32,21,1,51.42,99.013,86.152
32,21,2,2.594,4.889,7.87
32,21,3,47.153,90.971,73.207
32,21,4,55.687,99.356,99.096
32,21,5,5.045,4.938,9.135
32,22,1,60.381,99.403,63.833
32,22,2,1.526,2.497,3.377
32,22,3,57.871,95.297,58.279
32,22,4,62.891,99.526,69.388
32,22,5,2.527,2.512,5.291
32,23,1,54.542,98.195,72.126
32,23,2,2.924,5.076,10.833
32,23,3,49.733,89.847,54.307
32,23,4,59.352,98.481,89.945
32,23,5,5.361,5.169,15.02
32,24,1,56.219,96.202,60.78
32,24,2,2.48,4.177,3.947
32,24,3,52.14,89.331,54.288
32,24,4,60.298,96.417,67.272
32,24,5,4.411,4.342,6.494
32,25,1,53.149,99.402,68.19
32,25,2,2.5,4.561,7.279
32,25,3,49.037,91.9,56.217
32,25,4,57.261,99.561,80.163
32,25,5,4.704,4.588,10.675
32,26,1,51.769,97.533,80.603
32,26,2,2.585,4.841,7.472
32,26,3,47.517,89.571,68.313
32,26,4,56.022,97.835,92.893
32,26,5,4.994,4.963,9.27
32,27,1,57.393,98.686,73.114
32,27,2,2.969,4.91,10.316
32,27,3,52.509,90.61,56.146
32,27,4,62.277,99.155,90.082
32,27,5,5.173,4.976,14.109
32,28,1,53.514,98.782,87.393
32,28,2,2.936,5.204,10.932
32,28,3,48.685,90.223,69.411
32,28,4,58.343,99.256,89.155
32,28,5,5.486,5.268,12.509
32,29,1,51.796,97.52,70.234
32,29,2,0.551,2.5,3.626
32,29,3,50.89,93.407,64.27
32,29,4,52.701,97.787,76.197
32,29,5,1.063,2.564,5.162
32,30,1,55.056,98.567,81.669
32,30,2,2.95,5.081,10.704
32,30,3,50.204,90.21,64.062
32,30,4,59.908,99.075,99.277
32,30,5,5.358,5.155,13.107
32,31,1,50.736,98.256,68.35
32,31,2,2.534,4.829,7.811
32,31,3,46.568,90.313,55.502
32,31,4,54.904,98.596,81.198
32,31,5,4.994,4.915,11.428
32,32,1,59.176,97.55,51.714
32,32,2,2.898,4.624,10.207
32,32,3,54.41,89.945,34.925
32,32,4,63.943,97.866,68.502
32,32,5,4.897,4.74,19.737
32,33,1,50.487,98.608,66.204
32,33,2,2.934,5.511,8.056
32,33,3,45.662,89.543,52.952
32,33,4,55.313,99.009,79.455
32,33,5,5.81,5.589,12.169
32,34,1,55.513,99.344,90.408
32,34,2,2.255,3.949,1.256
32,34,3,51.805,92.849,88.343
32,34,4,59.222,99.457,92.473
32,34,5,4.062,3.975,1.389
32,35,1,50.822,98.464,59.802
32,35,2,2.915,5.437,7.607
32,35,3,46.027,89.521,47.289
32,35,4,55.617,98.712,72.314
32,35,5,5.736,5.522,12.72
32,36,1,50.281,99.737,67.702
32,36,2,2.395,4.646,7.122
32,36,3,46.341,92.094,55.988
32,36,4,54.221,99.798,79.417
32,36,5,4.764,4.659,10.519
32,37,1,55.47,97.187,69.373
32,37,2,2.461,4.258,6.976
32,37,3,51.422,90.183,57.899
32,37,4,59.518,97.502,80.848
32,37,5,4.437,4.382,10.056
32,38,1,47.269,98.02,73.633
32,38,2,2.472,5.026,6.825
32,38,3,43.204,89.752,62.406
32,38,4,51.335,98.164,84.859
32,38,5,5.229,5.128,9.269
32,39,1,56.702,97.254,62.095
32,39,2,2.633,4.283,3.726
32,39,3,52.372,90.209,55.967
32,39,4,61.033,97.414,68.224
32,39,5,4.643,4.404,6
32,40,1,51.076,98.19,78.003
32,40,2,2.485,4.698,7.402
32,40,3,46.988,90.463,65.829
32,40,4,55.164,98.425,90.178
32,40,5,4.866,4.784,9.489
32,41,1,51.86,98.904,92.874
32,41,2,2.961,5.422,11.277
32,41,3,46.989,89.986,74.325
32,41,4,56.731,99.35,94.172
32,41,5,5.71,5.482,12.142
32,42,1,54.767,94.791,64.203
32,42,2,2.267,3.729,6.97
32,42,3,51.038,88.658,52.737
32,42,4,58.496,95.021,75.668
32,42,5,4.139,3.934,10.857
32,43,1,52.374,98.359,90.017
32,43,2,2.941,5.32,11.249
32,43,3,47.537,89.608,71.514
32,43,4,57.211,99.071,92.05
32,43,5,5.615,5.409,12.497
32,44,1,55.757,98.162,74.904
32,44,2,2.912,4.942,6.891
32,44,3,50.968,90.034,63.568
32,44,4,60.546,98.415,86.239
32,44,5,5.222,5.034,9.2
32,45,1,52.235,99.105,76.028
32,45,2,2.698,4.951,3.889
32,45,3,47.798,90.961,69.632
32,45,4,56.673,99.344,82.424
32,45,5,5.165,4.996,5.115
32,46,1,46.446,97.561,77.759
32,46,2,2.585,5.363,8.65
32,46,3,42.193,88.74,63.531
32,46,4,50.698,98.038,91.986
32,46,5,5.567,5.497,11.124
32,47,1,56.757,98.449,71.331
32,47,2,2.924,4.881,10.439
32,47,3,51.948,90.42,54.161
32,47,4,61.567,98.829,88.501
32,47,5,5.152,4.958,14.634
32,48,1,59.301,98.905,66.111
32,48,2,2.463,4.037,6.295
32,48,3,55.251,92.266,55.757
32,48,4,63.352,99.053,76.466
32,48,5,4.153,4.081,9.522
32,49,1,55.015,98.69,95.407
32,49,2,2.452,4.328,6.637
32,49,3,50.982,91.571,84.49
32,49,4,59.049,98.846,95.708
32,49,5,4.457,4.385,6.957
32,50,1,54.917,96.463,66.627
32,50,2,2.803,4.594,2.701
32,50,3,50.307,88.907,62.184
32,50,4,59.527,96.921,71.07
32,50,5,5.104,4.762,4.054
32,51,1,46.964,95.509,80.851
32,51,2,1.404,2.971,6.295
32,51,3,44.655,90.622,70.496
32,51,4,49.274,95.821,91.206
32,51,5,2.99,3.111,7.786
32,52,1,53.489,98.815,64.763
32,52,2,2.115,3.87,6.705
32,52,3,50.01,92.449,53.735
32,52,4,56.968,99.006,75.792
32,52,5,3.954,3.917,10.353
32,53,1,49.473,100,64.078
32,53,2,2.496,4.881,7.776
32,53,3,45.367,91.971,51.287
32,53,4,53.579,100,76.87
32,53,5,5.046,4.881,12.136
32,54,1,50.849,93.978,77.797
32,54,2,1.829,3.394,6.426
32,54,3,47.841,88.396,67.228
32,54,4,53.857,99.561,88.366
32,54,5,3.597,3.612,8.26
32,55,1,55.547,97.683,79.627
32,55,2,2.259,3.709,6.519
32,55,3,51.832,91.583,68.905
32,55,4,59.262,97.891,90.349
32,55,5,4.066,3.797,8.187
32,56,1,59.029,95.127,39.471
32,56,2,1.056,1.72,1.836
32,56,3,57.292,92.298,36.451
32,56,4,60.766,97.956,42.491
32,56,5,1.789,1.808,4.652
32,57,1,56,98.006,73.99
32,57,2,2.462,4.235,6.831
32,57,3,51.951,91.04,62.755
32,57,4,60.049,98.252,85.226
32,57,5,4.396,4.321,9.232
32,58,1,54.369,99.629,87.36
32,58,2,2.618,4.672,7.533
32,58,3,50.062,91.943,74.969
32,58,4,58.676,99.841,99.751
32,58,5,4.816,4.69,8.623
